run_id,repo,commit_sha,author,author_experience_commits,files_changed,lines_added,lines_deleted,test_count,test_failures,coverage,pipeline_duration_s,jobs_total,jobs_failed,trigger,created_at,day_of_week,hour,message_length,had_hotfix_keyword,prev_7d_failure_rate,prev_30d_failure_rate,flaky_tests_count,infra_alerts_count,artifact_size_mb,runner_os,cache_hit_rate,dependency_updates,security_alerts_count,success,failure_reason,churn
RUN-100000,frontend-web,bc98be76ce,dev24,70.0,7,267,107,52,1,82.29527440487327,201,4,0,Push,2025-06-01T00:00:00,Sunday,0,104,0,0.34293340655453963,0.25092303512980435,0,0,134.78072081077204,windows-latest,0.5148636305021954,1,0,1,infra_timeout,374
RUN-100001,ml-pipeline,e2eb4cb18e,dev21,13.0,4,97,19,141,1,98.53742188516377,430,7,0,Push,2025-06-01T01:00:00,Sunday,1,119,0,0.08709312285017516,0.16192732092660225,0,0,103.32159405176236,windows-latest,0.7063495208890658,1,0,1,artifact_upload_error,116
RUN-100002,ml-pipeline,ebca678c20,dev28,2.0,3,71,30,31,0,73.48506744678262,131,6,0,schedule,2025-06-01T02:00:00,Sunday,2,23,0,0.04969635439271844,0.2115377478563759,0,0,94.94258479891819,macos-latest,0.6381307678110465,0,0,1,docker_build_failed,101
RUN-100003,mobile-app,80ee165ed9,dev29,5.0,8,196,32,25,1,74.50443221591324,167,9,0,manual,2025-06-01T03:00:00,Sunday,3,8,0,0.32323126919971434,0.17569555907834886,0,0,121.89464269398118,windows-latest,0.7478337328599411,0,0,1,infra_timeout,228
RUN-100004,mobile-app,8530bffabb,dev22,97.0,4,23,254,28,1,93.32942815175413,202,19,0,push,2025-06-01T04:00:00,Sunday,4,123,0,0.16276138903940124,0.020473222961458048,1,0,142.1150065350238,windows-latest,0.5964130860335428,0,0,1,,277
RUN-100005,infra-terraform,ccc44ea744,dev12,18.0,3,320,144,38,1,68.41000970042286,116,5,1,Push,2025-06-01T05:00:00,Sunday,5,43,0,0.25264431857246966,0.152279966490659,0,1,110.2115758323929,windows-latest,0.8398338101018682,0,0,1,tests_failed,464
RUN-100006,frontend-web,507fd72d3e,dev18,13.0,10,51,215,41,1,59.10776360685383,173,19,0,push,2025-06-01T06:00:00,Sunday,6,124,0,0.19349673715825935,0.38971060341232844,0,0,61.18970125850748,macos-latest,0.5507793387428873,0,0,0,tests_failed,266
RUN-100007,ml-pipeline,d65eb0c484,dev13,118.0,3,223,14,22,0,,373,9,1,push,2025-06-01T07:00:00,Sunday,7,10,0,0.1005152571877971,0.03179358615440258,0,0,90.43958749767543,macos-latest,0.6725673322874004,0,0,0,docker_build_failed,237
RUN-100008,backend-api,7e80112362,dev19,84.0,2,83,21,8,0,87.91410030105499,114,45,1,Push,2025-06-01T08:00:00,Sunday,8,161,0,0.5307426892580991,0.12063345304275071,0,0,120.72100063247547,macos-latest,0.3558193244842405,1,0,0,infra_timeout,104
RUN-100009,frontend-web,1da8c94a0a,dev25,27.0,1,110,228,28,0,79.33256562239623,200,11,0,manual,2025-06-01T09:00:00,Sunday,9,69,0,0.3595795960762609,0.4365579651540048,0,0,149.6113463927774,ubuntu-latest,0.6239598958666528,0,0,1,docker_build_failed,338
RUN-100010,mobile-app,127277e00e,dev12,20.0,5,64,5,59,0,73.83581210943305,329,8,0,push,2025-06-01T10:00:00,Sunday,10,92,0,0.18492997165881087,0.17602620130934846,0,1,60.567049531532405,windows-latest,0.8352897959275657,0,1,1,docker_build_failed,69
RUN-100011,infra-terraform,d78cddf8de,dev16,24.0,8,124,422,49,1,57.61927952238193,112,13,0,Push,2025-06-01T11:00:00,Sunday,11,72,0,0.13661701976087945,0.2735740799097972,0,1,130.60333802486676,ubuntu-latest,0.677327812990495,0,0,1,docker_build_failed,546
RUN-100012,ml-pipeline,0e39b2f1d2,dev2,33.0,3,1185,14,116,0,74.29956905677952,431,7,1,push,2025-06-01T12:00:00,Sunday,12,86,0,0.31646820976155515,0.048815825582271585,1,1,128.84478121030753,windows-latest,0.4888601922567934,0,0,1,tests_failed,1199
RUN-100013,ml-pipeline,47d626ad13,dev23,114.0,9,681,278,213,0,89.79785911579604,210,2,0,push,2025-06-01T13:00:00,Sunday,13,108,0,0.2943207240346092,0.2723570735570189,1,0,101.93694018824053,macos-latest,0.8912196642392223,0,0,1,infra_timeout,959
RUN-100014,ml-pipeline,55898bdc90,dev15,39.0,1,219,41,82,0,60.19059502152934,178,7,2,Push,2025-06-01T14:00:00,Sunday,14,130,0,0.4273359476911113,0.07223593630577266,0,1,96.52311122995569,ubuntu-latest,0.5553558383311514,0,0,1,,260
RUN-100015,ml-pipeline,2c495d2c7c,dev14,52.0,3,144,348,135,0,72.06303391436074,49,7,0,PullRequest,2025-06-01T15:00:00,Sunday,15,139,0,0.35654985999246097,0.41339785932780687,0,0,90.54705034488188,ubuntu-latest,0.9102712873047544,0,0,1,lint_error,492
RUN-100016,mobile-app,505b50ddbb,dev16,77.0,3,375,3747,82,0,70.35018321409967,154,2,1,PullRequest,2025-06-01T16:00:00,Sunday,16,198,1,0.24260335700629435,0.11207186076448118,0,0,125.63225213461328,windows-latest,0.5267582134122831,0,0,0,tests_failed,4122
RUN-100017,frontend-web,be21199d11,dev7,,1,514,9,175,1,,259,8,0,manual,2025-06-01T17:00:00,Sunday,17,39,0,0.12419269862388795,0.37648254979952667,0,0,165.0727465099112,macos-latest,0.8133216577844657,0,0,1,,523
RUN-100018,infra-terraform,03c2413ce7,dev18,53.0,22,59,236,196,0,77.97507605422807,679,2,0,manual,2025-06-01T18:00:00,Sunday,18,174,0,0.1672693707589334,0.06179402186384388,1,0,167.91137957963878,macos-latest,0.565965769347501,0,0,1,,295
RUN-100019,mobile-app,d3c1a3366f,dev23,20.0,3,136,15,95,0,80.31966289507209,298,7,1,schedule,2025-06-01T19:00:00,Sunday,19,122,0,0.07822233244476799,0.22842594043607653,0,0,75.04078611126099,windows-latest,0.7686706761519975,1,0,0,lint_error,151
RUN-100020,mobile-app,db46bb34b4,dev11,2.0,2,20,175,78,0,80.19392285752124,440,10,1,Push,2025-06-01T20:00:00,Sunday,20,65,0,0.0936516539675723,0.33219602397049386,1,0,112.52087277324381,windows-latest,0.7673682930790289,0,0,1,,195
RUN-100021,backend-api,5f4c88d26a,dev4,3.0,3,510,87,37,1,63.2782828366185,85,9,0,push,2025-06-01T21:00:00,Sunday,21,183,0,0.2037603657512598,0.18590513930049574,0,0,32.25960790728196,ubuntu-latest,0.8023714379332939,0,0,0,infra_timeout,597
RUN-100022,frontend-web,27532cc9b5,dev12,,1,1438,126,43,0,55.24819566799581,183,6,0,Push,2025-06-01T22:00:00,Sunday,22,142,0,0.2930872825150712,0.33605046130556937,0,0,124.36737244084685,windows-latest,0.5041006209506236,1,0,1,tests_failed,1564
RUN-100023,infra-terraform,99d0ad4e3d,dev6,43.0,1,162,40,34,0,78.14866123836875,470,8,0,PullRequest,2025-06-01T23:00:00,Sunday,23,41,0,0.11559817007223044,0.07370047985952101,1,0,143.9059168052456,ubuntu-latest,0.4736873284587948,0,0,0,tests_failed,202
RUN-100024,ml-pipeline,1ea2dc51ab,dev12,30.0,7,14,259,73,0,68.92897150220819,107,5,1,manual,2025-06-02T00:00:00,Monday,0,39,0,0.2669364530115242,0.17706603424940864,1,0,182.8384474221595,ubuntu-latest,,0,0,1,,273
RUN-100025,ml-pipeline,5d6b5af182,dev19,32.0,2,289,22,25,0,97.05974855624143,393,9,0,PullRequest,2025-06-02T01:00:00,Monday,1,133,0,0.21418624614136675,0.14791537786792863,1,0,48.541704507020356,windows-latest,0.47945764827410964,1,0,1,lint_error,311
RUN-100026,mobile-app,f55b9d6380,dev4,156.0,1,54,430,38,1,97.61411635217935,334,9,0,PullRequest,2025-06-02T02:00:00,Monday,2,147,0,0.143958207550758,0.13396391056000917,0,0,76.47760312077502,ubuntu-latest,0.4025811768038601,0,0,0,tests_failed,484
RUN-100027,infra-terraform,fed6c27a13,dev23,8.0,9,71,70,6,1,98.88827753275248,242,4,1,PullRequest,2025-06-02T03:00:00,Monday,3,13,0,0.46418321033628657,0.10471208424780341,0,0,125.76547207502512,windows-latest,0.4910589479686255,0,0,0,infra_timeout,141
RUN-100028,mobile-app,c5a8aa8973,dev7,26.0,9,295,23,177,2,63.718669187583444,159,10,0,schedule,2025-06-02T04:00:00,Monday,4,127,0,0.06434880843129723,0.248301747678038,0,0,55.26446534101504,macos-latest,0.7939043740452298,0,0,1,docker_build_failed,318
RUN-100029,mobile-app,4f9b2c6b6c,dev27,35.0,5,196,635,37,1,81.83242904090513,100,10,0,Push,2025-06-02T05:00:00,Monday,5,108,0,0.0796576782215366,0.2332623893051787,0,0,126.88848603405218,macos-latest,0.45107779936586817,0,0,1,artifact_upload_error,831
RUN-100030,mobile-app,b00ad110c5,dev22,,2,86,102,64,0,85.45143020701781,694,8,1,push,2025-06-02T06:00:00,Monday,6,194,0,0.22075285393355074,0.12461923743658239,0,0,144.92010180281864,macos-latest,0.9279485974595058,0,0,1,,188
RUN-100031,backend-api,b49582f624,dev9,27.0,2,72,896,143,0,84.10025080253283,311,49,1,manual,2025-06-02T07:00:00,Monday,7,149,0,0.1657616658441623,0.3221767723756042,0,0,68.74849104187764,ubuntu-latest,0.9029625643349779,0,0,1,,968
RUN-100032,frontend-web,634997e4c0,dev17,6.0,1,170,421,56,0,70.7472246696737,254,8,1,Push,2025-06-02T08:00:00,Monday,8,182,1,0.33604456435520985,0.5042983443995536,1,0,125.30341480193887,macos-latest,0.719790135853984,0,0,0,docker_build_failed,591
RUN-100033,mobile-app,a411470dec,dev4,96.0,1,94,45,141,0,90.34997883558391,150,7,0,manual,2025-06-02T09:00:00,Monday,9,11,0,0.3208314909379417,0.1729405185398117,1,0,71.51156259939792,macos-latest,0.6056903541288864,0,0,1,docker_build_failed,139
RUN-100034,infra-terraform,02bf0c0455,dev3,14.0,1,43,100,16,0,75.00569983639828,205,6,0,Push,2025-06-02T10:00:00,Monday,10,154,0,0.15905540210268576,0.04712782604652397,0,1,175.01703475753214,windows-latest,,0,1,1,lint_error,143
RUN-100035,frontend-web,3584cd7eac,dev29,168.0,2,102,125,304,0,76.53727349922528,224,4,1,push,2025-06-02T11:00:00,Monday,11,70,0,0.2155876032077998,0.1315716567946442,0,0,128.26584369840768,ubuntu-latest,0.619913004129769,0,0,0,lint_error,227
RUN-100036,infra-terraform,866c2fe0c1,dev25,26.0,1,215,589,106,0,56.54599857867428,265,14,0,PullRequest,2025-06-02T12:00:00,Monday,12,112,0,0.15390845509516635,0.3704322984623342,0,0,94.39743884131869,macos-latest,0.8354567683387831,0,0,1,lint_error,804
RUN-100037,infra-terraform,29eb9b0077,dev5,,1,122,177,52,0,82.73717963487586,334,5,0,schedule,2025-06-02T13:00:00,Monday,13,176,0,0.08059196754577615,0.022485679811159412,0,0,70.4743447880005,ubuntu-latest,0.6378944898763802,1,0,1,infra_timeout,299
RUN-100038,backend-api,2a78df5bb6,dev9,25.0,3,31,133,139,1,71.87505943713107,115,6,0,schedule,2025-06-02T14:00:00,Monday,14,174,0,0.11261745660872259,0.0818137166066553,0,0,135.56598774120994,windows-latest,0.25265775912827104,0,0,1,tests_failed,164
RUN-100039,ml-pipeline,d61809b96a,dev6,26.0,4,440,88,17,1,80.57734634520631,71,6,0,PullRequest,2025-06-02T15:00:00,Monday,15,48,0,0.21135366667068373,0.26134604989740173,1,0,174.31742008409663,windows-latest,0.46312906205024507,0,0,0,docker_build_failed,528
RUN-100040,frontend-web,fd37d209eb,dev12,16.0,12,7,103,35,2,77.82136439765542,212,4,3,PullRequest,2025-06-02T16:00:00,Monday,16,51,1,0.13910718562391458,0.31634287250171866,0,0,89.13984363192566,macos-latest,0.6014222599295995,0,0,1,lint_error,110
RUN-100041,ml-pipeline,8e54032ef5,dev9,30.0,1,90,461,141,0,77.17123891996525,58,2,0,Push,2025-06-02T17:00:00,Monday,17,145,0,0.18503989924627703,0.17594401573293228,0,0,102.41421335712353,macos-latest,0.7076654962145021,0,0,1,tests_failed,551
RUN-100042,ml-pipeline,d6cd461d33,dev10,36.0,4,75,110,10,0,74.4514371303998,159,6,0,PullRequest,2025-06-02T18:00:00,Monday,18,176,0,0.3753233898613529,0.28800211153919214,0,0,89.91437197167241,macos-latest,0.24612224560826412,0,0,0,tests_failed,185
RUN-100043,backend-api,fd85b878cd,dev16,13.0,4,174,71,69,2,84.43919681592544,140,16,2,Push,2025-06-02T19:00:00,Monday,19,124,0,0.02286214518638221,0.23738969791547412,0,0,182.21970284208584,windows-latest,0.7405013487660901,0,0,0,docker_build_failed,245
RUN-100044,frontend-web,243fa0cea6,dev6,24.0,2,275,59,68,1,72.6132895573792,282,10,2,push,2025-06-02T20:00:00,Monday,20,15,0,0.01063638606856675,0.18787216727442335,0,1,43.65438124129679,ubuntu-latest,0.5979864982958359,1,0,1,tests_failed,334
RUN-100045,infra-terraform,72c0397980,dev27,15.0,6,512,59,216,0,,802,26,0,schedule,2025-06-02T21:00:00,Monday,21,36,0,0.21769556615451885,0.3163101527913901,0,0,171.423728912009,macos-latest,0.730452773913408,0,0,1,artifact_upload_error,571
RUN-100046,mobile-app,647fa53fd7,dev22,214.0,6,67,23,12,0,81.82746727648721,51,15,1,manual,2025-06-02T22:00:00,Monday,22,151,0,0.2602522950778022,0.08181424971774105,0,0,104.91207646211495,macos-latest,0.5951541059755585,0,0,0,artifact_upload_error,90
RUN-100047,infra-terraform,147e1c1f54,dev23,25.0,4,282,48,162,0,65.29193370106034,984,13,0,Push,2025-06-02T23:00:00,Monday,23,149,0,0.06909105164352246,0.1855229780634123,0,0,117.13539520535029,windows-latest,0.5167844678340613,0,0,1,docker_build_failed,330
RUN-100048,ml-pipeline,c15d5175d5,dev6,108.0,2,184,571,28,1,59.108857887814324,170,33,1,manual,2025-06-03T00:00:00,Tuesday,0,179,0,0.13557804848960342,0.36245440054181205,0,0,106.37461401131287,windows-latest,0.3216141563320409,0,0,1,,755
RUN-100049,ml-pipeline,6f0c24700a,dev22,22.0,2,22,87,31,1,62.73307999028882,255,8,0,push,2025-06-03T01:00:00,Tuesday,1,108,0,0.17604603661502152,0.2788714745140067,0,0,129.58403525928588,macos-latest,0.7424684462168659,0,0,0,lint_error,109
RUN-100050,ml-pipeline,7825cf597a,dev26,34.0,1,1200,238,16,0,78.39998855228305,74,9,0,manual,2025-06-03T02:00:00,Tuesday,2,88,0,0.14066459559487673,0.31438767934192136,1,0,90.80804980240907,ubuntu-latest,0.6238557546810358,0,0,1,docker_build_failed,1438
RUN-100051,frontend-web,26928106eb,dev6,,1,30,7,18,0,73.8417743628618,402,8,0,PullRequest,2025-06-03T03:00:00,Tuesday,3,26,0,0.08576352365012097,0.20393285470775996,1,0,162.3353254635072,macos-latest,0.6835581238274846,1,0,1,,37
RUN-100052,backend-api,2e5135864e,dev23,18.0,2,235,205,61,0,,206,26,1,Push,2025-06-03T04:00:00,Tuesday,4,157,0,0.14841434495184658,0.572200944639586,1,0,163.95988171176418,windows-latest,0.3465967696579786,0,0,1,,440
RUN-100053,mobile-app,e837f1673e,dev11,32.0,1,227,92,18,0,70.39612868336796,191,9,0,manual,2025-06-03T05:00:00,Tuesday,5,190,1,0.1208445092286037,0.39450260584363145,1,0,80.66363840893024,macos-latest,0.21469519952012578,0,0,1,,319
RUN-100054,mobile-app,0b6e1f68f0,dev24,113.0,4,200,64,80,1,89.03077469969718,51,5,0,push,2025-06-03T06:00:00,Tuesday,6,13,0,0.4320819547411951,0.48925487049837885,1,0,146.69867862136155,ubuntu-latest,0.4946559104072446,0,0,0,,264
RUN-100055,frontend-web,3b9c3514a1,dev15,33.0,8,86,134,26,0,69.58445194879945,210,13,1,PullRequest,2025-06-03T07:00:00,Tuesday,7,100,0,0.22186949643694528,0.39696700347076963,1,0,105.7402455906752,windows-latest,,0,0,1,artifact_upload_error,220
RUN-100056,mobile-app,4ac4667831,dev25,94.0,1,368,63,16,0,73.01428135886889,362,5,0,Push,2025-06-03T08:00:00,Tuesday,8,74,0,0.2007712165257124,0.06959269067546157,0,1,122.06533960245706,ubuntu-latest,,0,0,1,lint_error,431
RUN-100057,frontend-web,7d7d960d31,dev5,48.0,4,26,10,29,0,87.51589724792584,169,13,1,Push,2025-06-03T09:00:00,Tuesday,9,150,0,0.1613350578419057,0.3208222910512497,0,0,181.00603589403767,windows-latest,0.5381930238777279,0,0,1,,36
RUN-100058,ml-pipeline,96214556fe,dev12,117.0,1,138,303,58,2,84.54587109845443,455,12,0,manual,2025-06-03T10:00:00,Tuesday,10,153,0,0.0694308221859178,0.12875492759611418,0,0,93.03863328206752,windows-latest,0.7621887995723614,0,0,0,artifact_upload_error,441
RUN-100059,ml-pipeline,7e484079b9,dev9,25.0,2,79,143,35,0,87.26101305182053,442,7,0,PullRequest,2025-06-03T11:00:00,Tuesday,11,47,0,0.16376186739258752,0.12366651174493969,1,1,157.06197759318349,macos-latest,0.8700903105499794,0,0,0,tests_failed,222
RUN-100060,infra-terraform,1588952303,dev8,233.0,1,70,77,45,0,41.72935667935556,127,13,0,PullRequest,2025-06-03T12:00:00,Tuesday,12,190,0,0.08566085511788325,0.22233016547027837,1,0,138.28500715809213,macos-latest,0.913950836291047,0,0,1,,147
RUN-100061,ml-pipeline,3e60fd8244,dev10,17.0,5,237,37,78,1,95.80227646130533,611,3,0,manual,2025-06-03T13:00:00,Tuesday,13,31,0,0.2736647941121531,0.17846021616215912,0,1,112.23887442196475,windows-latest,0.6699576052594072,0,0,0,docker_build_failed,274
RUN-100062,backend-api,d7f5688bd7,dev12,13.0,1,485,21,106,1,82.63680522513515,206,10,0,schedule,2025-06-03T14:00:00,Tuesday,14,157,0,0.2029508124507609,0.11158269521995286,1,0,134.69614270115295,windows-latest,0.6389879324874683,0,0,1,infra_timeout,506
RUN-100063,infra-terraform,a3390358da,dev4,9.0,7,101,140,34,1,100.0,207,6,0,PullRequest,2025-06-03T15:00:00,Tuesday,15,149,1,0.06894897826849956,0.04300209691768502,0,0,129.93647693267556,windows-latest,0.657826629376443,1,0,1,lint_error,241
RUN-100064,mobile-app,a62ea1d48e,dev22,220.0,2,350,648,19,1,65.6120876307086,214,66,1,PullRequest,2025-06-03T16:00:00,Tuesday,16,36,0,0.34226392342080564,0.12460336067692994,0,1,73.66586751581234,windows-latest,0.7743476470844244,0,0,1,docker_build_failed,998
RUN-100065,backend-api,ab9270c768,dev17,56.0,1,156,137,47,0,53.83859273221307,210,10,0,push,2025-06-03T17:00:00,Tuesday,17,136,0,0.10619780940766903,0.2958529485923685,0,0,95.73104625521253,macos-latest,0.638806205934714,0,0,1,tests_failed,293
RUN-100066,infra-terraform,c34d9cbccb,dev25,20.0,1,55,24,65,2,75.08662148070212,31,5,0,schedule,2025-06-03T18:00:00,Tuesday,18,57,1,0.1263170982346001,0.02327779888463035,0,0,78.1899046016369,windows-latest,0.7166872380468556,0,0,1,infra_timeout,79
RUN-100067,backend-api,0ee0328c9d,dev22,83.0,4,111,140,13,1,71.69553204291407,175,3,1,schedule,2025-06-03T19:00:00,Tuesday,19,58,0,0.3152988750920748,0.07085130234271714,0,1,108.93524914045227,windows-latest,0.529513887070487,1,0,1,artifact_upload_error,251
RUN-100068,frontend-web,5dda0c0fb9,dev5,50.0,6,106,103,21,0,82.84396780337785,77,22,0,schedule,2025-06-03T20:00:00,Tuesday,20,21,0,0.33152905369541835,0.15204210978219376,0,0,173.80141184272867,ubuntu-latest,0.8874608039715614,0,0,0,,209
RUN-100069,mobile-app,8a1e7851be,dev3,159.0,4,68,284,25,1,87.89914013503628,625,7,1,Push,2025-06-03T21:00:00,Tuesday,21,150,0,0.2946342415858141,0.28053661918806144,0,0,143.2411120650578,windows-latest,0.7330340553289169,0,0,1,tests_failed,352
RUN-100070,ml-pipeline,56a51586e1,dev13,6.0,19,237,214,37,0,73.95247026144604,608,5,1,manual,2025-06-03T22:00:00,Tuesday,22,162,1,0.3913291618332072,0.22314230413440547,0,0,62.69643689998919,windows-latest,0.5776363478628848,0,0,1,,451
RUN-100071,frontend-web,d82fc476ee,dev15,21.0,10,192,4,24,0,72.11150345024728,363,11,0,schedule,2025-06-03T23:00:00,Tuesday,23,103,0,0.39039789282706555,0.10194246657196325,1,0,109.06529251682718,macos-latest,0.5747927190075048,0,0,1,infra_timeout,196
RUN-100072,mobile-app,7b89df3654,dev8,17.0,2,25,200,78,0,81.27263783419353,169,14,1,PullRequest,2025-06-04T00:00:00,Wednesday,0,156,0,0.29879638539467546,0.08403723871177197,0,0,129.34499443677217,ubuntu-latest,0.7712939286803123,1,0,1,artifact_upload_error,225
RUN-100073,frontend-web,c4c4c71788,dev24,4.0,2,24,36,12,0,71.92405601169003,98,14,2,manual,2025-06-04T01:00:00,Wednesday,1,72,0,0.24488021526937123,0.15646149787618685,0,0,149.76353921224845,windows-latest,0.7919565783906101,0,0,1,,60
RUN-100074,ml-pipeline,da1db05cb0,dev18,70.0,4,236,23,12,2,70.92021478923854,126,9,0,Push,2025-06-04T02:00:00,Wednesday,2,115,0,0.21109260354495693,0.3499645375008019,0,0,93.96931848327927,windows-latest,0.6164228460392683,0,1,1,,259
RUN-100075,mobile-app,813a03be5e,dev23,21.0,1,60,89,34,0,87.44561926410343,780,10,2,push,2025-06-04T03:00:00,Wednesday,3,158,0,0.5843321629117065,0.20434234260053522,1,0,70.50272704943083,windows-latest,0.3600807687826185,0,0,0,lint_error,149
RUN-100076,backend-api,e8d86a756e,dev4,52.0,8,206,172,38,0,90.11733428284288,123,10,0,PullRequest,2025-06-04T04:00:00,Wednesday,4,89,0,0.20908638952058967,0.3049823143539812,0,0,117.74628384902334,ubuntu-latest,0.6262607712284081,0,0,1,lint_error,378
RUN-100077,backend-api,964dc12b4e,dev25,226.0,4,350,18,13,0,,38,11,0,push,2025-06-04T05:00:00,Wednesday,5,125,0,0.06577750269532136,0.42073069502841254,0,0,142.76118684125638,ubuntu-latest,0.8219372735277807,0,0,0,,368
RUN-100078,mobile-app,d9ab93921e,dev7,19.0,4,36,238,27,0,72.98124344729369,412,12,0,PullRequest,2025-06-04T06:00:00,Wednesday,6,33,0,0.06311885252982699,0.41003198531094626,0,0,129.39385946532786,windows-latest,0.4546843015020421,1,0,1,artifact_upload_error,274
RUN-100079,ml-pipeline,5730f55862,dev14,,5,31,254,32,0,49.322532146961805,572,19,0,push,2025-06-04T07:00:00,Wednesday,7,103,0,0.2555231912863947,0.18198267233062332,0,0,84.61290077833723,macos-latest,0.38893528811060163,1,0,0,artifact_upload_error,285
RUN-100080,infra-terraform,7fb277db95,dev14,30.0,13,936,115,32,0,73.22152696328583,639,9,3,schedule,2025-06-04T08:00:00,Wednesday,8,170,0,0.28330650549727693,0.20658267401413066,0,0,190.1847521392125,ubuntu-latest,0.6318042036824709,0,0,1,lint_error,1051
RUN-100081,mobile-app,880a8dd1d9,dev25,65.0,3,218,42,50,1,65.90423984787542,414,5,0,Push,2025-06-04T09:00:00,Wednesday,9,155,0,0.021792259867396507,0.2608912532343014,0,0,116.0473784042591,windows-latest,0.7419218773072439,1,0,0,lint_error,260
RUN-100082,frontend-web,1adff35e84,dev9,16.0,3,93,37,26,2,73.44329977187294,464,8,2,Push,2025-06-04T10:00:00,Wednesday,10,63,0,0.20893657148982894,0.12464777458308453,1,0,127.74841093608066,macos-latest,0.7337874987213604,0,0,1,,130
RUN-100083,infra-terraform,6607897e05,dev8,15.0,11,53,339,145,0,66.94690928738869,207,15,1,PullRequest,2025-06-04T11:00:00,Wednesday,11,111,0,0.19085788732703818,0.39799032223269737,0,0,93.52130393111332,macos-latest,0.6700689886264827,0,0,1,tests_failed,392
RUN-100084,ml-pipeline,ead6a446ff,dev11,70.0,7,84,20,66,2,74.75112173441278,46,2,1,manual,2025-06-04T12:00:00,Wednesday,12,125,0,0.31951055362949254,0.3870370113124719,1,1,164.26031993458182,macos-latest,,0,1,1,infra_timeout,104
RUN-100085,ml-pipeline,a17e38c1a1,dev11,38.0,2,40,354,23,1,62.528692449221225,204,2,2,PullRequest,2025-06-04T13:00:00,Wednesday,13,188,0,0.33334877187638584,0.35319622941335416,0,0,142.87387570204297,ubuntu-latest,0.8921988742905719,0,0,0,docker_build_failed,394
RUN-100086,frontend-web,2d71124664,dev6,4.0,3,392,91,48,1,59.63139075937946,309,17,0,PullRequest,2025-06-04T14:00:00,Wednesday,14,166,0,0.14802212308709575,0.18175514289068914,0,0,132.58653716642274,ubuntu-latest,0.27375562253693736,0,0,1,tests_failed,483
RUN-100087,backend-api,56bf3e3102,dev6,8.0,3,63,98,49,0,,182,26,4,manual,2025-06-04T15:00:00,Wednesday,15,164,0,0.07719742945055401,0.469778016230226,0,0,73.93380706752066,macos-latest,0.5544465124097177,0,0,1,artifact_upload_error,161
RUN-100088,ml-pipeline,310ce51451,dev7,104.0,4,494,16,118,0,63.36410863958816,176,3,1,manual,2025-06-04T16:00:00,Wednesday,16,151,0,0.15408177736919645,0.2334461177959078,0,1,163.76120906473065,macos-latest,0.7869714661067692,1,0,0,infra_timeout,510
RUN-100089,infra-terraform,065acf0b42,dev15,38.0,1,95,93,27,1,75.00397950307624,102,9,0,schedule,2025-06-04T17:00:00,Wednesday,17,74,1,0.1876013387426726,0.04801246698680492,0,0,150.27611891907807,windows-latest,0.7777447394477186,0,0,1,infra_timeout,188
RUN-100090,mobile-app,ed6e0c719b,dev11,13.0,1,47,215,82,0,86.45417815923403,99,6,1,push,2025-06-04T18:00:00,Wednesday,18,78,0,0.20628273759185167,0.34092319247474484,1,2,160.59733590156796,macos-latest,0.4985709178058053,0,0,1,tests_failed,262
RUN-100091,infra-terraform,72bdb728b0,dev12,23.0,1,92,25,46,0,85.97164951475487,725,7,0,schedule,2025-06-04T19:00:00,Wednesday,19,95,0,0.15581165296472674,0.31880668240480603,0,1,121.48117430760612,windows-latest,0.8230227577767644,0,0,1,docker_build_failed,117
RUN-100092,infra-terraform,4eba9e566b,dev22,27.0,1,8,190,147,1,84.53817845898422,744,11,0,PullRequest,2025-06-04T20:00:00,Wednesday,20,88,0,0.04635474805835606,0.067940294050049,1,0,117.00555344573459,macos-latest,,0,0,0,,198
RUN-100093,backend-api,9935cd1d24,dev8,52.0,1,129,121,125,0,78.63439817401843,199,3,0,push,2025-06-04T21:00:00,Wednesday,21,191,0,0.10543396773993813,0.07149021740758785,0,0,112.71628473011477,macos-latest,0.5425618256801817,0,0,1,tests_failed,250
RUN-100094,infra-terraform,01df5c3691,dev28,7.0,5,123,54,52,1,83.6880397024422,243,4,0,push,2025-06-04T22:00:00,Wednesday,22,175,0,0.11975148880734722,0.10114355795188375,0,1,211.15991777243426,macos-latest,0.7073154736066314,0,0,1,tests_failed,177
RUN-100095,backend-api,472c74ef6a,dev23,12.0,2,367,281,36,0,91.47705759127385,100,7,0,schedule,2025-06-04T23:00:00,Wednesday,23,179,0,0.09919702921315648,0.226458948265088,0,0,98.3021492831117,windows-latest,0.6413031749686607,1,0,1,infra_timeout,648
RUN-100096,backend-api,b3fa004f2b,dev6,,3,18,9,67,2,80.10027112794448,314,8,0,push,2025-06-05T00:00:00,Thursday,0,123,1,0.08385787094162435,0.16364896991727834,0,1,72.55020626306347,ubuntu-latest,0.6635438731369567,0,0,1,lint_error,27
RUN-100097,ml-pipeline,a23ebc6086,dev10,24.0,1,532,160,38,0,,686,4,1,manual,2025-06-05T01:00:00,Thursday,1,42,0,0.13997153479083901,0.13539308223680244,0,0,105.06975336352558,macos-latest,0.716807010042239,0,0,0,docker_build_failed,692
RUN-100098,ml-pipeline,fb57a273b6,dev6,45.0,2,366,652,171,0,68.65760152619885,68,15,1,push,2025-06-05T02:00:00,Thursday,2,33,0,0.08566186730653905,0.2109137151001369,0,0,98.6749201809184,windows-latest,0.5836893288959321,0,0,1,tests_failed,1018
RUN-100099,frontend-web,9ecfc34acd,dev9,8.0,5,588,535,47,1,83.35644086066506,277,6,1,PullRequest,2025-06-05T03:00:00,Thursday,3,58,0,0.4632959773008472,0.0725529914326008,0,0,170.39387345890344,windows-latest,0.8302115657087787,0,0,1,infra_timeout,1123
RUN-100100,infra-terraform,7a3dd32ee1,dev11,37.0,5,140,168,32,0,67.47484879548715,292,6,2,Push,2025-06-05T04:00:00,Thursday,4,131,0,0.25337908690884897,0.08151036464945594,0,0,65.76030405534425,windows-latest,0.557530806571343,0,0,1,lint_error,308
RUN-100101,frontend-web,c2ed3e94fc,dev4,72.0,1,452,78,30,2,94.44127367350373,289,10,1,manual,2025-06-05T05:00:00,Thursday,5,76,0,0.26701614498193266,0.038591506248951746,0,2,97.54836607869127,ubuntu-latest,0.6193485009709675,0,0,0,tests_failed,530
RUN-100102,infra-terraform,e7407ed3a6,dev1,42.0,3,29,54,16,1,74.24184206200282,632,8,1,schedule,2025-06-05T06:00:00,Thursday,6,132,0,0.20347857995875354,0.2573584183425882,0,0,127.62092656955454,windows-latest,0.3340558763662423,0,0,1,,83
RUN-100103,frontend-web,b87f879183,dev14,30.0,19,325,78,69,0,76.02298525631323,833,16,0,push,2025-06-05T07:00:00,Thursday,7,176,0,0.5378081666347302,0.12533937372957843,0,0,170.73171418539198,windows-latest,0.7567641500584995,0,0,0,artifact_upload_error,403
RUN-100104,ml-pipeline,f69502c048,dev22,24.0,3,63,199,23,0,88.49693038682082,170,4,2,push,2025-06-05T08:00:00,Thursday,8,70,0,0.1126588456999186,0.36870228347876227,0,0,148.52529226388577,windows-latest,0.31963203712109284,0,0,1,tests_failed,262
RUN-100105,ml-pipeline,c8317da99f,dev10,12.0,1,24,45,107,2,72.80580123228849,320,3,0,Push,2025-06-05T09:00:00,Thursday,9,185,0,0.2964393930675656,0.3636262078837234,0,0,184.76069402462198,macos-latest,0.6187017752281084,0,0,0,,69
RUN-100106,ml-pipeline,dde6b2f575,dev26,25.0,2,43,252,15,1,77.11532442873823,212,7,0,manual,2025-06-05T10:00:00,Thursday,10,104,0,0.17370012329740803,0.2877914651109473,1,0,133.8317160315129,macos-latest,0.5082699075981496,0,0,1,infra_timeout,295
RUN-100107,ml-pipeline,1d35eca612,dev12,84.0,3,149,1148,49,1,85.78948180798935,128,9,0,Push,2025-06-05T11:00:00,Thursday,11,161,0,0.20579249341228886,0.27210176733257574,2,0,111.85522079687875,windows-latest,0.8389042406676929,0,0,1,,1297
RUN-100108,mobile-app,bb7f738a81,dev28,24.0,2,59,102,112,0,57.332752609995765,242,3,0,Push,2025-06-05T12:00:00,Thursday,12,16,0,0.16665647493888913,0.10822106678981284,0,0,154.22226112688782,ubuntu-latest,0.5080713700652469,0,0,1,infra_timeout,161
RUN-100109,ml-pipeline,70a9a72bcf,dev8,12.0,3,224,25,7,2,71.57642205134941,320,3,1,push,2025-06-05T13:00:00,Thursday,13,58,0,0.3279590612939196,0.26326953271825826,1,1,65.31356269914342,macos-latest,0.6749717219419337,0,0,1,artifact_upload_error,249
RUN-100110,backend-api,8d9835f6a6,dev17,17.0,1,20,25,224,0,84.94983954454943,233,10,0,Push,2025-06-05T14:00:00,Thursday,14,186,0,0.2247240780737133,0.27336752858074925,1,0,51.60459903022837,macos-latest,0.6567640613122055,0,0,0,tests_failed,45
RUN-100111,ml-pipeline,a7734168f6,dev23,32.0,1,14,258,31,1,75.78720178011113,108,5,1,schedule,2025-06-05T15:00:00,Thursday,15,177,0,0.31453850656823834,0.09213950519005626,0,0,159.0505437832532,ubuntu-latest,0.711531026786755,1,0,0,,272
RUN-100112,mobile-app,f845cdb16a,dev2,19.0,2,671,102,50,0,92.60800574492976,144,3,0,manual,2025-06-05T16:00:00,Thursday,16,116,0,0.01949086917377695,0.13233492666303723,1,0,128.42267303895537,macos-latest,0.4733783060077613,0,2,0,,773
RUN-100113,mobile-app,fc0d4f241b,dev28,41.0,2,401,288,70,0,56.08891970175698,145,17,0,schedule,2025-06-05T17:00:00,Thursday,17,11,0,0.05175670152560603,0.5109060318515839,0,0,158.5601524577799,windows-latest,0.6600665466847392,0,0,1,,689
RUN-100114,mobile-app,49c9538827,dev11,,2,46,61,79,2,54.7199787846464,111,5,0,manual,2025-06-05T18:00:00,Thursday,18,16,0,0.3247989748240884,0.286395661638537,0,0,85.90510247942112,macos-latest,0.49582191671305165,0,0,0,lint_error,107
RUN-100115,mobile-app,bbd744ead2,dev15,60.0,2,147,274,55,3,,249,20,0,Push,2025-06-05T19:00:00,Thursday,19,87,1,0.1816525236937155,0.10583623995762084,0,0,171.3913521643108,macos-latest,0.402423234018483,0,0,1,lint_error,421
RUN-100116,frontend-web,bffeebcff8,dev19,97.0,3,455,92,99,0,85.3896865791933,268,9,1,Push,2025-06-05T20:00:00,Thursday,20,180,0,0.043557923278223734,0.14453426834102667,1,0,146.81435508851598,macos-latest,0.7171413430371684,0,0,1,artifact_upload_error,547
RUN-100117,frontend-web,58b3c193a3,dev20,,6,235,49,67,2,72.680999918018,397,11,0,schedule,2025-06-05T21:00:00,Thursday,21,78,1,0.2890810314680508,0.06400026010500888,0,0,118.75518473937409,macos-latest,0.7470652513790139,0,0,1,lint_error,284
RUN-100118,backend-api,1fb5edf801,dev1,11.0,3,174,70,182,0,79.80473280054869,109,7,0,PullRequest,2025-06-05T22:00:00,Thursday,22,177,0,0.11840485955315826,0.04406022259424652,1,0,128.2939166716831,ubuntu-latest,0.5993947455400912,0,0,1,infra_timeout,244
RUN-100119,frontend-web,0a7b7fff4c,dev27,12.0,4,495,29,67,0,83.94248373157689,133,1,0,manual,2025-06-05T23:00:00,Thursday,23,109,0,0.008911731878889809,0.1886209444801457,0,0,133.87711575746775,ubuntu-latest,0.538767940645814,0,0,1,lint_error,524
RUN-100120,mobile-app,c6fff58e82,dev19,25.0,2,66,980,215,0,65.23364152977905,594,4,1,schedule,2025-06-06T00:00:00,Friday,0,31,0,0.13575641188892343,0.05883071398710392,1,0,85.73071320680837,ubuntu-latest,0.6145748944983771,0,0,1,lint_error,1046
RUN-100121,ml-pipeline,7d5cf657f6,dev30,,5,153,98,91,0,66.5178194994084,178,8,2,PullRequest,2025-06-06T01:00:00,Friday,1,114,1,0.09896305509472651,0.12736860197208486,0,1,104.5994179446073,ubuntu-latest,0.5617717223984106,1,0,0,artifact_upload_error,251
RUN-100122,ml-pipeline,fc4c5c4ce0,dev15,9.0,4,145,223,10,0,77.27671415038364,204,11,1,manual,2025-06-06T02:00:00,Friday,2,76,0,0.06820629053219406,0.13931079505596564,0,0,133.244893897807,windows-latest,0.7947842706640909,0,0,1,infra_timeout,368
RUN-100123,mobile-app,7708801bdc,dev19,18.0,6,109,60,361,0,85.84906751872464,177,2,0,push,2025-06-06T03:00:00,Friday,3,48,0,0.1865649838654086,0.14205105392696907,1,0,102.9946433567105,ubuntu-latest,0.6048337819854704,0,0,1,infra_timeout,169
RUN-100124,infra-terraform,fa58c46353,dev14,17.0,5,96,34,28,0,61.00851688370418,442,8,1,schedule,2025-06-06T04:00:00,Friday,4,136,0,0.4409964935583778,0.051459578932781996,0,0,61.2232450191338,windows-latest,0.5169508517265937,0,0,1,lint_error,130
RUN-100125,mobile-app,695d0b7d3d,dev27,14.0,5,160,85,147,1,72.62462841677977,454,4,0,manual,2025-06-06T05:00:00,Friday,5,44,0,0.12284139995702255,0.14745965425135787,0,0,131.79555058155603,ubuntu-latest,0.3336721991657306,0,1,1,artifact_upload_error,245
RUN-100126,frontend-web,cb2ec0e012,dev25,20.0,3,154,369,45,1,72.06916041954673,436,10,0,Push,2025-06-06T06:00:00,Friday,6,181,0,0.16580674446324084,0.36552491992024144,1,0,153.44136695709165,ubuntu-latest,0.5842733390924679,0,0,1,tests_failed,523
RUN-100127,ml-pipeline,15b6b740a6,dev28,78.0,4,46,62,104,1,80.01550926051317,204,8,0,manual,2025-06-06T07:00:00,Friday,7,161,0,0.09351459248575837,0.26847479002429936,1,0,162.74138515695182,macos-latest,0.7158782112998674,0,0,1,,108
RUN-100128,mobile-app,8e32bd1738,dev16,32.0,7,358,42,25,0,74.89561955989399,108,15,0,Push,2025-06-06T08:00:00,Friday,8,157,0,0.3565797904908767,0.15642325049394953,0,0,141.2924225415404,macos-latest,0.5461837758743124,0,0,1,lint_error,400
RUN-100129,ml-pipeline,cd53ca4a8a,dev24,,1,50,130,73,1,68.44939699436569,770,19,0,Push,2025-06-06T09:00:00,Friday,9,19,0,0.21985486437553975,0.1724273433841105,0,0,152.73229003426525,windows-latest,0.4603023135598143,0,0,0,tests_failed,180
RUN-100130,mobile-app,ecb93f9b44,dev11,31.0,2,116,190,36,0,89.98278936908886,364,12,0,PullRequest,2025-06-06T10:00:00,Friday,10,192,1,0.042238284006235416,0.027695635752226805,0,0,159.50036279599726,windows-latest,0.7528633377543876,0,0,1,docker_build_failed,306
RUN-100131,mobile-app,d294ce3071,dev14,20.0,3,107,669,158,1,68.52891022055016,145,16,0,Push,2025-06-06T11:00:00,Friday,11,101,0,0.2071898386602027,0.18315845084683943,0,0,123.1862326953972,ubuntu-latest,0.5162270867092418,0,0,0,docker_build_failed,776
RUN-100132,frontend-web,0976e9e03d,dev23,27.0,4,220,162,63,0,71.49484364374256,542,7,0,PullRequest,2025-06-06T12:00:00,Friday,12,147,0,0.04971000749675644,0.1489502631853436,0,0,35.24333270672456,windows-latest,0.925125606429296,0,0,0,tests_failed,382
RUN-100133,mobile-app,5f696baf0e,dev3,34.0,1,14,223,94,0,55.902028368964515,137,65,0,manual,2025-06-06T13:00:00,Friday,13,42,1,0.048753571090773364,0.09802025427866566,1,0,166.3912486670019,macos-latest,0.756358333752186,0,0,1,lint_error,237
RUN-100134,ml-pipeline,0c7780c9f4,dev22,40.0,3,395,242,7,0,66.43648947784925,537,3,0,PullRequest,2025-06-06T14:00:00,Friday,14,154,0,0.10862906767255281,0.15910613852130537,0,0,84.26726832629308,windows-latest,0.7607259512172022,0,0,1,lint_error,637
RUN-100135,backend-api,1bf9ec9a5e,dev1,175.0,3,70,30,41,1,81.1929129160686,563,6,1,schedule,2025-06-06T15:00:00,Friday,15,67,0,0.20544125373573618,0.2980954725587399,0,0,74.76492471422392,macos-latest,0.6271685962363969,0,0,1,tests_failed,100
RUN-100136,ml-pipeline,ace0d465ee,dev18,12.0,1,567,38,62,2,78.84722347625832,105,16,1,manual,2025-06-06T16:00:00,Friday,16,142,0,0.330401879167553,0.22258581247061282,0,0,75.86370186735257,windows-latest,0.3635453473138659,1,0,1,,605
RUN-100137,frontend-web,b69816d2c3,dev15,58.0,2,87,33,53,1,82.19420388078915,301,15,0,Push,2025-06-06T17:00:00,Friday,17,59,0,0.14959294705564427,0.06296705675876504,1,0,219.38311728343868,windows-latest,0.8335034572842716,0,0,1,docker_build_failed,120
RUN-100138,backend-api,c6128f04a8,dev15,32.0,2,140,25,96,2,81.61178743134805,346,12,0,Push,2025-06-06T18:00:00,Friday,18,186,0,0.3099824604718627,0.1766375645211794,0,0,137.62190745377256,macos-latest,0.5059059164179219,0,0,0,infra_timeout,165
RUN-100139,mobile-app,dd8e8f7202,dev15,6.0,2,1218,263,33,2,100.0,1249,14,0,Push,2025-06-06T19:00:00,Friday,19,143,0,0.32775296985398783,0.288712040264633,0,0,78.33534366909136,macos-latest,0.4181009104447151,0,1,1,lint_error,1481
RUN-100140,infra-terraform,bd4b6176bd,dev15,54.0,10,109,151,46,0,66.02569407063709,119,2,0,schedule,2025-06-06T20:00:00,Friday,20,93,0,0.15300267078754418,0.4524440868736269,0,0,92.66334270206377,ubuntu-latest,0.677634101529725,1,0,1,tests_failed,260
RUN-100141,backend-api,cd05ebb064,dev13,84.0,1,579,119,115,1,55.56691507878254,546,27,0,Push,2025-06-06T21:00:00,Friday,21,93,0,0.15280087595737593,0.14812398021168127,0,0,119.97100096830671,windows-latest,0.7242274423099561,0,0,1,lint_error,698
RUN-100142,backend-api,0c88e2bc61,dev14,12.0,1,154,6,7,0,62.393364047141716,202,7,0,push,2025-06-06T22:00:00,Friday,22,5,0,0.03409489323350227,0.2516250515683365,0,0,141.6961511082536,macos-latest,0.34817676516642204,0,0,1,tests_failed,160
RUN-100143,mobile-app,3c0a7ee0e8,dev18,26.0,1,234,1054,71,0,66.5561779700209,84,21,1,Push,2025-06-06T23:00:00,Friday,23,63,0,0.1707118533948576,0.05526775447527996,0,0,131.17169351728597,ubuntu-latest,0.8238575070580783,0,0,0,tests_failed,1288
RUN-100144,infra-terraform,9f34b1461a,dev23,5.0,2,160,41,34,0,63.30807676059707,184,2,1,PullRequest,2025-06-07T00:00:00,Saturday,0,158,0,0.25758000837878076,0.21940800419442055,0,0,82.855742358886,macos-latest,0.6804025030137952,0,0,1,docker_build_failed,201
RUN-100145,infra-terraform,dbae19973b,dev17,8.0,2,377,1050,21,2,76.12393017173825,200,10,1,schedule,2025-06-07T01:00:00,Saturday,1,167,0,0.3204748699661044,0.29442105155085513,0,0,132.68586174713042,macos-latest,0.6437158750415638,0,0,1,infra_timeout,1427
RUN-100146,frontend-web,0126eb9171,dev20,69.0,2,69,22,58,1,90.03185886668426,95,6,1,Push,2025-06-07T02:00:00,Saturday,2,199,0,0.04546701621184294,0.297844313750411,0,0,95.55248761502818,ubuntu-latest,0.5428621742445476,0,0,1,tests_failed,91
RUN-100147,backend-api,83bebfa1f3,dev26,17.0,8,50,44,119,0,93.47590887563898,249,13,1,manual,2025-06-07T03:00:00,Saturday,3,21,0,0.4711659143069989,0.2811408837625035,0,0,161.87660082856667,ubuntu-latest,0.5864643928005769,0,0,0,tests_failed,94
RUN-100148,infra-terraform,ad62b4fe43,dev30,9.0,6,73,9,102,0,,391,11,1,Push,2025-06-07T04:00:00,Saturday,4,53,0,0.08515739418610807,0.16865563579556772,0,0,122.25186409139071,macos-latest,0.44197688949833064,0,0,1,artifact_upload_error,82
RUN-100149,frontend-web,079457e287,dev4,33.0,3,165,163,40,0,100.0,236,11,1,manual,2025-06-07T05:00:00,Saturday,5,154,0,0.12350951314150255,0.16995746045559937,0,0,89.62663608711958,macos-latest,0.5297632573467662,0,0,1,infra_timeout,328
RUN-100150,infra-terraform,66bf3ce1c2,dev22,16.0,2,116,32,90,1,,137,4,1,manual,2025-06-07T06:00:00,Saturday,6,75,0,0.16875060589198826,0.19212909234488243,0,0,147.55816505028008,macos-latest,0.6145528828906816,0,0,1,docker_build_failed,148
RUN-100151,backend-api,e54853dcb3,dev7,,7,324,33,89,2,55.40977149597089,180,8,1,push,2025-06-07T07:00:00,Saturday,7,53,0,0.08766278426368698,0.31927378100313125,0,0,135.32979879140095,windows-latest,0.41304737466045655,0,0,0,artifact_upload_error,357
RUN-100152,infra-terraform,abeed1299c,dev6,52.0,3,623,24,41,0,87.63813681465803,199,7,1,Push,2025-06-07T08:00:00,Saturday,8,59,1,0.113147557010177,0.23973718316238404,0,0,101.0053720198996,ubuntu-latest,0.4661183257387092,0,0,0,lint_error,647
RUN-100153,backend-api,3cd72db241,dev24,9.0,1,50,258,25,0,52.93686729901125,233,12,0,manual,2025-06-07T09:00:00,Saturday,9,184,0,0.18626271059688887,0.47836776644087975,1,0,149.20368216887354,macos-latest,0.5723192840946884,0,0,1,infra_timeout,308
RUN-100154,mobile-app,da4fdd366a,dev3,12.0,1,66,240,26,0,65.93996372760235,435,18,0,manual,2025-06-07T10:00:00,Saturday,10,172,1,0.16667070000266465,0.3517442702776072,0,1,145.1646844125588,ubuntu-latest,0.5633851727014482,0,0,0,lint_error,306
RUN-100155,ml-pipeline,5918965d86,dev26,31.0,2,30,806,87,0,81.24134678907356,242,10,0,schedule,2025-06-07T11:00:00,Saturday,11,6,0,0.14811738550307632,0.2591396507453735,0,0,168.0728879363803,ubuntu-latest,0.8325100463063219,0,0,1,,836
RUN-100156,frontend-web,da74cbdec7,dev24,64.0,6,1384,51,43,0,73.77142223941463,75,3,0,Push,2025-06-07T12:00:00,Saturday,12,168,0,0.2448096763763901,0.3433091297771808,1,0,148.4055412862471,macos-latest,0.6169801393057531,1,0,1,,1435
RUN-100157,mobile-app,4c879234e7,dev30,82.0,20,207,139,19,0,72.70856684554192,135,9,0,schedule,2025-06-07T13:00:00,Saturday,13,113,0,0.10562181876931323,0.07094904076921987,0,0,111.44212478391069,windows-latest,0.4108655315636123,1,0,1,,346
RUN-100158,mobile-app,971f3a5bb5,dev21,14.0,3,251,26,11,0,60.830519606159925,225,56,0,push,2025-06-07T14:00:00,Saturday,14,169,0,0.18759247113405153,0.32376327513390407,2,2,52.37880629078127,macos-latest,0.8676474967902285,0,0,1,docker_build_failed,277
RUN-100159,ml-pipeline,659ddd4172,dev27,63.0,1,33,76,86,0,74.87037132679995,440,28,0,push,2025-06-07T15:00:00,Saturday,15,126,0,0.2146255775260819,0.192592280859962,1,0,127.46586379386821,macos-latest,0.7724483193566091,0,0,1,docker_build_failed,109
RUN-100160,infra-terraform,465aef3d1d,dev4,13.0,1,148,62,28,2,87.0439498648535,496,1,0,manual,2025-06-07T16:00:00,Saturday,16,139,0,0.23960608410398182,0.388735646179861,0,0,133.67216900398702,macos-latest,0.6236025674425181,0,0,1,lint_error,210
RUN-100161,ml-pipeline,e2f56fb78c,dev27,140.0,5,259,183,58,0,75.23961499843223,693,9,2,manual,2025-06-07T17:00:00,Saturday,17,117,0,0.06449271038574611,0.15875396204738512,0,0,122.0478776741889,macos-latest,0.5155685149783477,0,1,0,docker_build_failed,442
RUN-100162,mobile-app,300623b8dd,dev5,9.0,1,112,336,120,0,65.03728944430728,219,17,0,PullRequest,2025-06-07T18:00:00,Saturday,18,148,0,0.1319640568102779,0.15061884249868318,1,0,5.0,windows-latest,,0,0,1,artifact_upload_error,448
RUN-100163,mobile-app,15b63662ad,dev10,89.0,5,484,327,15,1,60.02953847283203,341,7,0,manual,2025-06-07T19:00:00,Saturday,19,163,0,0.4034350708417251,0.4091630772499037,0,1,147.153198334162,macos-latest,0.5989279288993388,0,1,0,,811
RUN-100164,mobile-app,5788861aac,dev4,15.0,6,1887,43,43,2,65.28486500453306,72,6,0,Push,2025-06-07T20:00:00,Saturday,20,104,0,0.1469452251509038,0.06842352472045753,0,1,83.5179896788451,macos-latest,0.5779997232521639,1,0,0,tests_failed,1930
RUN-100165,infra-terraform,b7b732fd73,dev13,165.0,4,52,329,38,0,79.7080050289723,270,7,0,schedule,2025-06-07T21:00:00,Saturday,21,26,0,0.28170752182389064,0.15748947870494798,0,0,147.42891246177007,ubuntu-latest,0.48301751887267114,0,0,1,lint_error,381
RUN-100166,backend-api,ceb3d6756c,dev23,46.0,2,48,104,60,0,79.12322714831652,94,13,1,Push,2025-06-07T22:00:00,Saturday,22,23,0,0.19528066353555146,0.3325073462618273,0,1,188.0273890063686,windows-latest,0.8265132383368531,0,0,1,artifact_upload_error,152
RUN-100167,frontend-web,ffada53f88,dev9,10.0,5,56,76,120,1,65.39391479285197,191,4,1,push,2025-06-07T23:00:00,Saturday,23,86,0,0.09180024783508355,0.1796385811432405,1,0,109.88809676170993,windows-latest,0.3190444876978249,1,0,1,infra_timeout,132
RUN-100168,backend-api,4bde623ea3,dev25,16.0,3,868,50,15,0,48.4708869362153,1670,20,0,schedule,2025-06-08T00:00:00,Sunday,0,97,0,0.08036197702024195,0.19775054372608555,0,0,137.5393612992846,macos-latest,0.3263132274242783,0,0,1,lint_error,918
RUN-100169,frontend-web,686ee23ac6,dev19,54.0,1,467,59,70,1,80.04015316406598,247,8,0,schedule,2025-06-08T01:00:00,Sunday,1,173,1,0.029160859212303752,0.4445542206106016,0,0,121.31111145180029,windows-latest,0.5070942619490789,0,0,1,docker_build_failed,526
RUN-100170,frontend-web,2306b82288,dev19,69.0,14,127,747,102,0,64.22751121229699,109,4,0,PullRequest,2025-06-08T02:00:00,Sunday,2,11,0,0.2950166740226476,0.24677389174062395,0,0,141.0233431941361,ubuntu-latest,0.5844872707334219,0,0,1,tests_failed,874
RUN-100171,frontend-web,932ace891e,dev29,25.0,2,154,154,38,0,83.26874974818341,266,19,1,push,2025-06-08T03:00:00,Sunday,3,178,0,0.36585372818596273,0.20845218809014482,0,0,124.13780418619903,ubuntu-latest,,0,0,0,docker_build_failed,308
RUN-100172,ml-pipeline,ff6167c32f,dev13,28.0,6,60,133,40,0,65.92668429446701,139,3,2,schedule,2025-06-08T04:00:00,Sunday,4,15,0,0.03513269390712523,0.15564614387064696,0,1,99.32078755327434,macos-latest,,0,0,1,artifact_upload_error,193
RUN-100173,ml-pipeline,b36cf018db,dev11,53.0,1,395,82,62,1,63.14519455596229,102,6,1,PullRequest,2025-06-08T05:00:00,Sunday,5,102,0,0.18966949083206014,0.013022497836804632,0,1,83.80231128731617,windows-latest,0.4773864704278367,0,0,1,artifact_upload_error,477
RUN-100174,ml-pipeline,985fde63bc,dev30,30.0,9,97,1620,58,0,76.83806288711502,873,6,0,PullRequest,2025-06-08T06:00:00,Sunday,6,87,0,0.2837793434926286,0.015699143201758595,0,0,183.61862880630898,ubuntu-latest,0.534265035287293,1,0,1,,1717
RUN-100175,mobile-app,64724d060f,dev17,8.0,10,111,461,71,0,100.0,422,40,1,PullRequest,2025-06-08T07:00:00,Sunday,7,113,1,0.08371592070312073,0.2847493415319311,0,0,137.54211938892448,macos-latest,0.6086713418637332,0,0,1,,572
RUN-100176,ml-pipeline,ea5105017e,dev19,13.0,3,289,49,70,0,83.98835989339888,255,5,1,schedule,2025-06-08T08:00:00,Sunday,8,13,0,0.13213713374425534,0.09464598854817588,1,0,153.22059674441172,windows-latest,0.4108947205891134,0,0,1,docker_build_failed,338
RUN-100177,frontend-web,7f35ed1138,dev9,33.0,5,120,81,20,1,,152,1,1,Push,2025-06-08T09:00:00,Sunday,9,153,0,0.3686196747377959,0.03851880039920586,0,0,135.96251611289335,windows-latest,0.736614346504426,1,0,1,artifact_upload_error,201
RUN-100178,infra-terraform,2265deba58,dev7,80.0,5,114,86,98,0,79.30621843657161,161,6,0,schedule,2025-06-08T10:00:00,Sunday,10,31,0,0.07786727151167581,0.15665687000811354,0,0,159.03072456197896,windows-latest,0.7706297884235194,1,1,0,tests_failed,200
RUN-100179,mobile-app,5d8971661a,dev6,116.0,1,150,129,113,1,53.98660966217283,589,12,0,schedule,2025-06-08T11:00:00,Sunday,11,157,0,0.0844677316104438,0.2695304378360905,0,0,84.16130870956873,ubuntu-latest,0.6094938813164748,0,0,1,docker_build_failed,279
RUN-100180,infra-terraform,1131d5b615,dev7,54.0,5,355,50,51,1,61.53191555096932,248,15,0,PullRequest,2025-06-08T12:00:00,Sunday,12,115,0,0.03328366920095924,0.16073410265701,0,2,123.32725777878554,ubuntu-latest,0.6616383749773538,0,0,1,tests_failed,405
RUN-100181,frontend-web,33b4e5f159,dev6,35.0,1,907,178,13,0,44.86885361943433,30,44,0,schedule,2025-06-08T13:00:00,Sunday,13,178,0,0.15156843627613945,0.14220318892704228,0,0,140.21944458501355,macos-latest,0.3325273329970434,0,0,1,lint_error,1085
RUN-100182,mobile-app,0485f0f48e,dev23,53.0,2,282,543,40,2,95.75848673491947,1090,24,1,PullRequest,2025-06-08T14:00:00,Sunday,14,195,0,0.08048419108440956,0.513121946437386,0,0,171.7067838314906,macos-latest,0.4155176282593744,0,0,1,tests_failed,825
RUN-100183,ml-pipeline,740a27114d,dev2,14.0,8,359,25,52,1,93.32863234986898,227,10,0,Push,2025-06-08T15:00:00,Sunday,15,169,0,0.13747475400549125,0.08933971650857976,1,1,226.9230439800228,macos-latest,0.6265635056197818,0,0,1,lint_error,384
RUN-100184,mobile-app,a2713b15f6,dev19,23.0,7,119,31,17,0,79.71382231457892,254,4,0,schedule,2025-06-08T16:00:00,Sunday,16,93,0,0.1942827655455372,0.047163037433229776,0,2,136.3007448816967,macos-latest,,1,0,0,artifact_upload_error,150
RUN-100185,mobile-app,57e203cae1,dev29,12.0,1,68,64,33,0,76.62138123701045,428,28,1,schedule,2025-06-08T17:00:00,Sunday,17,85,0,0.4093963970419232,0.2489532014556838,0,1,93.55597039390994,windows-latest,0.8274104910859854,0,0,1,,132
RUN-100186,frontend-web,6b9e23c873,dev23,8.0,1,304,68,14,0,56.38091997002904,277,6,0,push,2025-06-08T18:00:00,Sunday,18,134,0,0.22306039898517993,0.05751659693743367,0,0,72.1742765319546,windows-latest,0.8237579032210527,0,0,1,docker_build_failed,372
RUN-100187,backend-api,f58ebd28e3,dev13,36.0,1,179,990,72,0,72.36840047699171,337,5,3,Push,2025-06-08T19:00:00,Sunday,19,131,0,0.17560498646222206,0.03435202651800838,0,0,83.80741065522528,macos-latest,0.3280388068505854,0,0,0,tests_failed,1169
RUN-100188,backend-api,c080a7b6f6,dev2,32.0,5,31,330,51,0,96.50870254084671,148,6,1,schedule,2025-06-08T20:00:00,Sunday,20,159,0,0.18603359976134753,0.2727699235909085,0,0,89.0352222264265,ubuntu-latest,0.6008993736145741,0,0,1,docker_build_failed,361
RUN-100189,backend-api,8a75949f80,dev26,50.0,1,103,310,11,2,76.57699197834857,84,3,1,push,2025-06-08T21:00:00,Sunday,21,99,0,0.3521280915811349,0.15909002417777315,2,0,5.0,macos-latest,,0,0,0,docker_build_failed,413
RUN-100190,ml-pipeline,48d7abb8fb,dev1,44.0,4,135,82,59,1,68.22424240545725,243,6,1,push,2025-06-08T22:00:00,Sunday,22,95,0,0.3396702596985282,0.3151928022453364,0,0,92.9737995176068,ubuntu-latest,0.20660137704275952,0,0,1,infra_timeout,217
RUN-100191,ml-pipeline,e5a1950b58,dev21,33.0,6,84,80,42,0,53.90315207995664,545,7,0,PullRequest,2025-06-08T23:00:00,Sunday,23,28,0,0.3864837937755637,0.14073178073979206,0,0,148.66962805352566,ubuntu-latest,0.6893432940976312,0,0,1,,164
RUN-100192,ml-pipeline,3c2f531c62,dev21,44.0,3,757,22,67,0,91.56366873276966,127,15,0,manual,2025-06-09T00:00:00,Monday,0,37,0,0.11774789329226842,0.05315843942454603,0,0,123.01598956752522,windows-latest,0.5622914548752906,0,0,1,infra_timeout,779
RUN-100193,backend-api,5349a9438f,dev6,26.0,7,251,259,32,0,74.15899438766813,120,6,1,push,2025-06-09T01:00:00,Monday,1,165,0,0.14533799628816907,0.08142291757423718,0,0,109.6550159878444,macos-latest,0.8039528216302368,0,0,1,artifact_upload_error,510
RUN-100194,infra-terraform,e8b878bfe4,dev23,39.0,2,672,188,23,0,53.91919375964605,470,3,0,push,2025-06-09T02:00:00,Monday,2,197,0,0.10727990227244835,0.35261169329592434,0,0,55.121893970450884,windows-latest,0.9498495637910617,0,0,1,docker_build_failed,860
RUN-100195,frontend-web,879011714e,dev6,14.0,2,198,452,24,0,63.9088118151415,145,2,0,schedule,2025-06-09T03:00:00,Monday,3,122,0,0.1273441997767773,0.19982174596890473,0,0,162.01639918341192,macos-latest,0.7225415115097307,1,0,1,,650
RUN-100196,backend-api,be088c93fb,dev7,37.0,1,162,87,29,2,59.66954379170244,150,10,1,schedule,2025-06-09T04:00:00,Monday,4,72,0,0.12582465014455108,0.24343938608744883,0,0,140.47253163681583,macos-latest,0.6345626648995187,0,0,0,artifact_upload_error,249
RUN-100197,frontend-web,973b0d0337,dev25,49.0,7,52,94,45,1,73.41907769145634,154,9,0,Push,2025-06-09T05:00:00,Monday,5,16,0,0.29075174224216727,0.16620831401637898,1,0,119.48273421586181,macos-latest,0.41466716689484023,0,0,1,tests_failed,146
RUN-100198,backend-api,a747cac09e,dev30,14.0,1,150,132,50,0,77.48806763535383,191,6,0,manual,2025-06-09T06:00:00,Monday,6,13,0,0.03294851588842287,0.08834443950448219,1,1,31.899231504781724,macos-latest,0.8625157734044522,1,0,1,artifact_upload_error,282
RUN-100199,infra-terraform,4ca4622606,dev8,28.0,4,150,293,38,1,68.96139522865771,66,6,0,manual,2025-06-09T07:00:00,Monday,7,136,0,0.18445227948707069,0.18631049942039132,0,0,100.36909985528044,ubuntu-latest,0.5037098086700185,0,1,1,infra_timeout,443
RUN-100200,backend-api,3dca8f36da,dev28,15.0,3,32,21,31,0,84.32455915784259,137,11,0,PullRequest,2025-06-09T08:00:00,Monday,8,130,0,0.17660131148418515,0.49019455497808334,0,0,137.34873540097374,macos-latest,0.40201927562452167,0,0,1,docker_build_failed,53
RUN-100201,infra-terraform,528edbc44c,dev28,16.0,1,81,247,33,1,75.9456268856693,235,23,1,manual,2025-06-09T09:00:00,Monday,9,60,0,0.3044350491086806,0.11274062865424092,0,1,118.8573049079678,windows-latest,0.8604872264474309,0,0,0,,328
RUN-100202,mobile-app,27cb04b22d,dev24,9.0,2,103,107,332,0,87.74774862326555,234,5,0,schedule,2025-06-09T10:00:00,Monday,10,41,0,0.12234287938171576,0.43392605856014754,0,0,127.67752272681363,ubuntu-latest,0.8138654937361588,0,0,1,infra_timeout,210
RUN-100203,ml-pipeline,dfd310f558,dev5,84.0,10,233,34,24,0,70.71367106303137,450,9,0,PullRequest,2025-06-09T11:00:00,Monday,11,18,0,0.274119301922661,0.2848255668221838,0,0,147.41784646272816,macos-latest,,0,0,1,artifact_upload_error,267
RUN-100204,mobile-app,4882defb00,dev9,70.0,3,246,11,28,1,,726,17,0,PullRequest,2025-06-09T12:00:00,Monday,12,138,0,0.14642244244646124,0.43152226921416365,0,0,126.1895590141957,ubuntu-latest,0.6982733951091846,0,0,1,lint_error,257
RUN-100205,backend-api,8fbdc4da0f,dev21,43.0,1,78,94,623,0,68.22613531831252,577,5,1,Push,2025-06-09T13:00:00,Monday,13,123,0,0.12671248092400442,0.447203651820618,0,0,145.98700131968255,windows-latest,0.7138905278248862,0,0,1,tests_failed,172
RUN-100206,ml-pipeline,cabed5ff40,dev30,159.0,4,248,540,62,0,64.16004009892954,380,8,0,schedule,2025-06-09T14:00:00,Monday,14,69,0,0.12738712363045854,0.10274962220480975,0,0,86.2580363885867,windows-latest,0.4868231298233624,0,0,1,tests_failed,788
RUN-100207,infra-terraform,c8a8b26395,dev25,22.0,2,121,693,14,0,62.68439339885091,180,8,0,schedule,2025-06-09T15:00:00,Monday,15,147,0,0.07661504550164028,0.05385925065854003,0,0,71.089129743879,ubuntu-latest,0.594589344928161,0,0,1,artifact_upload_error,814
RUN-100208,backend-api,703a14f3a2,dev13,415.0,52,6,162,87,1,72.46871128134833,129,3,1,manual,2025-06-09T16:00:00,Monday,16,169,0,0.06076999885751253,0.3192088345242851,0,0,139.09442729093178,windows-latest,0.4365730880158517,0,0,1,tests_failed,168
RUN-100209,ml-pipeline,79ebffbcdc,dev8,22.0,4,87,951,21,1,54.36556690961059,202,10,0,PullRequest,2025-06-09T17:00:00,Monday,17,105,0,0.2961243013059369,0.2718088164039625,0,0,147.29633846152657,ubuntu-latest,0.9141189524591417,1,0,1,docker_build_failed,1038
RUN-100210,backend-api,fea4c618f3,dev29,34.0,2,486,104,92,0,78.53475412593373,301,9,1,PullRequest,2025-06-09T18:00:00,Monday,18,56,0,0.08872438226207659,0.07289707763304024,1,0,140.75895183310428,macos-latest,0.7441425348324026,0,0,0,tests_failed,590
RUN-100211,ml-pipeline,acb26b9596,dev9,18.0,10,23,313,37,0,52.136354765222315,356,13,0,Push,2025-06-09T19:00:00,Monday,19,6,0,0.05215391980024814,0.3314949248499115,0,0,125.26344714886639,macos-latest,0.5040284062411585,0,0,1,lint_error,336
RUN-100212,ml-pipeline,d08c251f41,dev11,37.0,1,167,66,31,1,76.94005108868677,309,3,0,Push,2025-06-09T20:00:00,Monday,20,160,0,0.21537260275110848,0.2642161194822797,0,0,107.03836247866806,macos-latest,0.7668827745586096,0,0,1,docker_build_failed,233
RUN-100213,mobile-app,e70dc6e4ab,dev29,57.0,3,848,62,161,0,58.78497907084376,184,9,0,schedule,2025-06-09T21:00:00,Monday,21,117,0,0.2483285748794398,0.17466278075593547,0,0,128.43944028874358,windows-latest,0.8109987260396573,1,0,1,,910
RUN-100214,ml-pipeline,c99f7ccd44,dev17,24.0,16,64,52,70,0,,347,23,1,Push,2025-06-09T22:00:00,Monday,22,72,0,0.08956872098577202,0.05754214965504236,0,0,135.17199754662022,ubuntu-latest,0.5570351482305124,1,0,0,lint_error,116
RUN-100215,backend-api,2f67e9de78,dev8,134.0,3,148,11,97,1,82.25448478958832,484,38,0,PullRequest,2025-06-09T23:00:00,Monday,23,6,0,0.18653064734500255,0.3877468889061554,0,0,137.5718979048941,macos-latest,0.648146029234464,1,0,1,docker_build_failed,159
RUN-100216,frontend-web,8fea6bd42b,dev1,33.0,1,35,452,63,0,100.0,370,22,0,manual,2025-06-10T00:00:00,Tuesday,0,163,0,0.19157771269553955,0.5056746985148868,0,0,224.28558226514687,ubuntu-latest,0.7066334333528128,0,0,1,tests_failed,487
RUN-100217,frontend-web,1a15bc4951,dev13,34.0,2,888,54,31,1,62.06399375062612,195,3,0,push,2025-06-10T01:00:00,Tuesday,1,185,1,0.42328345579697185,0.1882946277292835,0,0,83.16784857991536,windows-latest,0.5499584203396057,0,1,1,tests_failed,942
RUN-100218,mobile-app,a725e78c6d,dev30,11.0,10,135,45,72,0,73.19619060688329,111,12,0,manual,2025-06-10T02:00:00,Tuesday,2,98,0,0.28964921323950893,0.21506116856587199,2,0,249.03972496591695,ubuntu-latest,0.7998727469505309,0,0,0,,180
RUN-100219,infra-terraform,f491c7b651,dev13,39.0,4,156,30,117,1,66.3148959026935,109,6,1,push,2025-06-10T03:00:00,Tuesday,3,57,0,0.45304448854625506,0.15270165264178406,0,0,69.72715632686842,macos-latest,,1,0,1,,186
RUN-100220,frontend-web,83426897c7,dev21,24.0,1,658,87,49,0,64.56155612927046,124,11,2,PullRequest,2025-06-10T04:00:00,Tuesday,4,125,0,0.12531030421875375,0.28580018124120216,0,0,135.42674905642411,ubuntu-latest,0.9121287021364712,0,0,1,tests_failed,745
RUN-100221,mobile-app,6ed74908ef,dev8,15.0,1,307,764,188,0,66.42032004036547,239,5,0,Push,2025-06-10T05:00:00,Tuesday,5,174,1,0.3431561402942027,0.021829007014683884,0,0,72.20629676287874,ubuntu-latest,0.6451462756193048,0,0,1,docker_build_failed,1071
RUN-100222,ml-pipeline,092cfd9523,dev24,13.0,2,56,1100,88,0,,288,2,0,PullRequest,2025-06-10T06:00:00,Tuesday,6,119,0,0.195456330293183,0.1644256501550475,0,0,132.24975109589315,macos-latest,0.8961743679888104,1,0,1,infra_timeout,1156
RUN-100223,backend-api,f5b3c878f0,dev24,300.0,4,72,17,52,1,69.14332962923544,74,7,0,schedule,2025-06-10T07:00:00,Tuesday,7,7,0,0.23319614218208148,0.3166068819561397,0,0,159.28491299415003,macos-latest,0.8486423071317596,0,0,1,tests_failed,89
RUN-100224,ml-pipeline,1a5e6247bd,dev19,21.0,9,255,74,54,1,100.0,140,14,2,Push,2025-06-10T08:00:00,Tuesday,8,43,0,0.030256814912487818,0.13426834442256697,0,0,121.30330719372091,macos-latest,0.9490809392174403,0,0,1,artifact_upload_error,329
RUN-100225,backend-api,0a8428d24b,dev24,7.0,7,74,35,49,1,79.99175107073681,237,11,0,Push,2025-06-10T09:00:00,Tuesday,9,23,0,0.2382982466792525,0.3786542291342296,0,0,158.92321715860848,macos-latest,0.7444766166604783,0,0,1,infra_timeout,109
RUN-100226,infra-terraform,3efe38b10d,dev18,14.0,4,14,326,16,0,62.8798720659111,106,11,0,schedule,2025-06-10T10:00:00,Tuesday,10,85,1,0.08812406838392033,0.42356093680524415,0,0,103.0527115439092,ubuntu-latest,0.7252448638479028,0,0,1,tests_failed,340
RUN-100227,mobile-app,10c69a3e92,dev12,25.0,1,139,150,41,0,70.59953781425907,271,10,2,push,2025-06-10T11:00:00,Tuesday,11,93,0,0.06135921997724579,0.348688041549483,0,0,38.005434360449925,windows-latest,0.8964623120118896,0,0,1,tests_failed,289
RUN-100228,mobile-app,74829a58fc,dev23,,1,29,54,53,1,65.37783611952013,161,11,2,PullRequest,2025-06-10T12:00:00,Tuesday,12,109,0,0.06334679428727427,0.18647866526617954,0,2,145.06836530157014,macos-latest,0.25644385618120374,0,0,1,tests_failed,83
RUN-100229,frontend-web,841e548443,dev26,44.0,5,878,119,32,1,84.60082383536056,120,13,0,manual,2025-06-10T13:00:00,Tuesday,13,152,0,0.06715978470255474,0.29496384019811356,0,0,121.22553298060676,ubuntu-latest,0.5805983382901463,0,0,1,artifact_upload_error,997
RUN-100230,mobile-app,5004958cca,dev26,49.0,1,180,65,58,0,55.33464412121697,207,7,0,PullRequest,2025-06-10T14:00:00,Tuesday,14,26,0,0.27214792543771366,0.1340280404470481,0,0,100.81544152479968,macos-latest,0.5666830748645607,0,0,0,artifact_upload_error,245
RUN-100231,infra-terraform,0d0bbf060c,dev7,15.0,2,54,649,45,1,58.90858343477028,263,9,1,manual,2025-06-10T15:00:00,Tuesday,15,188,0,0.4857842492533711,0.5818597060365835,0,1,103.57753870232385,macos-latest,0.6918069693318947,0,0,1,infra_timeout,703
RUN-100232,frontend-web,1c91d77bda,dev21,36.0,4,68,200,83,0,67.9014465750103,110,30,1,Push,2025-06-10T16:00:00,Tuesday,16,56,0,0.21890469989489575,0.0709619676953948,0,0,136.26326940714466,macos-latest,0.5263115102026571,0,0,1,lint_error,268
RUN-100233,ml-pipeline,626ee100a2,dev1,12.0,1,18,229,75,0,83.1953615176599,169,9,0,manual,2025-06-10T17:00:00,Tuesday,17,106,0,0.12266652570566679,0.5336483850416025,0,1,87.41868411288213,macos-latest,0.6755040353018156,0,0,1,infra_timeout,247
RUN-100234,mobile-app,0f7ecae4c7,dev18,15.0,1,44,5,51,1,89.79672329787327,277,9,0,manual,2025-06-10T18:00:00,Tuesday,18,46,0,0.14182114539637256,0.3560936548356544,0,1,135.00979238247038,macos-latest,0.3190958293950139,0,0,0,docker_build_failed,49
RUN-100235,ml-pipeline,b2bc8fd5e5,dev18,11.0,3,453,102,14,0,91.56650628927412,117,9,0,schedule,2025-06-10T19:00:00,Tuesday,19,74,0,0.0757176614418257,0.0814455841660642,1,0,167.5454807582782,windows-latest,0.30281791977359784,0,0,0,infra_timeout,555
RUN-100236,ml-pipeline,34ff4c5773,dev11,9.0,4,1728,1087,187,0,81.35761823937037,62,7,0,push,2025-06-10T20:00:00,Tuesday,20,167,0,0.23389733247003527,0.32650877829212654,0,1,202.40280578452223,ubuntu-latest,0.820578967261669,0,0,1,infra_timeout,2815
RUN-100237,mobile-app,4d548ff4fa,dev30,70.0,7,329,472,39,0,74.00532556370376,68,6,0,schedule,2025-06-10T21:00:00,Tuesday,21,13,0,0.1848277494344667,0.2314043374918087,1,0,176.18106151049054,windows-latest,,0,0,0,tests_failed,801
RUN-100238,backend-api,64e56d4b7d,dev27,50.0,5,134,14,41,2,84.53550974776792,149,10,1,Push,2025-06-10T22:00:00,Tuesday,22,99,0,0.38831386206110485,0.15227307018139924,0,0,126.46981731866414,macos-latest,,0,0,0,lint_error,148
RUN-100239,ml-pipeline,6aa6edcd3b,dev2,65.0,3,92,77,33,0,61.26599259081947,79,6,0,manual,2025-06-10T23:00:00,Tuesday,23,118,0,0.21535463140470879,0.15482629346805396,0,0,130.30660399619077,macos-latest,0.8163567071153084,0,0,1,,169
RUN-100240,frontend-web,006cd60d26,dev7,28.0,1,51,29,30,1,52.864113335805285,157,8,0,manual,2025-06-11T00:00:00,Wednesday,0,116,0,0.0900079610676704,0.16316832466381134,0,0,103.99005891419428,ubuntu-latest,0.8010489455463456,0,0,1,lint_error,80
RUN-100241,mobile-app,1cb0a4d24a,dev7,54.0,1,1430,722,153,0,80.23965093223786,642,5,1,Push,2025-06-11T01:00:00,Wednesday,1,79,0,0.4492499808926981,0.1977896075628059,0,0,101.37426093536163,macos-latest,0.5583155104448027,0,0,0,artifact_upload_error,2152
RUN-100242,frontend-web,dcde23716a,dev27,5.0,2,120,143,135,0,62.9318589942138,76,9,0,PullRequest,2025-06-11T02:00:00,Wednesday,2,78,0,0.34156156538739674,0.48120320042693054,1,0,154.8812719384182,ubuntu-latest,0.6776414714395324,0,0,1,artifact_upload_error,263
RUN-100243,ml-pipeline,0050cf5b29,dev16,58.0,4,1521,47,63,0,74.21631921401423,164,13,0,PullRequest,2025-06-11T03:00:00,Wednesday,3,182,0,0.31153115765994666,0.03275847193678759,0,0,107.69959766702911,windows-latest,0.3334311076433294,0,0,1,docker_build_failed,1568
RUN-100244,ml-pipeline,8217417e1c,dev22,31.0,4,687,114,41,0,76.43552419047377,891,7,2,Push,2025-06-11T04:00:00,Wednesday,4,51,0,0.38763340618516084,0.06884536568296179,0,0,134.6439856435876,windows-latest,0.7173148549688892,1,0,1,lint_error,801
RUN-100245,frontend-web,7d5000e546,dev25,47.0,1,21,6,73,0,77.97743471013956,266,2,0,schedule,2025-06-11T05:00:00,Wednesday,5,98,0,0.06884483426625039,0.05937882319908596,1,1,81.49961970376735,windows-latest,0.5984785995219253,1,0,0,artifact_upload_error,27
RUN-100246,ml-pipeline,5545a8b007,dev24,38.0,1,71,33,47,0,86.25349846230063,154,13,1,manual,2025-06-11T06:00:00,Wednesday,6,76,0,0.27335770020851397,0.37601979570623123,0,0,174.81250597222083,windows-latest,0.7646236816181188,0,0,1,artifact_upload_error,104
RUN-100247,mobile-app,6e6b729568,dev3,11.0,8,71,114,38,1,84.98490225950079,179,9,0,manual,2025-06-11T07:00:00,Wednesday,7,154,0,0.41298228327103625,0.2231326614694836,0,1,107.1017334539897,ubuntu-latest,0.5093243670486813,0,0,1,artifact_upload_error,185
RUN-100248,ml-pipeline,c7d42a598d,dev5,7.0,3,135,278,58,0,77.34000080601228,270,4,0,push,2025-06-11T08:00:00,Wednesday,8,162,0,0.16274861587005748,0.08811444255789214,0,0,163.51916682659842,ubuntu-latest,0.5211825874694449,0,0,1,artifact_upload_error,413
RUN-100249,frontend-web,d759204777,dev12,14.0,1,138,12,31,1,69.69581663436713,656,15,1,PullRequest,2025-06-11T09:00:00,Wednesday,9,170,0,0.2885586952258173,0.17904754704277434,1,0,91.84707290902278,macos-latest,0.46770484762100356,0,0,0,lint_error,150
RUN-100250,frontend-web,42a633bf87,dev11,45.0,21,4007,72,54,1,76.29314506411585,138,3,0,PullRequest,2025-06-11T10:00:00,Wednesday,10,21,0,0.12030390772613714,0.25806814824248164,0,1,89.7315802948508,windows-latest,0.7197687587661571,0,0,1,lint_error,4079
RUN-100251,mobile-app,528ebbc93a,dev23,50.0,3,45,333,52,0,67.84547499990094,117,18,0,push,2025-06-11T11:00:00,Wednesday,11,24,0,0.32358231343957244,0.08383597000208862,0,0,173.12127125431476,macos-latest,0.5488583187448736,0,0,1,infra_timeout,378
RUN-100252,frontend-web,3e135b3398,dev5,7.0,4,190,22,72,0,72.64285293592594,76,8,0,manual,2025-06-11T12:00:00,Wednesday,12,78,0,0.35937264334919167,0.22511536446024322,0,1,94.95969941257906,macos-latest,0.5286606170443149,1,0,0,lint_error,212
RUN-100253,backend-api,7ad853ebea,dev12,11.0,4,292,141,27,0,100.0,215,1,0,Push,2025-06-11T13:00:00,Wednesday,13,90,0,0.16006216485149805,0.2536079844545135,2,0,57.28398998513211,windows-latest,0.4576037246079945,0,0,1,artifact_upload_error,433
RUN-100254,ml-pipeline,aeea050cdc,dev8,14.0,2,148,118,78,0,77.18627641060249,74,10,0,Push,2025-06-11T14:00:00,Wednesday,14,17,0,0.09421664879330403,0.022206368186978635,2,0,78.40237853034436,ubuntu-latest,0.8670118680728283,0,0,1,docker_build_failed,266
RUN-100255,frontend-web,3a6ec7cb55,dev6,19.0,1,167,724,21,0,80.40294020445059,144,6,1,push,2025-06-11T15:00:00,Wednesday,15,179,0,0.05611072312843649,0.3015726572526707,1,0,154.2683472399308,ubuntu-latest,0.57983615230427,0,0,1,,891
RUN-100256,ml-pipeline,54ab18fbbe,dev6,7.0,18,47,85,28,0,66.53423221163565,106,6,0,schedule,2025-06-11T16:00:00,Wednesday,16,179,0,0.2809530296552718,0.3895611599106868,0,0,150.42482173007426,windows-latest,0.6758322088344251,0,0,1,infra_timeout,132
RUN-100257,frontend-web,ee2dafb13f,dev6,7.0,7,166,91,29,0,87.24088099715841,424,5,0,PullRequest,2025-06-11T17:00:00,Wednesday,17,87,0,0.06869350142946676,0.2740967270173276,0,0,89.49995668134729,ubuntu-latest,0.49272657737377146,0,0,1,lint_error,257
RUN-100258,frontend-web,0c6f09777b,dev17,12.0,6,260,281,18,0,84.12326907196109,140,8,0,push,2025-06-11T18:00:00,Wednesday,18,155,0,0.23090997936627933,0.1151913224756834,1,0,94.7312519520415,windows-latest,0.5871843397137874,0,0,0,,541
RUN-100259,mobile-app,75f4ff317e,dev13,29.0,5,212,25,100,2,84.20823065586102,264,6,0,manual,2025-06-11T19:00:00,Wednesday,19,115,0,0.10417291697875149,0.20040503156600753,0,0,146.9206330517053,ubuntu-latest,0.4855099459293154,0,0,1,tests_failed,237
RUN-100260,ml-pipeline,b628aaf5dd,dev14,9.0,1,277,86,20,0,77.57869496104156,65,2,0,Push,2025-06-11T20:00:00,Wednesday,20,133,0,0.232560106201428,0.10132145779801717,1,1,172.6368218077095,windows-latest,0.7260405026739772,0,0,1,artifact_upload_error,363
RUN-100261,frontend-web,2684277330,dev15,24.0,9,701,66,25,0,87.41028114920125,219,21,0,push,2025-06-11T21:00:00,Wednesday,21,175,1,0.2084422571123482,0.2551609484577102,1,0,117.2480184211292,macos-latest,0.7423520437473602,0,0,0,lint_error,767
RUN-100262,backend-api,0c20b42a9a,dev23,70.0,1,415,94,122,0,,86,7,1,manual,2025-06-11T22:00:00,Wednesday,22,22,0,0.1734374383063994,0.3930525134756131,0,0,142.16953661747303,windows-latest,0.5068721598631626,0,0,1,,509
RUN-100263,infra-terraform,23616d5f51,dev26,8.0,4,160,279,28,1,78.39718703219154,148,5,0,push,2025-06-11T23:00:00,Wednesday,23,50,1,0.024288051161088217,0.12513243368852422,0,2,154.93732266191955,macos-latest,0.6546408771344542,1,0,1,artifact_upload_error,439
RUN-100264,infra-terraform,eb37ff2f05,dev16,22.0,1,40,202,38,0,73.62465169199612,941,4,0,Push,2025-06-12T00:00:00,Thursday,0,88,0,0.16838915266924417,0.22423106225675057,0,0,206.1201292738615,windows-latest,0.424509652863671,0,0,0,tests_failed,242
RUN-100265,mobile-app,025ed95c16,dev20,68.0,1,76,48,19,0,85.73485188137712,384,15,1,push,2025-06-12T01:00:00,Thursday,1,179,1,0.2652494539749758,0.19221945211664537,0,0,73.7713607519814,windows-latest,0.7361629607563427,0,0,1,lint_error,124
RUN-100266,mobile-app,3035de72ee,dev23,18.0,4,116,127,87,1,64.15049632128307,183,3,0,schedule,2025-06-12T02:00:00,Thursday,2,120,0,0.1523313187067071,0.21908024057285694,0,0,93.25106366944793,windows-latest,0.211189875803942,1,0,1,tests_failed,243
RUN-100267,backend-api,08023240d1,dev21,16.0,1,195,566,88,0,66.38447663261609,1880,9,0,push,2025-06-12T03:00:00,Thursday,3,82,0,0.1721052896022208,0.320709543732752,0,0,99.74106663540938,ubuntu-latest,0.8129774190548571,0,0,0,artifact_upload_error,761
RUN-100268,ml-pipeline,1c52367927,dev5,77.0,1,87,44,80,0,74.36039588538118,105,5,1,schedule,2025-06-12T04:00:00,Thursday,4,10,0,0.06245135637028318,0.1762883227124276,0,0,153.10096594858982,windows-latest,0.5685849843334375,1,0,0,docker_build_failed,131
RUN-100269,mobile-app,9ec21a88b4,dev30,20.0,5,53,128,68,0,54.103715178742256,452,6,1,schedule,2025-06-12T05:00:00,Thursday,5,120,0,0.25153241784086644,0.08247297387094439,0,0,109.92329111795338,ubuntu-latest,0.8605562704490419,0,0,1,docker_build_failed,181
RUN-100270,backend-api,3ddc0c2a79,dev5,73.0,18,40,88,47,1,84.9311432827611,68,4,0,schedule,2025-06-12T06:00:00,Thursday,6,57,0,0.19391640536996813,0.13187043569364168,0,0,132.48983354897592,ubuntu-latest,0.7975906442104806,0,1,1,,128
RUN-100271,frontend-web,91b7e18516,dev13,39.0,10,24,102,29,2,63.44503335041012,168,5,0,Push,2025-06-12T07:00:00,Thursday,7,68,0,0.04077678076810426,0.20569300220745323,0,0,124.87371812699052,macos-latest,0.7750572945141592,1,0,1,docker_build_failed,126
RUN-100272,frontend-web,97170b6b3b,dev20,19.0,2,114,18,23,1,69.34210774197892,77,9,0,Push,2025-06-12T08:00:00,Thursday,8,199,0,0.17300645691996563,0.29126769063272673,0,0,120.06948503562728,ubuntu-latest,0.7307331824134807,0,0,1,infra_timeout,132
RUN-100273,infra-terraform,d974980faf,dev13,41.0,3,29,518,125,0,72.44064485184275,239,10,1,PullRequest,2025-06-12T09:00:00,Thursday,9,107,0,0.19795789579954898,0.4380068599658852,0,1,124.29586297545457,ubuntu-latest,0.5485655790925492,1,0,1,artifact_upload_error,547
RUN-100274,mobile-app,0136bb5f7e,dev8,36.0,6,49,46,82,0,75.4714418588466,208,5,0,Push,2025-06-12T10:00:00,Thursday,10,32,0,0.1594083771697595,0.48096267537033643,0,0,161.19602859715042,windows-latest,0.8127967580073912,0,0,1,,95
RUN-100275,mobile-app,da766bbf47,dev28,,8,96,339,25,0,70.8761606829235,161,8,1,schedule,2025-06-12T11:00:00,Thursday,11,14,0,0.14919648804554234,0.052477644396836075,1,0,81.17657404243766,windows-latest,0.637064230391619,0,0,0,docker_build_failed,435
RUN-100276,mobile-app,9e7e96a488,dev3,16.0,2,34,55,46,1,74.19154743323581,430,16,1,push,2025-06-12T12:00:00,Thursday,12,80,0,0.21937607941683607,0.31139155856763107,0,0,114.0617523627638,ubuntu-latest,0.49508102878058996,0,0,1,tests_failed,89
RUN-100277,ml-pipeline,29a98e9e75,dev8,28.0,3,225,55,35,2,74.28446841131503,134,2,2,manual,2025-06-12T13:00:00,Thursday,13,17,0,0.1167737151933296,0.18800648070096826,1,0,71.38889016801951,macos-latest,0.5544595120934053,1,0,1,lint_error,280
RUN-100278,frontend-web,c5df3983e5,dev30,25.0,4,335,417,18,1,69.63562850847448,251,8,0,manual,2025-06-12T14:00:00,Thursday,14,88,1,0.21406980792401303,0.5785613716035359,0,0,129.06227712526578,macos-latest,0.7108342903099246,0,0,0,docker_build_failed,752
RUN-100279,frontend-web,db017e61fe,dev22,51.0,5,81,328,51,0,65.72166650833482,355,4,0,PullRequest,2025-06-12T15:00:00,Thursday,15,85,0,0.4144081364521092,0.16909767764518902,0,0,112.17884557038239,windows-latest,0.5181958388120912,1,0,1,artifact_upload_error,409
RUN-100280,backend-api,411769634a,dev3,10.0,2,91,138,32,1,87.97768709226722,70,4,0,schedule,2025-06-12T16:00:00,Thursday,16,176,0,0.22911851526130791,0.311421903613511,0,1,162.7697253027158,windows-latest,0.6737578610941388,0,0,1,infra_timeout,229
RUN-100281,mobile-app,eb36100b3f,dev23,67.0,3,268,253,20,1,49.74713157279957,118,10,0,schedule,2025-06-12T17:00:00,Thursday,17,70,0,0.11597456168714236,0.3073460234675366,0,0,119.80707117802415,macos-latest,0.606784145307943,0,0,1,artifact_upload_error,521
RUN-100282,ml-pipeline,745752788e,dev30,41.0,10,67,80,13,1,72.53141809188621,208,6,0,push,2025-06-12T18:00:00,Thursday,18,58,0,0.1660411928370428,0.17298621348201215,0,0,102.24643466387974,macos-latest,0.913640032473343,0,0,1,lint_error,147
RUN-100283,mobile-app,9a7a0668f7,dev3,8.0,8,62,108,12,1,69.37320633738942,311,3,1,PullRequest,2025-06-12T19:00:00,Thursday,19,125,0,0.17423018337265356,0.31684548423510994,1,0,110.1315980770911,ubuntu-latest,0.9516377781388404,0,0,1,docker_build_failed,170
RUN-100284,mobile-app,fc11fde8e8,dev13,80.0,4,553,53,33,0,80.02549784071783,541,22,0,schedule,2025-06-12T20:00:00,Thursday,20,129,0,0.2289873275821663,0.02670186883651838,0,0,188.93696854428697,ubuntu-latest,0.5823793982858205,0,1,0,,606
RUN-100285,infra-terraform,5c8da0e214,dev15,202.0,13,392,297,41,1,57.5484864417719,172,17,0,PullRequest,2025-06-12T21:00:00,Thursday,21,12,0,0.06465626141442815,0.1222349966102294,1,1,57.19677556245129,ubuntu-latest,0.5598142507527857,0,0,0,infra_timeout,689
RUN-100286,frontend-web,d02b35fcbb,dev4,66.0,2,287,51,22,0,69.00257590507675,160,2,0,Push,2025-06-12T22:00:00,Thursday,22,21,0,0.09256302452601518,0.15454266569993552,0,0,94.89935597537637,ubuntu-latest,0.9497415401805457,0,0,1,,338
RUN-100287,mobile-app,51829ac626,dev7,97.0,12,410,563,75,0,73.77168319212294,108,3,3,PullRequest,2025-06-12T23:00:00,Thursday,23,37,0,0.1735242957631376,0.13746756200269336,0,0,121.4403217600027,macos-latest,0.7498562158881709,0,0,1,lint_error,973
RUN-100288,mobile-app,cc9941e48c,dev6,29.0,5,16,77,42,1,87.84088332444551,252,13,0,manual,2025-06-13T00:00:00,Friday,0,156,0,0.4477891028076459,0.09412923602185705,0,0,94.54294213679732,windows-latest,0.6062863176916915,0,0,1,infra_timeout,93
RUN-100289,mobile-app,99c9b2b71c,dev6,6.0,45,658,112,70,2,78.98621960154509,162,7,1,push,2025-06-13T01:00:00,Friday,1,45,1,0.14843558911107782,0.08554506368084089,0,0,139.62726691055835,macos-latest,0.5194513290907764,0,0,0,docker_build_failed,770
RUN-100290,infra-terraform,3763163b4b,dev13,5.0,1,228,253,38,1,60.79814146957366,165,25,1,PullRequest,2025-06-13T02:00:00,Friday,2,198,0,0.45215539773132934,0.36868896479465574,0,0,117.7405824755634,macos-latest,0.6290151469399791,0,0,0,docker_build_failed,481
RUN-100291,backend-api,69fd9d3483,dev14,34.0,1,451,112,23,0,69.15027937535208,187,13,0,Push,2025-06-13T03:00:00,Friday,3,90,0,0.15404460379559162,0.2363047346540347,0,0,130.2393961052138,macos-latest,0.3169929871642131,0,0,1,artifact_upload_error,563
RUN-100292,infra-terraform,515091a5a2,dev8,15.0,4,227,79,48,0,85.6326162319283,294,11,1,Push,2025-06-13T04:00:00,Friday,4,187,0,0.0497557032839436,0.03421082260135106,1,0,124.71312541113139,macos-latest,0.6583900883168148,0,0,0,docker_build_failed,306
RUN-100293,backend-api,13fee961d2,dev9,11.0,4,156,106,16,0,60.59070160892319,135,4,0,Push,2025-06-13T05:00:00,Friday,5,53,0,0.22933755041810228,0.19201697084284922,0,0,115.87818428410732,windows-latest,0.6633783189133037,0,0,0,,262
RUN-100294,mobile-app,07a34061dc,dev6,25.0,15,109,293,68,1,,116,12,0,push,2025-06-13T06:00:00,Friday,6,87,0,0.24507171825420748,0.13578700535533006,0,0,68.36705059106046,macos-latest,0.710865713317331,0,0,1,infra_timeout,402
RUN-100295,mobile-app,58b2d33dbc,dev24,,1,222,53,21,1,74.8905545696847,271,3,0,Push,2025-06-13T07:00:00,Friday,7,31,0,0.22761694463703946,0.23614149481750185,0,1,127.04369716774558,ubuntu-latest,0.7316357774442686,0,0,1,infra_timeout,275
RUN-100296,infra-terraform,04df6c0262,dev7,7.0,6,105,95,93,2,70.37060328095083,30,22,0,PullRequest,2025-06-13T08:00:00,Friday,8,169,0,0.13961796725100709,0.5530607471409795,0,0,49.46364656423714,ubuntu-latest,0.6591456646440654,0,0,0,,200
RUN-100297,mobile-app,2a5d67dab3,dev28,18.0,8,385,111,34,0,100.0,131,12,1,push,2025-06-13T09:00:00,Friday,9,121,0,0.13138306775409372,0.08612884936656413,0,0,93.12156073480627,windows-latest,0.5169580622546999,0,0,1,infra_timeout,496
RUN-100298,backend-api,b9a59d36a8,dev17,,5,25,284,104,0,70.04722248662941,89,5,1,push,2025-06-13T10:00:00,Friday,10,19,0,0.19623298601812397,0.08589308990839592,0,0,139.56821144090623,macos-latest,0.3800605565247482,0,0,1,,309
RUN-100299,frontend-web,b545779bd8,dev25,10.0,1,81,98,18,1,80.39718191241357,465,15,0,manual,2025-06-13T11:00:00,Friday,11,150,0,0.03162449390460706,0.1127795221568953,0,0,167.5875014283372,ubuntu-latest,0.7554461778085501,0,0,1,infra_timeout,179
RUN-100300,backend-api,bd139aad4d,dev20,59.0,10,1407,803,25,0,65.80438655736859,147,43,0,schedule,2025-06-13T12:00:00,Friday,12,178,0,0.10258891143715324,0.12309475513541723,3,0,213.9766450112735,windows-latest,0.3278728593225269,0,0,0,tests_failed,2210
RUN-100301,infra-terraform,5130f341d3,dev8,17.0,8,74,92,60,2,81.33297590399285,135,7,0,schedule,2025-06-13T13:00:00,Friday,13,138,0,0.36036546141771486,0.04107606818348784,1,0,102.86984086383771,ubuntu-latest,0.41003696710215765,0,0,1,docker_build_failed,166
RUN-100302,frontend-web,e3d850ad1f,dev19,44.0,5,114,84,114,0,85.44945116222323,193,13,0,Push,2025-06-13T14:00:00,Friday,14,162,0,0.18644505666941943,0.23358702250687738,0,0,85.39501479119565,macos-latest,0.8565815313572959,0,0,1,tests_failed,198
RUN-100303,infra-terraform,9805475f25,dev9,72.0,3,56,91,169,0,67.94443155904682,132,6,1,push,2025-06-13T15:00:00,Friday,15,58,0,0.2085186092396052,0.11322941168444195,0,1,140.89134203440753,windows-latest,0.5988432567117739,0,0,1,infra_timeout,147
RUN-100304,mobile-app,204343283c,dev4,52.0,3,214,25,46,0,74.34357821737761,151,9,0,push,2025-06-13T16:00:00,Friday,16,89,0,0.13154051387762847,0.17472602475643004,0,1,194.79875259314602,ubuntu-latest,0.6559578872242764,0,0,1,infra_timeout,239
RUN-100305,frontend-web,24cabf06c6,dev8,61.0,3,66,35,194,1,64.25664276130952,214,3,1,Push,2025-06-13T17:00:00,Friday,17,171,0,0.026488124458713,0.1357008761755093,0,1,181.3097917104363,ubuntu-latest,0.4561629552247848,0,0,1,docker_build_failed,101
RUN-100306,backend-api,b16eb3afab,dev9,9.0,5,121,61,35,1,61.2671542554013,149,9,0,manual,2025-06-13T18:00:00,Friday,18,123,0,0.10439459341565965,0.5562876333663406,0,0,78.59683179032474,windows-latest,0.8414974983022917,1,0,1,lint_error,182
RUN-100307,mobile-app,2c460dc70f,dev5,73.0,3,377,383,107,1,87.44154519000247,148,9,1,manual,2025-06-13T19:00:00,Friday,19,124,0,0.3809787350861935,0.21970138551045482,1,0,114.37963250150797,ubuntu-latest,0.881253590875014,0,0,1,lint_error,760
RUN-100308,backend-api,81ddef3acb,dev1,12.0,1,68,106,21,1,68.35198864939622,98,31,0,schedule,2025-06-13T20:00:00,Friday,20,154,1,0.047632473832766996,0.2377666737464941,1,0,154.01469132581695,ubuntu-latest,0.8001086663032392,0,0,0,artifact_upload_error,174
RUN-100309,frontend-web,fde4ee9b1f,dev29,34.0,1,353,64,62,0,46.036652057903154,89,2,0,push,2025-06-13T21:00:00,Friday,21,124,0,0.48766341683836556,0.3099114788087748,0,0,156.78844609745445,ubuntu-latest,0.7579389238647476,0,0,1,,417
RUN-100310,ml-pipeline,0106a47343,dev16,34.0,1,366,423,6,1,96.18427387792347,209,7,1,schedule,2025-06-13T22:00:00,Friday,22,29,0,0.347638958788168,0.24780064561035156,0,0,143.67447695382842,ubuntu-latest,0.7211986915322128,0,1,1,infra_timeout,789
RUN-100311,ml-pipeline,043e92eaec,dev13,41.0,3,473,605,18,2,65.37485612324872,248,22,0,Push,2025-06-13T23:00:00,Friday,23,46,0,0.22626589784228113,0.581867649998401,0,1,102.05005663963514,windows-latest,0.4830030263449114,1,0,1,lint_error,1078
RUN-100312,frontend-web,fe3aca898d,dev28,36.0,3,173,437,64,0,72.04352347502363,73,7,0,push,2025-06-14T00:00:00,Saturday,0,156,0,0.27219438673278934,0.2348352170886931,0,1,143.3186087162931,macos-latest,0.5170546196760168,0,0,1,docker_build_failed,610
RUN-100313,backend-api,95aae40093,dev7,12.0,3,5246,43,15,1,94.69087806593177,341,8,1,push,2025-06-14T01:00:00,Saturday,1,52,0,0.15874983776051468,0.12296712369405728,0,0,157.17403219507972,macos-latest,0.6959172038441848,0,0,1,infra_timeout,5289
RUN-100314,backend-api,207d2c1263,dev13,8.0,4,473,63,62,0,73.29909486974832,342,5,0,PullRequest,2025-06-14T02:00:00,Saturday,2,134,0,0.3845749543887002,0.14684809509013497,1,0,82.7191969739786,windows-latest,0.7444655887531269,0,0,1,artifact_upload_error,536
RUN-100315,ml-pipeline,e5b598d292,dev26,59.0,2,212,808,92,0,73.03996077357763,396,4,0,schedule,2025-06-14T03:00:00,Saturday,3,97,0,0.30420549723906154,0.34427302718053515,1,0,173.20943596442208,macos-latest,0.47614831352826426,0,1,1,artifact_upload_error,1020
RUN-100316,ml-pipeline,e1609a7517,dev19,32.0,10,56,143,29,0,60.2619234653936,247,2,0,manual,2025-06-14T04:00:00,Saturday,4,125,0,0.03386647773074128,0.09596146562919579,0,0,159.67838055858675,macos-latest,0.4646068842308618,0,0,1,,199
RUN-100317,ml-pipeline,89446e266a,dev12,76.0,2,133,81,20,1,55.3819956044692,312,5,0,push,2025-06-14T05:00:00,Saturday,5,51,0,0.12535889125715724,0.019394511676194257,1,0,90.32154001873245,ubuntu-latest,0.6078975027165645,0,0,1,infra_timeout,214
RUN-100318,infra-terraform,9f2dc3312a,dev8,26.0,2,712,242,30,0,73.00336482484646,924,4,1,Push,2025-06-14T06:00:00,Saturday,6,65,1,0.16410637891155444,0.10617684329227178,0,0,156.9963931343779,macos-latest,0.5150880457660627,0,0,1,artifact_upload_error,954
RUN-100319,ml-pipeline,45ef98852e,dev2,7.0,4,973,332,20,0,79.35371728889874,162,9,1,push,2025-06-14T07:00:00,Saturday,7,139,0,0.16659809510438897,0.3646698184278819,0,0,152.524546219378,ubuntu-latest,0.899407696190502,0,0,1,lint_error,1305
RUN-100320,backend-api,0ceedbdbb8,dev3,,1,754,58,41,1,78.66630489852928,96,5,0,PullRequest,2025-06-14T08:00:00,Saturday,8,38,0,0.35120671341071,0.25116528908754604,1,0,154.04610611094807,macos-latest,0.6453630809567773,0,0,1,tests_failed,812
RUN-100321,frontend-web,9835953372,dev5,19.0,1,352,139,48,0,69.22486703436941,68,6,0,Push,2025-06-14T09:00:00,Saturday,9,65,0,0.09822346399982441,0.284238359450876,0,1,183.03892217762723,macos-latest,0.5596447776520748,0,0,1,lint_error,491
RUN-100322,ml-pipeline,4b75138b21,dev24,36.0,7,37,304,34,1,75.2430935921633,684,6,0,PullRequest,2025-06-14T10:00:00,Saturday,10,199,0,0.08353702243930838,0.0544607211406342,0,0,119.58152883720642,ubuntu-latest,0.6085419448757616,0,0,0,,341
RUN-100323,infra-terraform,a9e311a457,dev20,15.0,1,253,30,170,2,52.95348005606439,691,8,0,schedule,2025-06-14T11:00:00,Saturday,11,34,0,0.4015686977043279,0.046169101870550504,0,0,133.2608526329163,ubuntu-latest,0.6450948860649727,0,0,1,docker_build_failed,283
RUN-100324,infra-terraform,d61429f5fa,dev14,119.0,8,37,111,25,0,80.52200424834574,104,6,1,schedule,2025-06-14T12:00:00,Saturday,12,117,0,0.07702132577488269,0.08945191602280833,0,0,14.450869793592659,windows-latest,0.4811326656081028,0,0,1,,148
RUN-100325,backend-api,04a62b5e30,dev24,12.0,11,28,32,136,0,76.93687013724055,120,4,0,PullRequest,2025-06-14T13:00:00,Saturday,13,34,0,0.1407691161050094,0.25377056938805087,0,1,164.63290786297506,macos-latest,0.5863029908967096,0,0,1,,60
RUN-100326,backend-api,9880b2ac0d,dev5,20.0,2,193,37,19,2,98.68393073019429,159,9,1,schedule,2025-06-14T14:00:00,Saturday,14,142,0,0.08336220312605581,0.2860737521077952,0,0,160.78345670360753,windows-latest,0.8370024499933263,0,0,1,,230
RUN-100327,frontend-web,3b35339228,dev7,29.0,4,263,59,47,0,75.08975575714857,472,19,1,manual,2025-06-14T15:00:00,Saturday,15,29,0,0.25581010854529124,0.041694923845279966,0,1,174.24137219138908,ubuntu-latest,,0,0,1,tests_failed,322
RUN-100328,frontend-web,dfb72816d8,dev12,10.0,8,400,185,115,0,63.68796777424705,81,9,1,push,2025-06-14T16:00:00,Saturday,16,116,0,0.21578660562859353,0.24522279455342497,0,0,82.53278371321883,windows-latest,0.7572473467743539,0,0,1,tests_failed,585
RUN-100329,mobile-app,40f02837d6,dev28,36.0,2,256,77,110,2,74.39132239093416,50,5,0,Push,2025-06-14T17:00:00,Saturday,17,90,0,0.11817888904055697,0.32174966480162914,0,0,158.48181543180462,windows-latest,0.34248224136248584,0,0,1,infra_timeout,333
RUN-100330,mobile-app,9c5b6e739e,dev19,115.0,6,266,53,31,1,71.06640239980996,913,8,0,push,2025-06-14T18:00:00,Saturday,18,139,1,0.146295270127535,0.5238495077330118,0,1,160.7499718575182,macos-latest,0.9162095984387914,0,0,1,,319
RUN-100331,backend-api,8db4da3d2f,dev26,17.0,1,50,116,69,1,80.21649442524478,249,2,1,Push,2025-06-14T19:00:00,Saturday,19,5,0,0.16629070808239027,0.1685242505100249,1,0,93.96333549041724,ubuntu-latest,0.479854902578008,0,0,1,artifact_upload_error,166
RUN-100332,backend-api,656b2af186,dev8,38.0,2,132,31,62,0,75.32270474070224,275,8,0,Push,2025-06-14T20:00:00,Saturday,20,105,0,0.168262448201776,0.07061630366387449,0,0,162.23857707856223,ubuntu-latest,0.4888489905354565,0,1,1,lint_error,163
RUN-100333,infra-terraform,ad788deac0,dev26,2.0,1,28,176,29,2,59.88063958736828,173,6,0,Push,2025-06-14T21:00:00,Saturday,21,110,0,0.2932527261939273,0.1500785209628442,0,1,138.52162844131874,macos-latest,0.4859318262614083,0,0,1,lint_error,204
RUN-100334,mobile-app,b9cc09ed88,dev3,26.0,4,16,381,73,1,,277,4,1,manual,2025-06-14T22:00:00,Saturday,22,51,0,0.078856129263181,0.2089935804512554,1,0,52.0795290508386,macos-latest,0.7045137253065427,0,0,1,infra_timeout,397
RUN-100335,infra-terraform,9122d5d9c3,dev7,20.0,8,335,100,198,1,78.1548984315962,69,5,1,Push,2025-06-14T23:00:00,Saturday,23,63,1,0.24245558163975095,0.5184240128643188,1,1,143.37923281879608,windows-latest,0.6209912671742429,0,0,1,,435
RUN-100336,infra-terraform,c227f5b144,dev16,12.0,2,64,87,65,1,91.59737449283087,111,6,0,Push,2025-06-15T00:00:00,Sunday,0,142,0,0.011724913616193357,0.07371283535310824,0,0,89.31172546286676,macos-latest,0.3837116645657621,0,0,0,infra_timeout,151
RUN-100337,backend-api,fbc138b3b7,dev2,71.0,1,387,165,70,1,75.95217460862064,215,18,1,manual,2025-06-15T01:00:00,Sunday,1,112,0,0.268961511248553,0.4056631750497142,0,1,52.96272341553771,ubuntu-latest,0.8986477839847389,0,0,0,infra_timeout,552
RUN-100338,backend-api,6b556f6a26,dev26,20.0,1,502,11,76,0,84.75956824704248,40,19,0,Push,2025-06-15T02:00:00,Sunday,2,117,0,0.1596988380432517,0.18453665887175377,0,1,134.6621310226657,ubuntu-latest,0.7914606662326549,0,0,0,artifact_upload_error,513
RUN-100339,infra-terraform,83bbb702ec,dev27,23.0,4,75,198,13,0,87.1537098504432,162,4,2,PullRequest,2025-06-15T03:00:00,Sunday,3,187,0,0.04290469467573372,0.2572224909705037,0,0,117.38677187610155,windows-latest,0.2785090427229463,1,0,1,,273
RUN-100340,ml-pipeline,033139d5f1,dev17,19.0,14,284,3334,64,0,78.20150214953603,155,6,0,Push,2025-06-15T04:00:00,Sunday,4,83,0,0.1390908087410979,0.17893718189591676,0,0,176.15254284123628,macos-latest,0.7966789883100083,0,0,1,,3618
RUN-100341,backend-api,cbc8870809,dev10,4.0,4,71,96,19,0,65.2261021456631,162,6,0,Push,2025-06-15T05:00:00,Sunday,5,174,0,0.13963992667666558,0.7805239833531333,0,1,127.26876484161951,windows-latest,0.6350087878288776,0,0,1,,167
RUN-100342,ml-pipeline,852dcc345b,dev3,9.0,2,19,96,27,0,77.34369702054677,136,15,0,manual,2025-06-15T06:00:00,Sunday,6,194,0,0.20358337253297162,0.17195980773742234,0,0,151.1407730694808,windows-latest,0.5964494535181405,0,0,1,docker_build_failed,115
RUN-100343,mobile-app,687029096d,dev19,64.0,6,169,249,252,0,89.48487465120577,99,9,1,push,2025-06-15T07:00:00,Sunday,7,117,0,0.014945593670096905,0.04430057066302288,0,0,140.352374642006,macos-latest,,0,0,1,lint_error,418
RUN-100344,infra-terraform,181519a4f0,dev17,4.0,2,88,671,36,1,81.35868659519898,55,9,2,PullRequest,2025-06-15T08:00:00,Sunday,8,46,0,0.3865681458066914,0.233274727138956,0,0,160.83829418771177,ubuntu-latest,0.5919933673253102,0,0,1,tests_failed,759
RUN-100345,backend-api,e3c085f3c5,dev23,13.0,2,91,321,24,0,,221,13,0,push,2025-06-15T09:00:00,Sunday,9,86,0,0.09728141125060966,0.18597094106518658,0,0,84.5437061983902,windows-latest,0.328804095070423,1,0,1,,412
RUN-100346,infra-terraform,651f31c9a8,dev19,18.0,1,1303,10,112,0,69.4494450996981,162,5,0,schedule,2025-06-15T10:00:00,Sunday,10,14,0,0.052372993856614425,0.1338026396834079,1,0,127.94146520450732,macos-latest,0.47298443270650753,0,0,1,tests_failed,1313
RUN-100347,infra-terraform,aebdaae928,dev4,130.0,10,27,204,20,0,72.57175488305421,76,23,0,schedule,2025-06-15T11:00:00,Sunday,11,141,0,0.1290407943489503,0.12403911457152611,0,0,114.3705638771121,ubuntu-latest,0.5127364102337156,1,0,1,lint_error,231
RUN-100348,frontend-web,263d627c78,dev4,54.0,1,226,1861,31,0,73.5752722691956,209,9,0,Push,2025-06-15T12:00:00,Sunday,12,58,0,0.13783434083370838,0.28362088408253255,0,0,146.14733535355083,windows-latest,0.6833637960290322,0,0,0,docker_build_failed,2087
RUN-100349,frontend-web,f6281dd45c,dev24,,6,49,218,121,1,74.38394396955844,162,4,1,PullRequest,2025-06-15T13:00:00,Sunday,13,185,0,0.09452434203130337,0.45283194078541716,0,0,130.23252307056657,windows-latest,0.6018161174091047,0,0,0,artifact_upload_error,267
RUN-100350,mobile-app,2dae5bfb43,dev5,87.0,2,403,30,46,0,89.0154997921483,145,7,0,push,2025-06-15T14:00:00,Sunday,14,132,0,0.09976642811786542,0.09193960487336796,0,0,95.4384853605667,ubuntu-latest,0.5090913693019622,0,0,0,docker_build_failed,433
RUN-100351,frontend-web,33152f1dae,dev29,13.0,2,206,149,12,0,46.83391525994199,44,21,2,manual,2025-06-15T15:00:00,Sunday,15,100,0,0.02636642229862556,0.10721232196704268,0,0,106.48265840325938,ubuntu-latest,0.560776991473516,0,0,0,,355
RUN-100352,backend-api,dbe64cfdeb,dev4,67.0,12,225,26,69,1,75.36645965498205,323,6,2,push,2025-06-15T16:00:00,Sunday,16,41,0,0.2506695669531935,0.27020441298050263,0,0,185.94010834155603,windows-latest,0.3345587906188542,0,0,1,infra_timeout,251
RUN-100353,mobile-app,e99f05d0fb,dev22,7.0,1,52,426,32,0,74.04604349166175,84,17,0,Push,2025-06-15T17:00:00,Sunday,17,24,0,0.041330947287317295,0.3033941500416234,0,0,52.22595527154864,macos-latest,0.9548031090270303,0,0,1,lint_error,478
RUN-100354,infra-terraform,364f4ae13e,dev30,71.0,1,63,38,153,0,58.54198630267021,209,5,0,push,2025-06-15T18:00:00,Sunday,18,136,0,0.11648081010927183,0.3827015702831911,0,0,148.37458827461336,windows-latest,0.7881504296415436,1,0,1,tests_failed,101
RUN-100355,infra-terraform,7844defa57,dev14,18.0,2,411,119,27,1,83.06120659904958,113,5,3,schedule,2025-06-15T19:00:00,Sunday,19,154,0,0.3301996634948189,0.09666653764359585,0,0,169.6578518693206,macos-latest,0.6973609426187631,0,0,1,lint_error,530
RUN-100356,frontend-web,bbc65272e1,dev2,10.0,4,1040,42,103,0,66.30599769666091,152,14,1,Push,2025-06-15T20:00:00,Sunday,20,56,1,0.07523576127939885,0.25939232844556104,0,0,143.15348610009548,macos-latest,0.7755160668436887,0,1,1,infra_timeout,1082
RUN-100357,infra-terraform,e0dc93a4a4,dev27,22.0,2,251,60,185,1,70.71560820776209,448,4,1,schedule,2025-06-15T21:00:00,Sunday,21,7,0,0.21127897099219808,0.208804762008941,0,1,198.8403300519198,ubuntu-latest,0.778434763060123,1,0,1,,311
RUN-100358,frontend-web,610998f0a5,dev6,34.0,1,55,563,22,1,97.18538289304851,290,16,0,Push,2025-06-15T22:00:00,Sunday,22,67,1,0.1223342971596576,0.2033773188268429,0,0,157.5406258830089,macos-latest,0.555560199879989,0,0,1,docker_build_failed,618
RUN-100359,ml-pipeline,845b639b69,dev16,17.0,1,215,123,38,2,87.11968379446867,441,11,0,schedule,2025-06-15T23:00:00,Sunday,23,154,0,0.2430327731755039,0.38000817705249124,0,0,135.3649485495079,windows-latest,0.43328236954140986,0,0,0,artifact_upload_error,338
RUN-100360,infra-terraform,bde1206e16,dev30,44.0,9,2143,59,61,0,81.8938432697414,252,4,1,manual,2025-06-16T00:00:00,Monday,0,118,0,0.2598428836053643,0.21795965835626296,1,0,101.33081766328445,windows-latest,0.5269701004716174,0,0,1,docker_build_failed,2202
RUN-100361,infra-terraform,bb2bba34a7,dev23,16.0,3,166,31,22,1,79.56932321573285,264,8,0,manual,2025-06-16T01:00:00,Monday,1,21,0,0.25042773481583863,0.0627727279935441,0,1,136.10669788723737,macos-latest,0.2275672288211966,0,0,1,,197
RUN-100362,backend-api,c870133888,dev2,47.0,4,741,14,55,1,73.0238397306559,57,6,1,schedule,2025-06-16T02:00:00,Monday,2,27,0,0.3514966869254846,0.4018902301165416,0,1,147.26727680752376,ubuntu-latest,0.750638461173004,0,0,1,,755
RUN-100363,infra-terraform,91e72ec7f3,dev25,40.0,2,65,27,37,0,98.99252718444122,160,11,1,push,2025-06-16T03:00:00,Monday,3,25,0,0.09498111385896504,0.059088099090662385,0,0,120.1400169744111,ubuntu-latest,0.8392799199113122,0,0,1,docker_build_failed,92
RUN-100364,frontend-web,1ac80e1371,dev5,25.0,1,141,124,36,2,84.62601157728287,171,33,0,Push,2025-06-16T04:00:00,Monday,4,152,0,0.13102203427541653,0.16279742078771786,0,0,90.28693563021727,macos-latest,0.6976292730800594,0,0,1,docker_build_failed,265
RUN-100365,mobile-app,e76acb28c7,dev23,18.0,12,293,323,46,0,66.00540103241697,471,6,0,push,2025-06-16T05:00:00,Monday,5,157,0,0.21637057514539257,0.3743945455855218,1,0,71.83109335974218,windows-latest,0.4745086539286765,0,0,1,infra_timeout,616
RUN-100366,mobile-app,dd962974b3,dev19,31.0,2,229,59,47,1,58.19877266138815,140,13,0,PullRequest,2025-06-16T06:00:00,Monday,6,84,0,0.05124548564976795,0.17640882099563962,0,0,127.41627541523891,windows-latest,0.7352081134178652,0,0,0,tests_failed,288
RUN-100367,backend-api,cc501d11dc,dev9,44.0,2,63,618,50,1,81.80205602387123,241,9,1,manual,2025-06-16T07:00:00,Monday,7,139,1,0.14014435034066894,0.07768147331582245,1,0,60.78735168873716,windows-latest,0.6267487822312833,0,0,1,tests_failed,681
RUN-100368,frontend-web,1990965980,dev13,173.0,7,60,49,27,0,74.32957044145866,234,9,0,manual,2025-06-16T08:00:00,Monday,8,9,0,0.08112931502835682,0.16104716547857156,0,0,101.13829242169936,windows-latest,0.847442212098885,1,0,0,artifact_upload_error,109
RUN-100369,ml-pipeline,345362c700,dev4,63.0,1,440,84,28,0,57.85274199664599,450,8,0,schedule,2025-06-16T09:00:00,Monday,9,114,0,0.5039452871549696,0.2916713032304016,0,0,22.730381164925518,windows-latest,0.9461589431518411,0,0,1,docker_build_failed,524
RUN-100370,backend-api,be5c97f16e,dev30,65.0,2,550,33,40,2,80.14303398853899,182,4,2,schedule,2025-06-16T10:00:00,Monday,10,58,0,0.47108431479634205,0.08337680444143798,0,0,153.32074118484985,windows-latest,0.5555678049218136,0,0,1,artifact_upload_error,583
RUN-100371,ml-pipeline,05ec825d74,dev8,436.0,3,783,326,43,0,71.77167407626175,357,11,1,schedule,2025-06-16T11:00:00,Monday,11,165,0,0.05989456369822789,0.28646320202657494,1,0,166.1618683668475,windows-latest,0.39920482757838344,0,0,1,lint_error,1109
RUN-100372,mobile-app,faae773135,dev10,43.0,3,1079,1104,31,0,81.36797910632964,60,7,0,Push,2025-06-16T12:00:00,Monday,12,100,0,0.2936060043286992,0.29618282579153693,0,0,123.15792241049758,ubuntu-latest,0.7285883108114203,0,0,1,artifact_upload_error,2183
RUN-100373,backend-api,608c8dc3fc,dev16,41.0,4,172,15,57,0,80.30088257497088,64,4,1,PullRequest,2025-06-16T13:00:00,Monday,13,171,0,0.13398739297612214,0.15712253240812551,0,0,193.25836127439197,windows-latest,0.517828739898332,0,0,1,tests_failed,187
RUN-100374,infra-terraform,b824ddbfce,dev21,51.0,17,105,75,10,1,67.70083174147393,40,18,0,Push,2025-06-16T14:00:00,Monday,14,114,0,0.3389016998862497,0.19866712323866392,1,0,173.8954700886509,macos-latest,0.4684858525872969,0,0,0,,180
RUN-100375,frontend-web,e337dbddee,dev16,10.0,4,655,441,24,0,82.59413717309046,347,9,2,push,2025-06-16T15:00:00,Monday,15,94,1,0.2044027853942073,0.3712705165928454,0,1,139.1914286058884,macos-latest,0.6957620527687232,0,0,1,lint_error,1096
RUN-100376,ml-pipeline,650676dfa0,dev16,18.0,1,325,22,35,1,69.02513900838122,321,7,1,manual,2025-06-16T16:00:00,Monday,16,189,0,0.18440254619248592,0.4073227511241513,0,0,115.4714255635113,windows-latest,0.6752313141667592,1,0,1,lint_error,347
RUN-100377,ml-pipeline,51b2aab1a0,dev18,17.0,4,50,205,22,1,69.80541752182835,375,23,0,manual,2025-06-16T17:00:00,Monday,17,199,0,0.15948234074469286,0.24546161319471413,0,0,106.02407524467009,windows-latest,0.2790360051575007,0,0,1,infra_timeout,255
RUN-100378,backend-api,9bd6756859,dev26,48.0,3,47,421,164,0,68.61274312054347,124,2,0,manual,2025-06-16T18:00:00,Monday,18,93,1,0.0834058963766207,0.3485096406687345,1,2,142.49964297439956,windows-latest,0.6304489578974053,0,0,1,artifact_upload_error,468
RUN-100379,backend-api,94bbb83792,dev12,23.0,3,254,119,45,0,88.57169313367525,135,21,0,schedule,2025-06-16T19:00:00,Monday,19,74,0,0.21128823939753855,0.1747986497376825,0,0,114.3509263642285,macos-latest,0.6279104763927551,0,0,1,artifact_upload_error,373
RUN-100380,frontend-web,68bd65c762,dev25,30.0,4,122,201,51,0,71.63313134334767,184,4,1,manual,2025-06-16T20:00:00,Monday,20,131,0,0.35902922388385994,0.011423858023422545,0,0,141.929208066298,ubuntu-latest,0.8285928059990347,0,0,1,tests_failed,323
RUN-100381,infra-terraform,9a0de91002,dev24,72.0,3,144,762,30,2,91.46931816677102,550,10,1,schedule,2025-06-16T21:00:00,Monday,21,38,0,0.13310762897834083,0.09392009028454391,1,0,144.89814455331384,windows-latest,0.6038567056468016,0,0,0,infra_timeout,906
RUN-100382,infra-terraform,ef75274793,dev29,58.0,3,482,937,44,1,96.40181844224232,655,5,0,schedule,2025-06-16T22:00:00,Monday,22,80,0,0.24203161964953956,0.01742102977642868,0,0,110.81683008759418,macos-latest,0.7339194877148034,1,0,1,,1419
RUN-100383,backend-api,77b7459881,dev28,,5,342,102,16,0,66.13537035774661,349,4,2,Push,2025-06-16T23:00:00,Monday,23,169,0,0.39485378010436684,0.18936996894093372,0,0,163.83143262491956,windows-latest,0.5073338005105873,0,0,0,docker_build_failed,444
RUN-100384,frontend-web,325db21011,dev24,14.0,2,640,61,39,0,39.9480562236368,252,22,0,manual,2025-06-17T00:00:00,Tuesday,0,179,0,0.4224122326449512,0.0211867522018646,0,0,110.85794972110347,windows-latest,0.2954591820053895,0,0,1,lint_error,701
RUN-100385,frontend-web,6090924056,dev8,75.0,1,17,39,21,0,87.53411451925527,510,33,1,manual,2025-06-17T01:00:00,Tuesday,1,86,0,0.1776097673222768,0.058222123987257214,0,0,120.85354194581299,ubuntu-latest,0.3671478001387365,0,0,1,docker_build_failed,56
RUN-100386,frontend-web,64e431f95c,dev24,54.0,37,196,322,35,2,70.8963372316783,167,7,1,Push,2025-06-17T02:00:00,Tuesday,2,81,0,0.06317503090488039,0.14815466270542257,0,0,80.89901598702534,macos-latest,0.8252874191142352,0,0,1,docker_build_failed,518
RUN-100387,infra-terraform,219056dcc4,dev23,6.0,1,318,24,5,0,64.6057630424161,152,11,0,PullRequest,2025-06-17T03:00:00,Tuesday,3,175,0,0.3862434139464186,0.5190621972160556,0,0,109.17533060028296,windows-latest,0.6887610218512809,0,0,1,tests_failed,342
RUN-100388,infra-terraform,29b1f25855,dev9,20.0,3,27,83,18,0,67.93538272616438,183,9,0,schedule,2025-06-17T04:00:00,Tuesday,4,44,0,0.2233274660490019,0.31781224501979366,0,0,206.3279382390165,windows-latest,0.3508552100693956,0,0,0,,110
RUN-100389,frontend-web,af3f75c54e,dev21,31.0,1,72,123,144,2,70.02223414360765,100,30,1,manual,2025-06-17T05:00:00,Tuesday,5,16,1,0.1442027735218612,0.18041561735576098,0,0,83.98453724519123,windows-latest,0.7015148807673172,0,0,1,docker_build_failed,195
RUN-100390,ml-pipeline,56e8039c0b,dev8,54.0,3,58,63,86,0,90.56631708832488,177,2,1,manual,2025-06-17T06:00:00,Tuesday,6,19,0,0.14154659887168317,0.27995696894914857,0,0,137.5084944149641,macos-latest,0.4902009607635706,0,0,0,lint_error,121
RUN-100391,frontend-web,f474389406,dev16,61.0,1,151,149,128,0,76.91893487181018,91,11,0,push,2025-06-17T07:00:00,Tuesday,7,26,0,0.03369107681021252,0.14693023090218088,0,0,101.82035391021734,ubuntu-latest,0.19419197828042545,1,0,0,,300
RUN-100392,backend-api,3e5c5b36ba,dev24,35.0,2,889,1846,135,0,90.40318356129762,410,5,1,manual,2025-06-17T08:00:00,Tuesday,8,176,0,0.28046807347657543,0.3745467080193489,0,0,31.443939939362323,macos-latest,0.5185670737119381,0,0,1,infra_timeout,2735
RUN-100393,mobile-app,19531dca32,dev6,,7,1373,96,76,1,80.93064143134194,293,1,0,push,2025-06-17T09:00:00,Tuesday,9,12,1,0.09652244237181162,0.0319110862490822,0,1,142.35881693147365,ubuntu-latest,0.6987841645650917,0,0,1,docker_build_failed,1469
RUN-100394,ml-pipeline,c0e5accf79,dev11,28.0,4,60,68,31,0,71.28923131259418,544,7,0,schedule,2025-06-17T10:00:00,Tuesday,10,69,1,0.12907879529703825,0.20979631796978768,1,1,97.75502964238389,ubuntu-latest,0.6839875047911032,1,0,1,infra_timeout,128
RUN-100395,infra-terraform,e18b942595,dev24,14.0,5,264,335,19,2,,64,32,1,manual,2025-06-17T11:00:00,Tuesday,11,122,0,0.1882598326720064,0.2677214396659767,1,0,132.76164865365357,windows-latest,0.8400518772082228,0,0,1,tests_failed,599
RUN-100396,frontend-web,47326fdc58,dev14,21.0,1,274,143,111,0,81.73930500899522,758,5,0,PullRequest,2025-06-17T12:00:00,Tuesday,12,123,0,0.4544664469842136,0.15417982381622325,1,1,159.58875850287487,macos-latest,0.5382207244068705,0,0,1,lint_error,417
RUN-100397,frontend-web,33bc0bbb7a,dev29,27.0,14,227,535,47,0,84.8451075519925,66,15,1,push,2025-06-17T13:00:00,Tuesday,13,167,0,0.2551944969364436,0.18721244074920518,1,0,129.38393536752352,ubuntu-latest,0.6099116653991679,0,1,0,tests_failed,762
RUN-100398,backend-api,2f8e5e91f9,dev1,26.0,1,230,131,328,1,86.96151222841043,86,20,1,manual,2025-06-17T14:00:00,Tuesday,14,196,0,0.28224987600934676,0.24342631759567268,1,1,133.13195383617983,macos-latest,0.5666364153131395,1,0,1,infra_timeout,361
RUN-100399,backend-api,85a299227a,dev22,4.0,11,207,83,33,1,71.86153786349108,129,8,0,PullRequest,2025-06-17T15:00:00,Tuesday,15,83,0,0.2487556109303843,0.03981228442213407,0,0,85.282403047717,windows-latest,0.4796082746369259,0,0,1,lint_error,290
RUN-100400,infra-terraform,77ea272b0e,dev25,18.0,7,949,15,216,1,77.10247027685367,500,9,0,Push,2025-06-17T16:00:00,Tuesday,16,50,0,0.18618350399828415,0.4761412395027568,0,1,148.27301443431838,ubuntu-latest,0.42031602717519584,0,0,0,lint_error,964
RUN-100401,ml-pipeline,426aa63b74,dev28,28.0,5,499,18,39,1,82.00848491106392,234,2,0,Push,2025-06-17T17:00:00,Tuesday,17,22,1,0.05856336743368017,0.05934632219224794,0,0,112.41263944838914,windows-latest,0.6075542934582453,0,0,1,tests_failed,517
RUN-100402,backend-api,0b90772420,dev5,21.0,1,46,14,130,0,70.39241968875766,168,5,0,PullRequest,2025-06-17T18:00:00,Tuesday,18,178,0,0.12230884273192745,0.3653219858775878,0,0,40.06285570797874,windows-latest,0.5910912255872848,0,0,1,,60
RUN-100403,infra-terraform,7b43043802,dev30,21.0,3,356,166,173,1,61.380719594366795,115,17,1,manual,2025-06-17T19:00:00,Tuesday,19,77,0,0.3419082502377705,0.2789872834653305,0,0,153.0897771484772,windows-latest,,0,0,1,artifact_upload_error,522
RUN-100404,mobile-app,f596ce0316,dev12,42.0,2,396,24,19,0,65.32474719957452,76,9,0,PullRequest,2025-06-17T20:00:00,Tuesday,20,180,0,0.17926401944717454,0.05157327284704121,0,0,165.31931411730056,macos-latest,0.761885002187531,0,0,1,artifact_upload_error,420
RUN-100405,mobile-app,a70b7f933e,dev11,10.0,3,209,437,30,0,72.10757468942417,442,11,2,Push,2025-06-17T21:00:00,Tuesday,21,72,0,0.11067119294698365,0.06205531212553292,0,0,179.2448982223389,macos-latest,0.86506995080276,1,0,0,,646
RUN-100406,mobile-app,7ed98487ac,dev11,6.0,2,515,113,19,2,82.94648567064361,350,9,0,PullRequest,2025-06-17T22:00:00,Tuesday,22,152,0,0.48047204414251654,0.07697636359100526,0,1,206.83292009624893,ubuntu-latest,0.675145522408948,0,0,1,tests_failed,628
RUN-100407,frontend-web,1c5650d5e2,dev20,19.0,1,182,84,16,1,90.10772994686522,516,41,0,Push,2025-06-17T23:00:00,Tuesday,23,130,0,0.2572616559550647,0.10455509736922305,0,0,150.94138190511032,macos-latest,0.834318684874717,1,0,1,lint_error,266
RUN-100408,infra-terraform,409faa2c3b,dev20,53.0,8,185,43,76,0,58.727433495184556,264,6,2,manual,2025-06-18T00:00:00,Wednesday,0,144,0,0.25046559947583114,0.11440441139811161,0,0,140.55888471074158,ubuntu-latest,0.564476302266259,0,0,1,infra_timeout,228
RUN-100409,frontend-web,4b764e3922,dev15,123.0,3,169,217,38,0,67.83185983284021,31,27,0,PullRequest,2025-06-18T01:00:00,Wednesday,1,132,0,0.18730606620402318,0.43160815574949324,1,0,163.66190967820268,macos-latest,0.6161945894533386,0,0,0,docker_build_failed,386
RUN-100410,frontend-web,c3ca2a6650,dev3,54.0,2,16,45,46,2,70.70565003524098,83,9,1,Push,2025-06-18T02:00:00,Wednesday,2,64,0,0.12248633791306918,0.11153458723821794,0,0,84.52019413272464,macos-latest,0.8490734376926475,0,1,1,artifact_upload_error,61
RUN-100411,backend-api,e0701e6a4d,dev30,7.0,2,135,37,69,0,84.53660438767973,277,29,1,manual,2025-06-18T03:00:00,Wednesday,3,25,1,0.18726677062148367,0.10477693383688046,0,1,53.12122275420596,macos-latest,0.6298354514504504,0,0,0,infra_timeout,172
RUN-100412,backend-api,e6d20021c5,dev7,21.0,4,71,406,10,0,68.662673575338,154,3,1,manual,2025-06-18T04:00:00,Wednesday,4,7,0,0.15888600210230958,0.07572384944874742,0,0,100.91964765982297,ubuntu-latest,0.4153715732604586,0,0,0,artifact_upload_error,477
RUN-100413,frontend-web,fc0cb0351a,dev3,34.0,1,40,162,125,0,69.84321198063034,135,10,0,PullRequest,2025-06-18T05:00:00,Wednesday,5,86,0,0.1766692830548861,0.3854307538231484,0,1,171.08976709412062,ubuntu-latest,0.8885510653935068,0,0,1,infra_timeout,202
RUN-100414,frontend-web,fb7c62089d,dev18,31.0,1,718,84,33,0,58.05608907419732,92,6,0,PullRequest,2025-06-18T06:00:00,Wednesday,6,178,0,0.032202250136951674,0.05567172655874634,1,0,93.55603471262228,macos-latest,0.6988270582707993,0,0,1,docker_build_failed,802
RUN-100415,ml-pipeline,f3f7c04c5a,dev13,44.0,4,258,222,68,0,80.8008877916791,388,9,3,manual,2025-06-18T07:00:00,Wednesday,7,130,0,0.2823173573668745,0.37836347120424463,0,1,138.62442350636476,ubuntu-latest,0.6055033260449917,0,0,1,docker_build_failed,480
RUN-100416,infra-terraform,1262ef9096,dev19,11.0,5,143,111,73,2,73.06321110484134,275,21,0,push,2025-06-18T08:00:00,Wednesday,8,136,0,0.20188779800854262,0.4596130231684987,1,1,142.93189210861937,windows-latest,0.4115173917905849,0,0,1,lint_error,254
RUN-100417,frontend-web,23466fea68,dev27,28.0,2,79,167,133,0,67.15145958024485,284,11,1,PullRequest,2025-06-18T09:00:00,Wednesday,9,55,0,0.22621015042546383,0.13290138728896334,0,0,129.77060549767663,ubuntu-latest,0.18661817352844465,0,0,1,,246
RUN-100418,backend-api,4df184adf0,dev3,39.0,1,205,44,41,0,71.88584130621484,128,21,1,push,2025-06-18T10:00:00,Wednesday,10,99,0,0.23920311646067022,0.3513145736807315,1,0,68.89470579326235,ubuntu-latest,0.9387730774288309,0,0,1,docker_build_failed,249
RUN-100419,mobile-app,8d8abd6f38,dev9,57.0,3,441,1072,8,1,88.52394602317516,226,5,0,push,2025-06-18T11:00:00,Wednesday,11,84,0,0.4506469060137459,0.17097908549364327,0,0,133.70822984448728,ubuntu-latest,0.8593302294471858,0,0,1,tests_failed,1513
RUN-100420,infra-terraform,18d38afc6c,dev16,13.0,1,59,58,46,0,62.94135710016188,78,5,1,push,2025-06-18T12:00:00,Wednesday,12,31,0,0.14906959423388466,0.07701833750648023,0,0,103.13786145007907,ubuntu-latest,0.7654149860244346,0,0,1,tests_failed,117
RUN-100421,ml-pipeline,d8862640d1,dev24,19.0,1,147,608,52,1,64.90008442675685,182,9,3,push,2025-06-18T13:00:00,Wednesday,13,124,0,0.0887058835467958,0.2235761361353354,0,0,188.11444768822494,macos-latest,0.626559201166756,0,0,1,,755
RUN-100422,ml-pipeline,9de3bba2be,dev19,2.0,1,385,89,19,1,90.02702936958745,34,8,0,Push,2025-06-18T14:00:00,Wednesday,14,75,1,0.34443556096630495,0.3011504465063261,0,0,165.47513851740854,ubuntu-latest,0.6162066597301543,0,0,1,artifact_upload_error,474
RUN-100423,mobile-app,8ad864ba67,dev12,15.0,6,17,267,50,1,75.9092979362263,66,7,1,manual,2025-06-18T15:00:00,Wednesday,15,83,0,0.18103627528017727,0.32545559657969103,2,0,104.54827696343577,macos-latest,0.7870175237691123,0,0,1,tests_failed,284
RUN-100424,mobile-app,2a51d7c785,dev19,16.0,2,139,246,33,1,83.037049160543,159,4,1,Push,2025-06-18T16:00:00,Wednesday,16,121,0,0.20000150745658773,0.1726827046413699,0,0,190.62945913965214,ubuntu-latest,0.5411474115394279,1,0,0,docker_build_failed,385
RUN-100425,frontend-web,40d559cc14,dev30,10.0,2,92,388,15,1,79.82102292006824,1056,20,0,push,2025-06-18T17:00:00,Wednesday,17,11,0,0.044782228240545216,0.02782099736653865,0,0,133.74845637167442,windows-latest,0.6649766265967236,0,0,1,tests_failed,480
RUN-100426,infra-terraform,290a357874,dev15,31.0,15,128,43,76,1,74.57598537247262,56,7,1,Push,2025-06-18T18:00:00,Wednesday,18,187,0,0.2675429059728853,0.03398966118271567,0,0,53.13453874231419,ubuntu-latest,0.7110583457694966,0,0,1,,171
RUN-100427,infra-terraform,da184a9b1b,dev27,25.0,4,85,358,28,1,70.82041057021732,83,24,0,schedule,2025-06-18T19:00:00,Wednesday,19,48,0,0.14340774459147837,0.12224498831389906,0,1,116.86778868774533,macos-latest,0.702112856988869,0,0,1,infra_timeout,443
RUN-100428,frontend-web,958ff5005f,dev24,3.0,4,172,838,32,0,,233,9,0,manual,2025-06-18T20:00:00,Wednesday,20,137,0,0.31590797935593995,0.358863107502673,1,0,185.41111711849086,ubuntu-latest,0.7964590325966694,0,0,1,tests_failed,1010
RUN-100429,ml-pipeline,bc31713186,dev10,32.0,2,1231,82,30,1,88.94803881373386,691,14,1,Push,2025-06-18T21:00:00,Wednesday,21,156,0,0.16434214629796998,0.1168223314553625,0,0,87.20645988738946,macos-latest,0.34188479350293943,0,0,0,tests_failed,1313
RUN-100430,frontend-web,4bc8cf48bd,dev8,11.0,2,103,114,120,1,88.01026016419316,230,13,2,PullRequest,2025-06-18T22:00:00,Wednesday,22,35,0,0.23816845913329163,0.1987138741302519,0,0,117.27040379457073,macos-latest,0.26154729992869863,0,0,0,,217
RUN-100431,ml-pipeline,5f0a69aed9,dev24,41.0,1,204,61,43,0,60.77434039622779,327,5,0,manual,2025-06-18T23:00:00,Wednesday,23,53,0,0.0674737029115884,0.15361035437679954,0,0,65.60614728944788,windows-latest,0.853379570498917,0,0,1,infra_timeout,265
RUN-100432,infra-terraform,67a4932fd5,dev7,8.0,7,1331,75,47,1,90.65893221413195,158,11,1,manual,2025-06-19T00:00:00,Thursday,0,85,0,0.10362413743833956,0.08594774060599857,0,0,71.95468133859414,windows-latest,0.8678027746235997,0,1,1,tests_failed,1406
RUN-100433,frontend-web,c29057581c,dev11,27.0,4,81,722,31,0,70.70477694962825,140,34,0,schedule,2025-06-19T01:00:00,Thursday,1,164,0,0.38604849705813693,0.12423346310152397,1,0,86.630410243842,ubuntu-latest,0.6572862341472231,0,0,1,artifact_upload_error,803
RUN-100434,mobile-app,c5b8ece707,dev8,21.0,2,1092,36,64,0,65.93964554946199,212,10,0,schedule,2025-06-19T02:00:00,Thursday,2,128,0,0.1969099163693324,0.23233227334207418,0,0,70.90407020834104,macos-latest,0.6058934502966696,0,0,1,tests_failed,1128
RUN-100435,frontend-web,34f1bb390b,dev19,35.0,2,149,39,131,1,72.96806763877832,126,16,0,PullRequest,2025-06-19T03:00:00,Thursday,3,96,0,0.3015381670036465,0.043655240875638004,0,1,95.26903661190187,macos-latest,0.6981598464359788,1,0,1,lint_error,188
RUN-100436,mobile-app,f108b0c59a,dev9,30.0,5,1053,646,75,0,84.97354122298478,332,14,1,push,2025-06-19T04:00:00,Thursday,4,170,0,0.04547241263285643,0.08394691366958172,1,0,189.53133138004125,windows-latest,0.6423525806223569,0,0,1,lint_error,1699
RUN-100437,infra-terraform,1ee344a868,dev20,21.0,1,338,218,77,0,81.48557020833675,65,11,0,Push,2025-06-19T05:00:00,Thursday,5,97,0,0.17543588128424814,0.3504000370022961,0,0,118.55709736003625,macos-latest,0.7553111831101706,0,1,0,infra_timeout,556
RUN-100438,frontend-web,e56841bd3b,dev29,6.0,2,208,1132,72,0,71.93536305774879,373,10,0,manual,2025-06-19T06:00:00,Thursday,6,177,1,0.2009844370752878,0.058883178913133064,0,0,151.42086803648414,macos-latest,0.5406935363924933,1,0,1,artifact_upload_error,1340
RUN-100439,backend-api,19b3876eba,dev25,7.0,1,138,66,14,1,85.0519904025357,205,13,1,schedule,2025-06-19T07:00:00,Thursday,7,155,0,0.09710050481650087,0.26903917362014806,0,1,163.6627606763235,windows-latest,0.6186777971551992,1,0,1,,204
RUN-100440,infra-terraform,43b8e18d62,dev29,16.0,13,74,126,22,0,76.67832696911321,172,15,0,manual,2025-06-19T08:00:00,Thursday,8,38,0,0.12054421130425404,0.11019716609439136,0,0,75.66254140512754,ubuntu-latest,0.5402453341545974,0,0,1,tests_failed,200
RUN-100441,backend-api,d8b2d13d2d,dev1,26.0,6,161,53,37,1,68.12434241352751,63,3,0,schedule,2025-06-19T09:00:00,Thursday,9,79,1,0.06766899529778668,0.057032095359422906,1,0,86.73950350296218,ubuntu-latest,0.643525589734306,0,0,1,artifact_upload_error,214
RUN-100442,frontend-web,2df331449e,dev14,15.0,1,398,128,25,1,66.50357660449808,100,10,0,PullRequest,2025-06-19T10:00:00,Thursday,10,9,0,0.1796126608459763,0.2002202960011749,0,0,150.63274909843454,macos-latest,0.3266473750081111,0,0,0,docker_build_failed,526
RUN-100443,mobile-app,69df9683a6,dev7,47.0,1,146,15,19,1,79.92281813305944,463,7,1,Push,2025-06-19T11:00:00,Thursday,11,51,0,0.18469620378650364,0.29422310068740226,0,0,94.6286797794582,macos-latest,0.5784026713278702,0,0,1,lint_error,161
RUN-100444,mobile-app,7329faa50f,dev28,21.0,2,104,233,9,2,74.00978717021277,173,6,1,Push,2025-06-19T12:00:00,Thursday,12,9,0,0.14921375233422515,0.06556969314598304,0,0,147.9834868649854,ubuntu-latest,0.8666797080268146,1,0,1,,337
RUN-100445,ml-pipeline,3ec94ac42f,dev22,11.0,2,112,156,15,1,58.49393815903636,243,22,1,PullRequest,2025-06-19T13:00:00,Thursday,13,25,0,0.1946000610099118,0.27305396485654554,0,0,187.0928968415059,macos-latest,0.6070479155385019,0,0,1,docker_build_failed,268
RUN-100446,backend-api,b5d2a127e1,dev10,21.0,1,442,103,36,0,85.16593791683404,108,5,0,Push,2025-06-19T14:00:00,Thursday,14,5,0,0.09517722476651713,0.08479795296128345,0,0,61.78468450357073,macos-latest,0.8331232527732256,1,0,0,infra_timeout,545
RUN-100447,infra-terraform,d9f1114d22,dev17,33.0,15,571,71,42,2,69.23669965650696,196,3,0,schedule,2025-06-19T15:00:00,Thursday,15,136,0,0.2604313141621217,0.23144808551547771,0,0,105.72263348626102,windows-latest,0.5635538467420137,0,0,1,infra_timeout,642
RUN-100448,mobile-app,dfe4280793,dev19,36.0,4,71,41,23,0,94.10543577586553,76,15,1,manual,2025-06-19T16:00:00,Thursday,16,84,0,0.1349887834750761,0.26565466092285694,0,0,112.06914509156235,windows-latest,0.40849616050197335,0,0,1,lint_error,112
RUN-100449,backend-api,56ddd0eebf,dev15,147.0,4,71,244,47,0,58.16412017814347,214,3,0,push,2025-06-19T17:00:00,Thursday,17,96,0,0.11277182584936682,0.17034853568046907,0,1,98.94534195718316,macos-latest,0.6390227364923062,0,0,1,artifact_upload_error,315
RUN-100450,infra-terraform,87e5cfba88,dev15,14.0,1,225,30,31,0,72.83149684331987,259,2,0,schedule,2025-06-19T18:00:00,Thursday,18,154,0,0.2308031816671828,0.249573619273243,1,0,95.68103973337796,macos-latest,0.2781837311810011,0,0,1,tests_failed,255
RUN-100451,infra-terraform,3f978fe4b8,dev2,25.0,5,796,193,106,1,66.60026778672926,250,17,0,push,2025-06-19T19:00:00,Thursday,19,162,0,0.185689093347473,0.035142681085711024,0,0,100.31516741006563,windows-latest,0.3437245877695565,1,0,1,lint_error,989
RUN-100452,mobile-app,3eaafbc855,dev14,39.0,2,523,1076,39,0,63.294929755471934,106,10,0,Push,2025-06-19T20:00:00,Thursday,20,108,1,0.3287524205458146,0.03908068371921886,1,1,119.38997096152745,windows-latest,,0,0,1,artifact_upload_error,1599
RUN-100453,frontend-web,2947f23e4b,dev11,26.0,2,37,563,78,0,69.15851139889948,157,12,0,PullRequest,2025-06-19T21:00:00,Thursday,21,94,0,0.17813030594211246,0.05513999046767049,0,0,126.59539206534855,macos-latest,0.6099979744460867,0,0,0,lint_error,600
RUN-100454,mobile-app,f0a515fd09,dev25,17.0,5,110,20,52,0,96.24681130844378,291,6,2,PullRequest,2025-06-19T22:00:00,Thursday,22,131,0,0.15144345196733733,0.13307935820761807,1,0,158.1364337057192,macos-latest,0.4526310998445926,0,0,0,docker_build_failed,130
RUN-100455,mobile-app,e3533c6213,dev26,6.0,1,53,60,14,0,76.72044204095404,172,3,0,manual,2025-06-19T23:00:00,Thursday,23,85,0,0.054160501472672234,0.38992118731984504,0,0,118.99525324759993,windows-latest,0.42919194450641657,0,0,0,lint_error,113
RUN-100456,frontend-web,c700fb0b00,dev23,17.0,11,110,174,41,0,65.49950353443086,163,3,1,Push,2025-06-20T00:00:00,Friday,0,91,0,0.1226707148537521,0.18339635230009266,0,0,164.72699789203895,windows-latest,0.6191970290004026,0,0,0,infra_timeout,284
RUN-100457,ml-pipeline,8485772854,dev1,10.0,3,866,101,16,1,53.05645907595114,759,7,0,PullRequest,2025-06-20T01:00:00,Friday,1,63,0,0.32218075921110845,0.10056367782945598,0,0,96.32799693006912,macos-latest,0.8296278410346912,0,0,1,infra_timeout,967
RUN-100458,infra-terraform,7d987af848,dev26,5.0,9,31,23,40,0,54.343649443827765,102,3,1,manual,2025-06-20T02:00:00,Friday,2,41,0,0.1840904242137583,0.06149813869100564,1,0,71.94548649553522,ubuntu-latest,0.5718589790239712,1,0,1,artifact_upload_error,54
RUN-100459,frontend-web,879d697773,dev12,13.0,1,25,167,24,0,68.56244227057518,426,11,0,manual,2025-06-20T03:00:00,Friday,3,43,0,0.19323991966065496,0.544499482376751,1,0,107.80983862352325,macos-latest,0.9081556339361121,0,0,0,infra_timeout,192
RUN-100460,ml-pipeline,895c857664,dev13,10.0,1,59,108,60,0,67.39574419033607,89,6,2,schedule,2025-06-20T04:00:00,Friday,4,132,0,0.22665097819510857,0.15521365199625572,0,0,138.4997061828796,ubuntu-latest,0.894523536728273,0,0,1,lint_error,167
RUN-100461,frontend-web,6f3f86bcd3,dev29,45.0,1,203,903,15,0,72.31139152518618,316,10,0,Push,2025-06-20T05:00:00,Friday,5,166,0,0.17173013685396293,0.05087695655262438,0,0,154.4186681257903,macos-latest,0.6372915981543631,0,0,0,artifact_upload_error,1106
RUN-100462,ml-pipeline,21baaf4a5c,dev27,46.0,4,293,83,45,1,47.73379439476978,328,10,1,push,2025-06-20T06:00:00,Friday,6,87,0,0.22905241819899366,0.1373477588670789,0,0,178.40934342490158,macos-latest,0.514022282643054,0,0,1,artifact_upload_error,376
RUN-100463,mobile-app,202b819a5c,dev2,12.0,3,240,397,70,0,73.8998208594416,140,11,0,Push,2025-06-20T07:00:00,Friday,7,23,0,0.04756184333529053,0.2665174848722983,0,0,131.60801215934748,ubuntu-latest,0.550776022944785,0,0,1,,637
RUN-100464,frontend-web,f3c6a32b2e,dev11,21.0,2,540,27,92,0,87.3327573017653,85,12,0,schedule,2025-06-20T08:00:00,Friday,8,123,0,0.09807733015875611,0.249359068859298,0,1,150.1210402333532,macos-latest,0.5896388848532308,0,0,1,infra_timeout,567
RUN-100465,infra-terraform,7b665e2c16,dev23,5.0,1,21,35,24,1,94.47409496837034,50,7,2,push,2025-06-20T09:00:00,Friday,9,180,0,0.1072758460851551,0.3415765976116824,0,0,174.75117469525838,macos-latest,0.32027821917417315,0,0,1,docker_build_failed,56
RUN-100466,frontend-web,f40546fbd5,dev17,17.0,1,548,243,45,0,52.26664622499433,130,10,1,Push,2025-06-20T10:00:00,Friday,10,107,0,0.45475446413156606,0.14268306591877172,1,0,88.8301240744564,windows-latest,0.730364718860914,0,0,1,infra_timeout,791
RUN-100467,mobile-app,29e02c9c25,dev8,38.0,3,105,362,51,0,65.38328688913013,289,10,1,manual,2025-06-20T11:00:00,Friday,11,10,0,0.147301776161968,0.19568946897868375,0,1,111.59436002436321,windows-latest,0.4655707341627894,1,0,1,docker_build_failed,467
RUN-100468,frontend-web,8dee3e3f5f,dev16,56.0,2,331,38,154,1,64.74919366830558,94,1,1,Push,2025-06-20T12:00:00,Friday,12,20,0,0.1281170724992254,0.24515007962284419,0,0,230.83652842131818,windows-latest,0.7295492261865782,1,1,1,lint_error,369
RUN-100469,infra-terraform,352cf539f5,dev26,14.0,1,34,112,13,1,76.7486571303078,214,14,2,push,2025-06-20T13:00:00,Friday,13,106,1,0.17707948932749965,0.11870769786520272,0,0,154.25555769210297,ubuntu-latest,0.8576276287519997,0,0,0,tests_failed,146
RUN-100470,ml-pipeline,40d0b4d32a,dev7,69.0,11,149,24,21,1,60.36273038548256,71,10,0,manual,2025-06-20T14:00:00,Friday,14,173,0,0.17306096394288709,0.2762079985076133,0,0,140.42801234785486,windows-latest,0.6270512971696339,0,0,1,lint_error,173
RUN-100471,infra-terraform,07b1a828df,dev23,6.0,3,192,90,421,0,95.18715898472017,170,13,0,manual,2025-06-20T15:00:00,Friday,15,16,0,0.27685291860533917,0.09325556555333071,0,0,155.74763377302907,macos-latest,0.4297474904991767,0,0,1,,282
RUN-100472,mobile-app,1e73b96361,dev23,8.0,9,529,276,35,0,75.52226966022887,89,3,0,Push,2025-06-20T16:00:00,Friday,16,151,0,0.1136786224046743,0.24049309043664294,0,1,66.57291417442579,windows-latest,0.7426832467210993,0,0,1,,805
RUN-100473,mobile-app,eab693c628,dev27,51.0,2,25,68,9,0,73.52224452840946,189,7,3,PullRequest,2025-06-20T17:00:00,Friday,17,157,0,0.16854537004212733,0.46847395303267014,0,0,94.12694285673346,windows-latest,0.7795128818516579,0,0,1,infra_timeout,93
RUN-100474,ml-pipeline,524ffc7300,dev9,121.0,4,153,83,28,0,94.11256480539333,141,4,0,Push,2025-06-20T18:00:00,Friday,18,15,0,0.061280380388188574,0.3186835861841277,0,0,79.50808482087814,windows-latest,0.5754848446110659,0,0,1,,236
RUN-100475,ml-pipeline,9bae5b24ea,dev7,42.0,3,44,31,4,0,74.80742851099983,87,15,0,manual,2025-06-20T19:00:00,Friday,19,46,1,0.2068507502771115,0.2053760914500145,0,1,136.74433278836665,windows-latest,0.7818786705828698,0,0,1,,75
RUN-100476,infra-terraform,770b2a8912,dev17,26.0,1,258,53,54,2,79.80364087798426,126,3,0,PullRequest,2025-06-20T20:00:00,Friday,20,5,0,0.19450341107487537,0.13956357324829596,0,0,105.24135740358892,macos-latest,0.813594189944593,0,0,0,lint_error,311
RUN-100477,frontend-web,6683f909f8,dev16,3.0,10,348,760,85,1,65.99042072049541,104,4,0,PullRequest,2025-06-20T21:00:00,Friday,21,115,0,0.09228240732994228,0.1224282745567112,0,0,123.8155395652168,windows-latest,0.4341913477740698,0,0,1,tests_failed,1108
RUN-100478,ml-pipeline,8829afd787,dev13,4.0,2,611,119,21,0,58.55397521934739,79,13,0,Push,2025-06-20T22:00:00,Friday,22,39,0,0.15440648233292983,0.06195736121373725,2,1,107.55935010804701,ubuntu-latest,0.31360452158544294,0,0,0,tests_failed,730
RUN-100479,frontend-web,2feee437a9,dev24,30.0,6,82,36,30,0,67.67566042194923,427,5,0,manual,2025-06-20T23:00:00,Friday,23,183,0,0.3452064057879542,0.2111856986247511,1,0,54.943762900574654,ubuntu-latest,0.5884756185598458,1,0,1,infra_timeout,118
RUN-100480,backend-api,fd152524d6,dev24,19.0,1,411,77,93,1,100.0,155,4,0,push,2025-06-21T00:00:00,Saturday,0,22,1,0.0857568810968945,0.16345756470650397,0,0,155.39905748616087,macos-latest,0.5208230176003668,0,0,0,tests_failed,488
RUN-100481,infra-terraform,d17c9fde24,dev8,10.0,2,663,18,11,0,82.59625137944347,42,17,1,push,2025-06-21T01:00:00,Saturday,1,131,0,0.256466272037213,0.33211770252276923,0,0,49.51214251448235,ubuntu-latest,,1,0,0,infra_timeout,681
RUN-100482,backend-api,bdda74e1d1,dev24,28.0,1,24,36,15,0,78.2944180453326,129,17,0,Push,2025-06-21T02:00:00,Saturday,2,158,0,0.22053073584524055,0.03843024744653923,1,0,90.8941304291475,windows-latest,0.7217210711598067,0,0,1,lint_error,60
RUN-100483,ml-pipeline,78009bfa5e,dev7,30.0,8,291,490,37,0,63.2835193177776,380,14,0,push,2025-06-21T03:00:00,Saturday,3,39,0,0.4428345576600722,0.14210947603732327,0,0,67.38110880047549,macos-latest,0.4709119277332659,0,0,1,tests_failed,781
RUN-100484,mobile-app,2722f47fd6,dev13,63.0,4,425,93,24,1,85.93500961180615,117,16,0,PullRequest,2025-06-21T04:00:00,Saturday,4,54,0,0.1830257380935761,0.22189120166410709,0,1,84.81035319172416,ubuntu-latest,0.578909172791456,0,0,0,artifact_upload_error,518
RUN-100485,backend-api,ebb0c1f7d4,dev1,30.0,4,111,879,35,1,58.707680708234506,571,7,0,manual,2025-06-21T05:00:00,Saturday,5,160,0,0.053689196540444545,0.18315147657012973,1,2,128.07434251278974,ubuntu-latest,0.6726305804652335,0,0,1,docker_build_failed,990
RUN-100486,backend-api,57652491ae,dev11,81.0,9,39,98,16,0,56.19532260381143,109,7,0,Push,2025-06-21T06:00:00,Saturday,6,23,0,0.3289513760668592,0.2150058420631799,1,0,169.4009184241128,windows-latest,0.6449390812387658,0,0,1,artifact_upload_error,137
RUN-100487,mobile-app,0cd3cac18f,dev29,27.0,8,418,105,53,0,68.29335452542026,284,5,0,PullRequest,2025-06-21T07:00:00,Saturday,7,91,0,0.24173986386432994,0.10898913751802887,1,1,57.56020044265202,windows-latest,0.4922805407230347,1,0,0,tests_failed,523
RUN-100488,ml-pipeline,57a7c471ee,dev14,24.0,6,39,222,39,1,98.45389094353737,413,10,0,manual,2025-06-21T08:00:00,Saturday,8,53,1,0.2750839821595629,0.11398886960583433,1,0,97.71167926796286,ubuntu-latest,0.4357223762606298,0,0,0,infra_timeout,261
RUN-100489,ml-pipeline,cb6189340e,dev22,70.0,1,121,5,69,0,,274,6,1,manual,2025-06-21T09:00:00,Saturday,9,7,0,0.1511420607656882,0.3332113342609158,0,1,50.038228282294796,windows-latest,0.5259585117449779,1,0,1,,126
RUN-100490,infra-terraform,9f69d71ea8,dev4,11.0,1,142,137,52,1,69.58515686099348,76,6,0,manual,2025-06-21T10:00:00,Saturday,10,93,0,0.10207911510734746,0.2254659593325507,0,1,95.78351897223595,macos-latest,0.38098400533610655,0,0,1,,279
RUN-100491,infra-terraform,c036f51e0d,dev20,341.0,1,326,104,52,0,66.90961178162419,103,13,0,manual,2025-06-21T11:00:00,Saturday,11,99,0,0.4480731604244964,0.2861879454254879,1,0,122.8756827453179,ubuntu-latest,0.7190213329991535,0,1,1,,430
RUN-100492,ml-pipeline,cb2bb042a3,dev12,38.0,5,74,563,14,1,55.31565551328264,454,20,0,PullRequest,2025-06-21T12:00:00,Saturday,12,72,0,0.15425831035974447,0.35220765738484744,0,0,150.68310268610264,windows-latest,0.15199057315488357,0,0,0,artifact_upload_error,637
RUN-100493,ml-pipeline,3642a84ad3,dev23,38.0,3,69,317,66,2,75.93636870624101,114,11,0,manual,2025-06-21T13:00:00,Saturday,13,163,0,0.6229015502998225,0.14799018126592134,0,0,35.25752054111584,ubuntu-latest,0.7622385900048525,0,0,0,docker_build_failed,386
RUN-100494,backend-api,ec7d103b35,dev28,43.0,1,165,31,34,1,76.94415302385744,396,31,0,push,2025-06-21T14:00:00,Saturday,14,23,0,0.14114487386642768,0.2250353027336624,0,0,142.02207279698092,macos-latest,0.6619754670024656,0,0,1,infra_timeout,196
RUN-100495,mobile-app,7020162c87,dev16,146.0,2,449,431,39,0,84.47467505036295,148,5,0,manual,2025-06-21T15:00:00,Saturday,15,88,1,0.220534021139059,0.10780808308186131,0,1,81.09439963711945,windows-latest,0.7583771533904089,0,0,1,docker_build_failed,880
RUN-100496,frontend-web,a396660549,dev4,55.0,1,1837,82,103,1,85.92849015990197,221,2,0,manual,2025-06-21T16:00:00,Saturday,16,40,0,0.19917184874590277,0.32784908292676485,0,0,71.35236891225739,macos-latest,0.8657289439232331,1,0,1,lint_error,1919
RUN-100497,backend-api,00974ec6c1,dev15,6.0,3,28,40,25,0,72.6309369880244,75,14,0,manual,2025-06-21T17:00:00,Saturday,17,152,0,0.1871433695366883,0.01138434182938926,1,0,122.69950780366987,macos-latest,0.8367946293969761,0,0,0,,68
RUN-100498,infra-terraform,fe4d65dd8d,dev4,95.0,1,209,136,131,0,81.67233449711502,130,5,1,push,2025-06-21T18:00:00,Saturday,18,113,0,0.09104477153663985,0.07501812425476713,0,0,145.0858521799027,ubuntu-latest,0.8339681186856654,0,0,1,docker_build_failed,345
RUN-100499,mobile-app,47e8d35747,dev14,19.0,5,44,87,141,0,66.59233358584157,108,7,0,Push,2025-06-21T19:00:00,Saturday,19,142,0,0.09468972776923298,0.2376879902625017,0,0,115.98181059468162,macos-latest,0.7946406102979973,1,0,1,artifact_upload_error,131
RUN-100500,frontend-web,0fe35e24e0,dev2,,4,455,597,81,1,81.44451040032823,234,2,0,schedule,2025-06-21T20:00:00,Saturday,20,25,0,0.26577269281775123,0.3166027862484616,0,0,76.274774217116,ubuntu-latest,0.6715013062638032,0,0,1,infra_timeout,1052
RUN-100501,ml-pipeline,7550a94165,dev20,8.0,15,52,159,20,0,68.9132150617853,213,4,0,push,2025-06-21T21:00:00,Saturday,21,94,0,0.3754994355262046,0.21979233678917326,1,0,115.96075995428556,windows-latest,0.768463537959816,0,0,1,,211
RUN-100502,infra-terraform,21081d23cc,dev10,43.0,6,70,137,7,1,80.51350219160325,276,3,0,schedule,2025-06-21T22:00:00,Saturday,22,14,0,0.17415392111868574,0.20329600719513538,0,1,90.99285866001075,ubuntu-latest,0.38595597908388285,0,0,1,docker_build_failed,207
RUN-100503,infra-terraform,26fee21e6f,dev7,15.0,2,77,296,105,0,79.54201590342439,142,6,1,schedule,2025-06-21T23:00:00,Saturday,23,68,0,0.22027184034809433,0.18961503846611183,0,0,144.16129899819597,ubuntu-latest,0.557680766048986,0,0,0,,373
RUN-100504,backend-api,a1dd4953c9,dev1,29.0,6,136,365,48,0,75.82564350834078,104,6,0,schedule,2025-06-22T00:00:00,Sunday,0,189,0,0.3475654273613549,0.2651035383390375,0,0,163.01431325210393,windows-latest,,0,0,1,,501
RUN-100505,mobile-app,6496e3b87f,dev27,20.0,1,211,260,24,0,84.53447661791225,227,9,0,manual,2025-06-22T01:00:00,Sunday,1,146,0,0.09578884624876575,0.16353166820727746,0,0,160.45847963539106,windows-latest,0.7489228988554779,0,0,1,,471
RUN-100506,mobile-app,ebfe85ad27,dev26,153.0,1,252,523,114,1,56.15521114367178,97,21,2,schedule,2025-06-22T02:00:00,Sunday,2,20,0,0.4911843907443891,0.25832372876575876,0,1,119.2100600807995,windows-latest,0.4172572361677719,0,0,0,docker_build_failed,775
RUN-100507,backend-api,51b43d72a5,dev25,161.0,4,147,214,22,0,62.22100538134872,426,14,0,PullRequest,2025-06-22T03:00:00,Sunday,3,76,1,0.3907736820760279,0.27647640976577736,1,0,164.90642738248945,windows-latest,0.7842369511148298,0,0,1,artifact_upload_error,361
RUN-100508,backend-api,b9e6f0de69,dev2,28.0,1,34,132,31,0,,184,2,0,manual,2025-06-22T04:00:00,Sunday,4,174,0,0.38416829213632925,0.27351561364445404,0,0,79.16078853513605,macos-latest,0.4773558463567073,0,0,1,,166
RUN-100509,backend-api,760a9cbcb8,dev11,28.0,3,330,429,68,0,57.68083934792013,159,13,1,PullRequest,2025-06-22T05:00:00,Sunday,5,38,0,0.05934981943139674,0.2863938800287121,1,0,191.31465329699165,windows-latest,0.42768167459566236,0,0,0,lint_error,759
RUN-100510,infra-terraform,a8f291874d,dev30,19.0,1,140,99,18,0,70.11762582534354,276,9,2,push,2025-06-22T06:00:00,Sunday,6,152,0,0.1748605565856624,0.15050998336906704,0,0,78.93671690407514,windows-latest,0.6907605319224702,0,0,1,infra_timeout,239
RUN-100511,ml-pipeline,9985a288a8,dev18,73.0,3,532,114,40,0,70.5044364590694,189,8,0,PullRequest,2025-06-22T07:00:00,Sunday,7,67,0,0.15179201248961327,0.18748308355080073,0,1,38.79523238597727,windows-latest,0.7623149304072593,0,0,1,infra_timeout,646
RUN-100512,infra-terraform,79085ed512,dev4,20.0,1,68,730,106,0,90.71620544000032,62,8,1,Push,2025-06-22T08:00:00,Sunday,8,98,0,0.026351000741228186,0.14779512690164665,0,0,174.61745637978805,ubuntu-latest,0.6166878273218793,0,0,1,tests_failed,798
RUN-100513,infra-terraform,f33734329d,dev5,18.0,4,25,654,52,0,76.71040442749755,95,10,0,schedule,2025-06-22T09:00:00,Sunday,9,175,0,0.04223985545423695,0.1846228903436648,0,0,91.59462315189504,windows-latest,0.6281215967830898,0,0,1,,679
RUN-100514,infra-terraform,57bc14cf86,dev8,65.0,3,142,108,121,3,87.35315491276654,420,5,1,PullRequest,2025-06-22T10:00:00,Sunday,10,136,1,0.0784143357862204,0.0361528431971325,0,0,124.66955530020866,macos-latest,0.5386837100778408,0,0,1,,250
RUN-100515,frontend-web,2d5f4e498e,dev30,16.0,10,617,66,110,0,78.62009662571661,212,7,0,PullRequest,2025-06-22T11:00:00,Sunday,11,60,0,0.13637510104863745,0.18975768148221142,0,0,78.7676781230289,ubuntu-latest,0.8529753082031546,0,0,1,docker_build_failed,683
RUN-100516,infra-terraform,ad97928717,dev6,26.0,3,177,549,44,0,68.57199274521521,61,20,1,Push,2025-06-22T12:00:00,Sunday,12,6,0,0.138732238940539,0.273991601418068,0,0,214.54413629361818,windows-latest,0.19969566583816045,0,0,1,infra_timeout,726
RUN-100517,frontend-web,d893f397fc,dev28,6.0,1,119,265,6,0,76.60460169295814,256,5,0,manual,2025-06-22T13:00:00,Sunday,13,50,0,0.40365146476708946,0.24751494854375292,0,0,192.87270680230256,macos-latest,0.620402214888638,0,0,0,docker_build_failed,384
RUN-100518,mobile-app,0a4e11b095,dev21,51.0,2,56,155,18,0,83.75311600718608,135,4,0,manual,2025-06-22T14:00:00,Sunday,14,86,0,0.016830189351172475,0.2877355318243204,0,0,181.86215724897448,ubuntu-latest,0.6224181593559882,0,0,1,docker_build_failed,211
RUN-100519,mobile-app,731b20bbfc,dev28,155.0,1,1026,77,82,1,89.32081591731097,108,8,0,manual,2025-06-22T15:00:00,Sunday,15,31,1,0.342492392786806,0.22728309034735547,0,0,123.53430949097397,windows-latest,0.6047288388522601,0,0,1,tests_failed,1103
RUN-100520,backend-api,e47a12bf4a,dev25,51.0,4,47,158,12,0,73.4122792447868,89,4,1,Push,2025-06-22T16:00:00,Sunday,16,177,0,0.05866108259110278,0.26345531492306884,0,0,159.2279691900144,ubuntu-latest,,1,0,1,,205
RUN-100521,frontend-web,bfe7017cbf,dev10,101.0,5,66,107,34,0,55.22987227376467,403,2,1,manual,2025-06-22T17:00:00,Sunday,17,15,0,0.12433713849632541,0.08254809408684012,0,0,117.87791745365236,windows-latest,0.730437109718119,0,0,1,infra_timeout,173
RUN-100522,frontend-web,fde71c4a47,dev25,12.0,23,277,52,58,1,54.386372910937176,50,7,1,schedule,2025-06-22T18:00:00,Sunday,18,110,0,0.2852696820465288,0.3839242223018081,0,0,164.8880538557383,windows-latest,0.6331060050249988,0,0,1,tests_failed,329
RUN-100523,infra-terraform,880abc4d73,dev6,33.0,2,19,126,144,0,71.08304867859735,111,24,3,PullRequest,2025-06-22T19:00:00,Sunday,19,195,0,0.09324880424854945,0.025635604383585406,0,0,103.57562545273163,macos-latest,0.6847804049641462,1,0,1,artifact_upload_error,145
RUN-100524,backend-api,a8f57abbc0,dev9,11.0,2,603,147,28,2,46.94518198622433,217,8,0,push,2025-06-22T20:00:00,Sunday,20,70,0,0.058679191200631,0.3479236425012836,0,0,183.38817662947665,ubuntu-latest,0.6333149701896555,0,0,1,docker_build_failed,750
RUN-100525,backend-api,4d6f59032c,dev7,22.0,2,294,72,26,2,96.54125358884197,604,10,1,manual,2025-06-22T21:00:00,Sunday,21,109,0,0.08789295072479665,0.01824012460215244,0,0,101.56510747003767,windows-latest,0.44585369744587616,1,0,1,docker_build_failed,366
RUN-100526,infra-terraform,f291b16c5c,dev4,54.0,3,399,297,42,0,82.1631987767968,295,2,0,Push,2025-06-22T22:00:00,Sunday,22,19,0,0.14617764885482826,0.4335440536422294,0,0,106.10836382698757,macos-latest,0.8614147601006665,0,0,1,tests_failed,696
RUN-100527,frontend-web,5dc8299eb6,dev3,29.0,4,274,453,59,0,67.37199588603306,110,12,1,manual,2025-06-22T23:00:00,Sunday,23,147,0,0.2645081204242686,0.2488654700799534,0,0,101.33884101232583,ubuntu-latest,0.5311581569274806,0,0,1,lint_error,727
RUN-100528,infra-terraform,bd0f09bebc,dev6,7.0,3,124,319,39,0,61.68422887189445,584,9,1,schedule,2025-06-23T00:00:00,Monday,0,195,0,0.32227785358135674,0.19498662510270504,1,0,127.69809458866729,windows-latest,0.6756479868586762,0,0,1,artifact_upload_error,443
RUN-100529,infra-terraform,6734324864,dev4,8.0,7,46,81,103,0,87.33742915171332,77,5,0,push,2025-06-23T01:00:00,Monday,1,155,0,0.08652262766386654,0.20880066522247132,0,0,104.47216628296577,ubuntu-latest,0.815253651126888,0,0,1,tests_failed,127
RUN-100530,mobile-app,8fd35d8ae4,dev12,7.0,2,127,252,23,0,,241,10,0,manual,2025-06-23T02:00:00,Monday,2,34,0,0.31007298767534813,0.190971898292507,0,0,139.49022276827841,windows-latest,0.624212262521645,0,0,0,infra_timeout,379
RUN-100531,frontend-web,b843ab1026,dev3,42.0,7,50,119,49,0,62.78127883678737,281,10,1,PullRequest,2025-06-23T03:00:00,Monday,3,73,0,0.20221500237941006,0.01240311001044294,0,0,100.76052066394595,macos-latest,0.7840943102431588,0,0,1,lint_error,169
RUN-100532,frontend-web,8249823196,dev2,173.0,5,253,28,63,0,65.8086487196797,108,4,1,manual,2025-06-23T04:00:00,Monday,4,146,0,0.04145882305760904,0.1787209355368965,0,0,151.6315408473613,windows-latest,0.6226035206624366,0,0,1,infra_timeout,281
RUN-100533,backend-api,e836cf3cb9,dev30,,3,360,230,32,0,76.3690489748919,326,11,1,PullRequest,2025-06-23T05:00:00,Monday,5,160,0,0.18750495220770266,0.2444642864351943,0,0,180.73468072434255,windows-latest,0.682291067085171,0,0,1,infra_timeout,590
RUN-100534,mobile-app,6b574f3e54,dev3,4.0,2,753,129,87,0,82.44956926976877,139,20,0,Push,2025-06-23T06:00:00,Monday,6,83,0,0.2759705276855839,0.4348443215041685,2,0,123.10188575180183,macos-latest,,0,0,1,docker_build_failed,882
RUN-100535,frontend-web,a5a67f5330,dev3,97.0,23,223,1906,50,3,89.31206680098796,325,7,0,Push,2025-06-23T07:00:00,Monday,7,192,0,0.27184871486535933,0.19600227154584227,0,0,208.7331373907939,windows-latest,0.2308947222558369,0,0,1,lint_error,2129
RUN-100536,mobile-app,57a5107e67,dev1,62.0,1,410,546,84,2,87.53965558736041,55,4,2,PullRequest,2025-06-23T08:00:00,Monday,8,44,0,0.3642102322194375,0.1452986461169225,0,0,165.101173714868,windows-latest,,0,0,0,tests_failed,956
RUN-100537,frontend-web,687cf495b2,dev4,6.0,4,107,240,52,0,75.0092845108169,253,7,1,PullRequest,2025-06-23T09:00:00,Monday,9,149,0,0.20517909013944666,0.0211009839993411,1,1,205.529460470996,ubuntu-latest,0.6385305836787266,0,0,1,,347
RUN-100538,mobile-app,70a71fb776,dev16,,1,87,144,60,1,87.246263685076,150,16,0,Push,2025-06-23T10:00:00,Monday,10,101,0,0.3894602811676319,0.12046854111927988,1,0,117.55204291792641,ubuntu-latest,0.5328370487815364,1,0,0,artifact_upload_error,231
RUN-100539,frontend-web,2034e38542,dev25,72.0,13,249,131,26,0,66.94800463228367,447,3,1,push,2025-06-23T11:00:00,Monday,11,143,0,0.11251400367843585,0.1758482203237821,0,1,53.54163198866925,ubuntu-latest,0.4096720707100137,0,0,1,artifact_upload_error,380
RUN-100540,ml-pipeline,177b33f9d3,dev23,44.0,6,97,36,26,1,53.1496078264564,194,13,1,schedule,2025-06-23T12:00:00,Monday,12,121,0,0.23824608862043126,0.2622182989888459,0,0,91.75451102957123,windows-latest,0.7315223671281391,0,0,0,lint_error,133
RUN-100541,frontend-web,aae09e9e53,dev18,8.0,1,199,16,119,0,66.9464271394739,480,5,1,push,2025-06-23T13:00:00,Monday,13,89,0,0.25191662029316664,0.0972997942977366,1,0,95.83453239330935,windows-latest,0.8169849226594537,0,0,0,docker_build_failed,215
RUN-100542,frontend-web,a7d002b021,dev3,46.0,5,46,42,74,1,65.32487382868455,285,10,0,schedule,2025-06-23T14:00:00,Monday,14,163,1,0.40171845257819294,0.3510656160564696,0,0,81.87898204951826,windows-latest,0.8261258537787843,0,0,1,lint_error,88
RUN-100543,frontend-web,a9b47376bb,dev24,3.0,4,56,104,19,0,67.41615513840988,183,6,1,push,2025-06-23T15:00:00,Monday,15,169,0,0.11380709340862427,0.20888889848942382,0,0,32.1638141480403,windows-latest,0.5627286164254457,0,0,1,lint_error,160
RUN-100544,infra-terraform,050f69ec4e,dev2,22.0,2,298,10,51,0,63.48750324909733,347,6,1,push,2025-06-23T16:00:00,Monday,16,164,0,0.06584908316022105,0.15442945962440796,1,0,160.98586962849026,macos-latest,0.4424218234778162,0,0,1,,308
RUN-100545,frontend-web,539892e9e3,dev19,75.0,6,393,60,6,2,69.46668506904345,349,26,0,schedule,2025-06-23T17:00:00,Monday,17,22,0,0.25167895605718255,0.3345462293756404,0,0,45.59923352942354,windows-latest,0.6113786972938191,0,0,0,infra_timeout,453
RUN-100546,mobile-app,32a3aa88ce,dev13,27.0,4,50,83,28,0,82.44020656912294,278,3,0,push,2025-06-23T18:00:00,Monday,18,87,0,0.06085598241534097,0.1631015367969076,0,0,157.15517135361233,windows-latest,0.751048750342676,0,0,1,infra_timeout,133
RUN-100547,mobile-app,c734ee7f29,dev27,17.0,3,310,86,96,0,95.58308523195086,40,12,0,manual,2025-06-23T19:00:00,Monday,19,151,0,0.029431025899165027,0.35596185805072295,0,0,207.42199877879398,windows-latest,0.8288159539350655,0,0,0,lint_error,396
RUN-100548,mobile-app,dc524623f0,dev10,60.0,3,82,53,40,1,54.29584230889172,100,30,1,schedule,2025-06-23T20:00:00,Monday,20,174,1,0.11728937891847718,0.2309550187664123,0,0,88.86666910582571,macos-latest,0.6669605139041686,0,0,1,infra_timeout,135
RUN-100549,ml-pipeline,3f2671f8c0,dev20,65.0,4,151,75,49,1,59.54718447719107,527,14,0,schedule,2025-06-23T21:00:00,Monday,21,75,0,0.2659690269503697,0.19375353235096363,0,0,135.50281964536134,macos-latest,0.6186306493293806,0,0,1,infra_timeout,226
RUN-100550,infra-terraform,aaf82997e9,dev14,88.0,3,705,732,4,1,65.502644895262,83,3,1,schedule,2025-06-23T22:00:00,Monday,22,149,0,0.061498009381762274,0.16683260439060243,0,0,104.05470834821094,macos-latest,0.5029229841678567,0,0,1,artifact_upload_error,1437
RUN-100551,backend-api,211debb22c,dev16,59.0,3,360,227,32,1,84.18890252923912,371,3,0,Push,2025-06-23T23:00:00,Monday,23,115,0,0.14118082710980906,0.05170739235331218,0,0,153.08303787099112,windows-latest,0.8009038556059175,0,0,1,,587
RUN-100552,infra-terraform,4670655adf,dev29,71.0,1,356,59,58,1,72.5406306843234,328,5,0,Push,2025-06-24T00:00:00,Tuesday,0,48,0,0.13675657295007174,0.049511198301803123,1,0,72.22356853979466,macos-latest,0.6799681412619825,0,0,1,infra_timeout,415
RUN-100553,backend-api,237edc6ec4,dev22,52.0,12,1211,101,64,0,66.31068932275653,120,10,1,push,2025-06-24T01:00:00,Tuesday,1,179,0,0.5805245170488226,0.17758920031680547,0,0,114.72835681637892,windows-latest,0.673563436660168,0,0,1,lint_error,1312
RUN-100554,infra-terraform,4894d12447,dev13,34.0,1,68,106,96,1,,49,10,2,manual,2025-06-24T02:00:00,Tuesday,2,91,0,0.047653951000444845,0.20657827932971248,0,1,164.84721054927655,windows-latest,0.6553246531800345,0,0,1,lint_error,174
RUN-100555,mobile-app,acbb88cc47,dev14,29.0,4,50,47,37,1,86.47668319610362,134,3,0,schedule,2025-06-24T03:00:00,Tuesday,3,122,1,0.5217210606351498,0.10101939455784514,1,0,118.04517880688542,windows-latest,0.37381882291467966,1,0,1,lint_error,97
RUN-100556,ml-pipeline,e90b2f33ea,dev22,,2,67,47,39,1,74.77488048691644,858,4,0,manual,2025-06-24T04:00:00,Tuesday,4,61,0,0.14653611219458557,0.24895455319087154,0,0,54.85489248975988,windows-latest,0.7528906788713133,1,0,1,artifact_upload_error,114
RUN-100557,infra-terraform,33d8822ebd,dev11,9.0,13,112,334,15,0,65.20536928055347,109,5,0,manual,2025-06-24T05:00:00,Tuesday,5,9,0,0.11975988224145682,0.047865357285428387,0,0,169.66613668202638,ubuntu-latest,0.7057683284318529,0,1,1,docker_build_failed,446
RUN-100558,ml-pipeline,8ac5b10ef5,dev6,11.0,1,11,69,37,0,,114,7,0,manual,2025-06-24T06:00:00,Tuesday,6,93,0,0.18357891683807168,0.14475370179485583,0,0,68.16096358534581,windows-latest,,0,0,1,tests_failed,80
RUN-100559,infra-terraform,b38e5e018b,dev15,,1,118,32,16,1,72.2007814985692,99,36,0,manual,2025-06-24T07:00:00,Tuesday,7,145,0,0.4416260534204536,0.24349327738861093,0,0,123.14936572856872,windows-latest,0.779380235426225,0,0,1,,150
RUN-100560,mobile-app,f3f2ba15c4,dev3,33.0,1,81,104,10,0,72.10784107457448,468,4,0,PullRequest,2025-06-24T08:00:00,Tuesday,8,68,0,0.1775164757441882,0.2217768319637476,0,0,143.30577187436035,windows-latest,0.13922010604215895,0,0,1,lint_error,185
RUN-100561,frontend-web,9c2cec7e95,dev6,99.0,4,351,125,18,0,68.85119737677796,169,4,0,Push,2025-06-24T09:00:00,Tuesday,9,186,0,0.34757879748183823,0.1267972874987475,0,0,124.79401272940629,ubuntu-latest,0.8766122709407055,0,0,1,tests_failed,476
RUN-100562,mobile-app,414eb015be,dev13,26.0,1,218,12,149,1,86.09979896786507,129,4,1,manual,2025-06-24T10:00:00,Tuesday,10,151,0,0.03771101940531145,0.2060568126853586,0,0,221.4974856866767,macos-latest,0.8112875764538254,0,0,0,,230
RUN-100563,frontend-web,a01f56244e,dev24,66.0,2,76,105,36,0,77.99856271592152,538,14,1,PullRequest,2025-06-24T11:00:00,Tuesday,11,130,0,0.03161214651055181,0.07662983699051047,0,0,149.35253644287778,macos-latest,0.7324375402657732,0,0,1,lint_error,181
RUN-100564,infra-terraform,520bb57210,dev24,71.0,1,283,285,53,0,87.42841058267557,300,8,1,PullRequest,2025-06-24T12:00:00,Tuesday,12,162,1,0.33125771590860154,0.29845393907099577,0,1,111.90599517011947,windows-latest,0.6240571742734284,0,1,1,infra_timeout,568
RUN-100565,backend-api,f9e38cdab7,dev8,22.0,4,328,180,29,0,91.0359137457375,105,4,0,schedule,2025-06-24T13:00:00,Tuesday,13,172,0,0.12342738675350556,0.26375783436238714,0,0,144.1065161839172,windows-latest,0.7729489831767332,0,0,1,docker_build_failed,508
RUN-100566,backend-api,66512cd984,dev13,46.0,2,63,1277,10,0,80.50776922639969,85,7,0,PullRequest,2025-06-24T14:00:00,Tuesday,14,145,0,0.18171501149204533,0.1651241543562657,0,0,128.39778514429426,windows-latest,0.7106797334926825,1,0,1,artifact_upload_error,1340
RUN-100567,backend-api,af7830ec70,dev5,21.0,1,86,435,94,1,68.92227462137818,450,5,0,manual,2025-06-24T15:00:00,Tuesday,15,165,0,0.5143992239835711,0.07527313045977661,0,0,121.77477650421083,windows-latest,0.5780167172634982,0,0,1,lint_error,521
RUN-100568,ml-pipeline,05f23e2a8b,dev23,89.0,7,12,541,7,0,87.48391478663741,202,11,2,schedule,2025-06-24T16:00:00,Tuesday,16,144,0,0.15712820582996279,0.14953922186654917,0,1,129.75148774930906,windows-latest,0.909031955815254,0,0,0,infra_timeout,553
RUN-100569,mobile-app,666a6d4b8a,dev8,48.0,1,44,2392,28,0,80.58797642734025,67,59,0,push,2025-06-24T17:00:00,Tuesday,17,172,1,0.32416043372739584,0.3908895987921564,0,0,102.63652098351561,macos-latest,,0,0,1,tests_failed,2436
RUN-100570,infra-terraform,e0070d73b3,dev24,,6,65,253,42,0,100.0,57,13,1,PullRequest,2025-06-24T18:00:00,Tuesday,18,25,0,0.12331923031361905,0.07083093682913705,0,0,128.51606654519622,ubuntu-latest,0.5555193411531693,0,0,1,,318
RUN-100571,mobile-app,9c37dda4f6,dev26,31.0,1,161,131,53,0,78.72123466193624,91,8,0,Push,2025-06-24T19:00:00,Tuesday,19,72,0,0.21045849804514422,0.16817659567023668,1,0,99.78035447376436,windows-latest,0.6629757876682644,0,0,0,infra_timeout,292
RUN-100572,backend-api,71a63db25c,dev21,119.0,11,52,320,24,0,83.37225646816901,84,5,1,Push,2025-06-24T20:00:00,Tuesday,20,178,0,0.045072382488801965,0.008499306269833124,1,0,44.1521496870275,windows-latest,0.29397011862288974,0,0,1,lint_error,372
RUN-100573,frontend-web,ef9999972d,dev10,23.0,6,84,59,10,0,78.48508669555238,47,3,0,PullRequest,2025-06-24T21:00:00,Tuesday,21,97,0,0.36970006418777396,0.3182956329239937,0,0,165.60802443050812,ubuntu-latest,0.5478261900869372,0,0,0,tests_failed,143
RUN-100574,frontend-web,da9eb856d8,dev29,40.0,1,38,123,23,0,73.81081689758258,92,15,0,manual,2025-06-24T22:00:00,Tuesday,22,7,1,0.35981969329081304,0.29494832797085946,0,0,97.38208690261573,ubuntu-latest,0.5195275367665612,0,0,1,docker_build_failed,161
RUN-100575,backend-api,527cb9f553,dev21,44.0,1,179,53,24,0,71.89450140494921,105,14,1,push,2025-06-24T23:00:00,Tuesday,23,170,0,0.37577149165356327,0.1347643130782768,0,0,125.6554814933118,macos-latest,0.7068740683579612,1,0,1,infra_timeout,232
RUN-100576,infra-terraform,8b678629db,dev20,10.0,5,237,170,24,0,78.5309261359028,144,6,0,Push,2025-06-25T00:00:00,Wednesday,0,132,0,0.04971383515664617,0.26911728985420835,1,0,89.58310413948817,macos-latest,0.5983440452160181,0,0,0,infra_timeout,407
RUN-100577,mobile-app,7d651f58b4,dev26,42.0,2,231,53,97,0,81.25410902176627,655,21,1,manual,2025-06-25T01:00:00,Wednesday,1,182,0,0.2955365156078522,0.2833382129883232,0,1,90.79055351272234,windows-latest,0.6383369496643263,0,0,0,artifact_upload_error,284
RUN-100578,infra-terraform,a1d805e671,dev27,7.0,2,150,51,16,0,88.8526547957331,166,9,0,push,2025-06-25T02:00:00,Wednesday,2,8,1,0.3425081676597859,0.12774207991615977,0,0,78.44043450924383,ubuntu-latest,0.735255241444406,0,0,1,tests_failed,201
RUN-100579,frontend-web,558850e4d0,dev3,15.0,9,27,173,56,0,78.70620669964516,178,15,2,manual,2025-06-25T03:00:00,Wednesday,3,33,0,0.08802002829631912,0.23246172756964228,1,0,157.93187831494004,windows-latest,0.940748793807073,0,0,0,infra_timeout,200
RUN-100580,frontend-web,3e84380bcf,dev27,,1,75,94,50,0,69.44532989489726,286,11,1,schedule,2025-06-25T04:00:00,Wednesday,4,104,0,0.26107701456866506,0.16677241015037286,0,0,167.58886389576674,macos-latest,0.5287999985675631,0,0,1,docker_build_failed,169
RUN-100581,infra-terraform,e9a4dc8467,dev23,37.0,3,94,13,96,0,71.0777520408122,169,7,0,Push,2025-06-25T05:00:00,Wednesday,5,40,0,0.2419373496113159,0.28774932375386775,0,0,121.03738258262426,ubuntu-latest,0.623137648999476,0,0,1,infra_timeout,107
RUN-100582,frontend-web,ec830a08f4,dev7,20.0,7,95,22,40,0,59.12475668516183,265,4,1,PullRequest,2025-06-25T06:00:00,Wednesday,6,106,0,0.011132649863534374,0.08333658757241386,0,0,98.53369079606946,ubuntu-latest,0.6844760433623143,0,0,0,docker_build_failed,117
RUN-100583,frontend-web,d7e4023650,dev10,40.0,6,161,31,84,1,94.93456612286772,243,8,1,Push,2025-06-25T07:00:00,Wednesday,7,72,1,0.10290650026690618,0.2789936273904188,1,1,52.27719742595244,windows-latest,0.7345309454211948,0,0,0,,192
RUN-100584,mobile-app,fa6b9b06ef,dev23,,2,712,41,38,0,68.50591663774982,218,16,0,Push,2025-06-25T08:00:00,Wednesday,8,45,0,0.1702403957170847,0.11562246527756753,0,0,151.81724736687306,windows-latest,0.6324391669306442,1,0,1,artifact_upload_error,753
RUN-100585,infra-terraform,beb7c3bf05,dev7,27.0,2,362,173,63,1,86.60928552165488,1389,6,0,PullRequest,2025-06-25T09:00:00,Wednesday,9,155,0,0.07944333211334122,0.08079463098865287,0,0,92.93771723362818,windows-latest,0.627439180429856,0,0,1,infra_timeout,535
RUN-100586,ml-pipeline,c3c13b42ff,dev14,48.0,1,50,139,13,1,78.3186102893104,379,12,0,schedule,2025-06-25T10:00:00,Wednesday,10,12,0,0.032934508600907304,0.39461340812256906,0,0,75.30957310257762,ubuntu-latest,0.7368230692783516,0,0,1,docker_build_failed,189
RUN-100587,frontend-web,c3391ab13b,dev21,14.0,1,313,354,5,0,,93,4,1,manual,2025-06-25T11:00:00,Wednesday,11,175,0,0.19713540389098755,0.28424841856609484,0,1,121.17053686016847,macos-latest,0.32858548490094774,0,0,1,docker_build_failed,667
RUN-100588,infra-terraform,7b091a091a,dev20,28.0,4,300,251,60,0,73.59062549673196,259,15,0,PullRequest,2025-06-25T12:00:00,Wednesday,12,34,0,0.04331392876322595,0.30650289528320707,3,0,106.6349723546526,windows-latest,0.6222250536469235,0,0,1,,551
RUN-100589,infra-terraform,74da0d0fa0,dev28,20.0,2,61,357,63,0,65.54641333647992,115,11,1,Push,2025-06-25T13:00:00,Wednesday,13,118,0,0.111418037337269,0.20439028849535595,0,0,59.27783202456507,macos-latest,0.41440335233040293,0,0,1,lint_error,418
RUN-100590,infra-terraform,3d7f781fb3,dev4,6.0,3,377,214,65,0,63.377575194096295,273,3,0,push,2025-06-25T14:00:00,Wednesday,14,198,0,0.49619571291576525,0.14290840027202137,0,0,64.77117597581474,macos-latest,0.731790700122617,0,0,1,docker_build_failed,591
RUN-100591,infra-terraform,a512dee79b,dev9,11.0,7,124,138,29,0,95.74158466565925,76,7,1,PullRequest,2025-06-25T15:00:00,Wednesday,15,27,0,0.0331697926304835,0.016794101734765605,1,1,133.4617269107117,windows-latest,0.5071118302706624,0,0,1,artifact_upload_error,262
RUN-100592,backend-api,4a10e26aa2,dev30,111.0,1,31,368,147,0,,92,17,0,schedule,2025-06-25T16:00:00,Wednesday,16,185,0,0.25067690106438023,0.6408550265884524,0,0,93.77234657795465,windows-latest,0.47302962121743924,0,0,1,,399
RUN-100593,infra-terraform,41ffbb604e,dev18,38.0,2,244,302,30,1,88.50321295425181,254,3,1,schedule,2025-06-25T17:00:00,Wednesday,17,64,0,0.10965857561631756,0.18623478895022935,0,0,140.41034298785513,macos-latest,0.648979394523506,0,0,1,infra_timeout,546
RUN-100594,backend-api,9601908a76,dev8,8.0,3,188,166,62,0,91.61888325174301,402,4,0,push,2025-06-25T18:00:00,Wednesday,18,149,1,0.10565085754386037,0.20044007611404127,1,1,125.86125225906903,macos-latest,0.45025157341411104,0,0,1,lint_error,354
RUN-100595,infra-terraform,68f49b155c,dev9,6.0,1,115,445,71,1,70.06983683880944,284,8,0,Push,2025-06-25T19:00:00,Wednesday,19,172,0,0.22980019690336118,0.16558517956284327,0,0,161.901678652116,macos-latest,0.44907490245231635,1,0,1,artifact_upload_error,560
RUN-100596,mobile-app,3806fc9949,dev11,24.0,10,142,8,176,1,80.08206919113412,364,40,0,PullRequest,2025-06-25T20:00:00,Wednesday,20,50,1,0.11290941619221953,0.15354302457465296,0,0,86.71419664066893,macos-latest,0.2881374166989988,0,0,1,infra_timeout,150
RUN-100597,ml-pipeline,d0e90c0fa8,dev17,110.0,6,67,79,34,0,75.54012930589617,260,5,1,push,2025-06-25T21:00:00,Wednesday,21,72,0,0.1661785344257742,0.04494178949933865,0,0,129.30871310020044,ubuntu-latest,0.6771246488598442,1,0,1,tests_failed,146
RUN-100598,ml-pipeline,dc4e4f6b4a,dev9,22.0,4,290,78,26,2,61.11343436379734,226,12,0,schedule,2025-06-25T22:00:00,Wednesday,22,172,0,0.37645837753153055,0.18800819560177898,0,0,145.53098359495849,windows-latest,0.8134963019553159,0,0,0,lint_error,368
RUN-100599,ml-pipeline,2aee5b1092,dev19,87.0,13,141,390,13,3,72.77424028914892,140,10,1,Push,2025-06-25T23:00:00,Wednesday,23,25,0,0.47605330318094946,0.22479344856877717,0,0,94.95130056387259,windows-latest,0.9470399750171746,0,0,1,docker_build_failed,531
RUN-100600,ml-pipeline,01ebfb1c5d,dev14,37.0,1,178,619,154,0,82.05007908287072,353,5,0,push,2025-06-26T00:00:00,Thursday,0,26,0,0.2349538922661882,0.49525486291355103,0,1,165.08813022544493,windows-latest,0.4625188100825336,0,0,1,lint_error,797
RUN-100601,ml-pipeline,560c9d160a,dev19,41.0,3,219,22,62,0,69.0116489398697,410,10,0,schedule,2025-06-26T01:00:00,Thursday,1,63,0,0.23108403655352758,0.1996782236085202,0,0,53.34889233674744,ubuntu-latest,0.7497095994373926,0,0,1,tests_failed,241
RUN-100602,ml-pipeline,cc29ab8d74,dev5,8.0,4,41,519,64,0,71.10188165553767,191,6,1,Push,2025-06-26T02:00:00,Thursday,2,122,0,0.14962650464779464,0.2572833984384507,0,0,86.68236012081441,ubuntu-latest,0.5041295711789175,1,0,1,,560
RUN-100603,frontend-web,d6d4193722,dev19,63.0,1,55,30,540,0,72.91959773537226,184,7,0,Push,2025-06-26T03:00:00,Thursday,3,162,0,0.12041819719182274,0.14790878879530028,0,0,51.85248915452351,ubuntu-latest,0.3440141316964392,0,0,1,,85
RUN-100604,infra-terraform,236988b03c,dev28,,4,13,31,57,0,100.0,610,2,0,push,2025-06-26T04:00:00,Thursday,4,114,0,0.10198713229024935,0.24998619834498725,1,0,90.56500106703176,ubuntu-latest,0.6503930600487471,0,0,1,,44
RUN-100605,mobile-app,c63ae0abb3,dev5,58.0,1,276,84,15,0,52.991412754746726,197,8,0,manual,2025-06-26T05:00:00,Thursday,5,101,1,0.06115273128266103,0.026485763422961717,2,0,113.81663778237902,macos-latest,0.8488471275259569,0,0,1,,360
RUN-100606,backend-api,1d9ec9ce9a,dev10,13.0,5,39,77,38,0,81.0197195883271,211,16,1,Push,2025-06-26T06:00:00,Thursday,6,174,1,0.13531595574608815,0.6184277390772571,1,0,153.2600287610493,windows-latest,0.3746865734262699,0,0,1,infra_timeout,116
RUN-100607,mobile-app,63db24541d,dev21,31.0,7,171,19,20,1,71.95993107297402,281,9,2,manual,2025-06-26T07:00:00,Thursday,7,38,0,0.06164018263053021,0.13408409499648544,0,1,113.78838651018441,macos-latest,,0,0,1,infra_timeout,190
RUN-100608,infra-terraform,ffa4df8873,dev19,37.0,4,223,224,32,0,67.3121410979708,187,19,0,manual,2025-06-26T08:00:00,Thursday,8,180,0,0.16807447965785366,0.22215534488431005,0,1,96.18505124449777,macos-latest,0.5306998969957121,1,0,1,artifact_upload_error,447
RUN-100609,infra-terraform,314da1d749,dev21,23.0,1,287,232,32,0,,112,13,1,manual,2025-06-26T09:00:00,Thursday,9,65,0,0.18917264318656357,0.429973518837046,0,0,58.03108815261302,macos-latest,0.684235018480094,0,0,1,infra_timeout,519
RUN-100610,infra-terraform,276a2847f2,dev17,39.0,1,39,350,27,0,83.00851492600108,261,8,1,schedule,2025-06-26T10:00:00,Thursday,10,58,0,0.08664326293524983,0.24621656586552823,0,0,71.43285418366604,macos-latest,0.817732920351234,0,0,1,tests_failed,389
RUN-100611,mobile-app,6c3ca48106,dev21,21.0,5,138,68,14,1,83.69428312824672,194,5,1,push,2025-06-26T11:00:00,Thursday,11,190,0,0.12725287060008217,0.07600100084552248,1,0,132.40823802047476,windows-latest,0.6348356078140606,0,0,1,infra_timeout,206
RUN-100612,ml-pipeline,9ea298b566,dev19,15.0,3,931,105,159,1,77.23220546921704,727,6,0,manual,2025-06-26T12:00:00,Thursday,12,130,1,0.10113310136083455,0.2155608645825558,0,0,155.2581904473549,ubuntu-latest,0.6670515085443769,0,0,0,lint_error,1036
RUN-100613,backend-api,eed295eee0,dev3,115.0,1,978,106,56,0,88.11289579747952,347,3,2,manual,2025-06-26T13:00:00,Thursday,13,89,0,0.22521481601015203,0.13576978597199474,0,0,103.23112223180206,ubuntu-latest,0.6141146847763674,1,0,1,tests_failed,1084
RUN-100614,ml-pipeline,fb1718374a,dev23,69.0,8,439,704,37,1,90.22599594120692,132,7,0,Push,2025-06-26T14:00:00,Thursday,14,69,0,0.2852156158571589,0.20621478545293523,0,0,168.4405809129846,windows-latest,0.7410822719394524,0,0,1,infra_timeout,1143
RUN-100615,ml-pipeline,11d3f800a1,dev14,13.0,3,215,4,81,0,84.79651130340737,333,9,1,Push,2025-06-26T15:00:00,Thursday,15,91,0,0.10431187238267117,0.08101180514297696,0,0,82.00330403683382,ubuntu-latest,0.8445685529002284,0,0,1,infra_timeout,219
RUN-100616,backend-api,2353ce27f0,dev2,45.0,1,49,38,65,1,68.44569058623337,248,29,0,PullRequest,2025-06-26T16:00:00,Thursday,16,159,1,0.15058830232574286,0.201107922534649,1,1,104.37837524788569,ubuntu-latest,0.3181720610313987,0,0,0,lint_error,87
RUN-100617,backend-api,ca6dcdc996,dev13,13.0,7,327,110,55,0,80.93329859055451,500,13,1,Push,2025-06-26T17:00:00,Thursday,17,34,0,0.2206770770189897,0.21778122415281928,0,0,107.7541768087733,ubuntu-latest,0.3457129725763427,0,0,0,,437
RUN-100618,frontend-web,454826133f,dev14,9.0,1,124,33,77,0,80.99040790966284,138,4,3,push,2025-06-26T18:00:00,Thursday,18,39,0,0.044656862159877665,0.20413625151532397,0,0,181.17655153217692,ubuntu-latest,0.5234159437935683,0,0,1,,157
RUN-100619,frontend-web,e28577cc79,dev3,68.0,1,274,82,49,1,65.21242279624138,228,3,1,Push,2025-06-26T19:00:00,Thursday,19,64,0,0.2479144431805689,0.21431275823315626,0,0,125.3463650720381,windows-latest,0.8320062630682343,0,0,1,artifact_upload_error,356
RUN-100620,mobile-app,a9d8129a39,dev30,5.0,4,73,95,76,1,56.1667332713489,186,7,0,push,2025-06-26T20:00:00,Thursday,20,99,0,0.07454492365179628,0.2584875234896086,0,0,48.062688429692614,ubuntu-latest,0.8512058984154497,0,0,1,,168
RUN-100621,mobile-app,1ca1dc6873,dev7,62.0,13,122,53,81,1,50.72669254350534,208,15,1,manual,2025-06-26T21:00:00,Thursday,21,163,0,0.043113284288640814,0.15939975089027392,0,0,158.0661722103605,windows-latest,0.7053504901402881,0,0,0,tests_failed,175
RUN-100622,frontend-web,d520a3a3b5,dev10,21.0,12,177,118,50,0,75.83826588134582,107,7,0,manual,2025-06-26T22:00:00,Thursday,22,46,0,0.15523513765020983,0.07769789673456617,0,0,193.83710306511546,macos-latest,,0,0,1,artifact_upload_error,295
RUN-100623,mobile-app,2d25b11493,dev14,22.0,4,194,219,37,1,78.57647657840302,299,13,1,manual,2025-06-26T23:00:00,Thursday,23,158,0,0.3295892594408695,0.12899968568840733,1,0,110.01037111594576,windows-latest,0.6184119784342598,1,0,1,lint_error,413
RUN-100624,ml-pipeline,6c6a31b627,dev25,39.0,4,255,84,152,0,60.818621068171026,268,7,0,Push,2025-06-27T00:00:00,Friday,0,181,0,0.16219037760781221,0.07791734180944013,1,0,84.11670699815139,macos-latest,0.6857840378993516,1,0,1,artifact_upload_error,339
RUN-100625,backend-api,8d5bfdd181,dev23,45.0,6,78,66,30,1,87.55238799061635,492,14,1,schedule,2025-06-27T01:00:00,Friday,1,89,0,0.1271461511758488,0.25802428364088975,0,0,154.5702965873765,ubuntu-latest,0.5886243211413946,0,0,1,lint_error,144
RUN-100626,backend-api,803235d93e,dev24,12.0,1,33,91,61,1,,198,2,0,push,2025-06-27T02:00:00,Friday,2,192,0,0.3715843281752508,0.18818711265930585,1,0,198.57058546870311,ubuntu-latest,,0,0,1,docker_build_failed,124
RUN-100627,backend-api,afa85f724b,dev8,51.0,5,886,109,62,0,91.19343137898423,150,27,0,manual,2025-06-27T03:00:00,Friday,3,179,0,0.10229349069151317,0.08675736663857313,0,0,153.94927015811675,ubuntu-latest,0.42992792694965626,0,1,1,lint_error,995
RUN-100628,mobile-app,a7167a54cb,dev26,30.0,1,2294,16,27,0,79.4464304398031,348,4,0,PullRequest,2025-06-27T04:00:00,Friday,4,160,0,0.10871180749092928,0.32025524078453693,0,0,55.07974586149584,macos-latest,0.5102028555727773,1,0,0,,2310
RUN-100629,backend-api,fdf6770200,dev25,8.0,4,242,182,23,0,62.20399713745019,114,15,0,manual,2025-06-27T05:00:00,Friday,5,79,0,0.06990052564158207,0.05537204790231308,0,0,150.18727261489659,ubuntu-latest,0.1341359628691437,0,0,1,artifact_upload_error,424
RUN-100630,ml-pipeline,ffda1d3f06,dev14,23.0,2,34,66,33,0,80.4993745594818,428,7,0,PullRequest,2025-06-27T06:00:00,Friday,6,63,0,0.24911157873561898,0.04512330512229722,1,0,136.1682955110807,macos-latest,0.33489014142358053,0,0,1,infra_timeout,100
RUN-100631,backend-api,8436aef408,dev17,93.0,4,63,440,30,0,83.04132833846522,427,8,1,push,2025-06-27T07:00:00,Friday,7,173,0,0.35972140759699295,0.1442445770669555,1,0,81.81478706243085,macos-latest,0.6648692356846881,0,0,0,docker_build_failed,503
RUN-100632,mobile-app,185ef7a51b,dev2,122.0,3,259,210,13,0,68.42851696935593,483,7,1,manual,2025-06-27T08:00:00,Friday,8,91,1,0.4816280472020876,0.12470565620165948,0,0,171.55271383797185,macos-latest,0.7943811442553612,0,0,1,,469
RUN-100633,backend-api,ba53f03dae,dev23,51.0,1,648,398,26,0,57.6948840322815,260,10,1,push,2025-06-27T09:00:00,Friday,9,11,0,0.15440473485588757,0.13338498388903577,0,1,137.5340459511662,ubuntu-latest,0.7516856512693377,0,0,1,infra_timeout,1046
RUN-100634,frontend-web,fa06a8331e,dev29,9.0,3,39,36,55,0,,142,12,1,PullRequest,2025-06-27T10:00:00,Friday,10,144,0,0.07897224855005011,0.02151679222595547,1,0,172.5983437026373,ubuntu-latest,0.731604582860316,0,0,1,artifact_upload_error,75
RUN-100635,ml-pipeline,517dd69052,dev15,42.0,5,129,73,123,0,62.98986437620578,216,18,0,manual,2025-06-27T11:00:00,Friday,11,72,0,0.20518958416704006,0.2812116141739435,0,0,77.54095399544502,ubuntu-latest,0.6480618089871027,0,0,1,lint_error,202
RUN-100636,backend-api,7611c9194c,dev17,58.0,4,184,28,69,1,88.45065195673358,261,24,0,Push,2025-06-27T12:00:00,Friday,12,187,0,0.09771930007650224,0.23016762594316525,0,0,135.95110977460098,macos-latest,0.4530267894513477,0,0,1,tests_failed,212
RUN-100637,backend-api,6cbe2e382d,dev15,52.0,3,384,50,5,0,70.11387983488089,135,11,0,PullRequest,2025-06-27T13:00:00,Friday,13,171,0,0.3853451565558515,0.2845100341995994,0,0,84.19620993046621,windows-latest,0.6527760262919178,0,0,0,tests_failed,434
RUN-100638,ml-pipeline,0d29ce4335,dev3,54.0,12,101,435,74,0,95.69521327791958,509,29,0,PullRequest,2025-06-27T14:00:00,Friday,14,25,0,0.12854242614612768,0.3456613092259259,0,0,129.9066791395578,windows-latest,0.8307331511018627,0,0,1,,536
RUN-100639,infra-terraform,ac1985925e,dev19,37.0,4,26,564,28,1,49.51009598977397,300,9,1,PullRequest,2025-06-27T15:00:00,Friday,15,180,0,0.16369704109928102,0.1616145527851441,0,0,179.08901801019567,ubuntu-latest,0.8134121300034284,0,0,1,infra_timeout,590
RUN-100640,ml-pipeline,5a7456d4c3,dev22,25.0,4,293,31,64,2,76.61754724974178,107,19,1,schedule,2025-06-27T16:00:00,Friday,16,190,0,0.2920982957045367,0.12463725960823141,0,1,62.94329073482916,windows-latest,0.6279160040032955,0,0,1,artifact_upload_error,324
RUN-100641,infra-terraform,c9973b8452,dev28,15.0,7,511,66,44,0,92.15271168121583,748,12,1,push,2025-06-27T17:00:00,Friday,17,152,1,0.15979127825358821,0.23911966428136527,1,0,65.23995353149925,windows-latest,0.7878066297575276,0,0,1,lint_error,577
RUN-100642,infra-terraform,d505d23dae,dev28,4.0,4,135,101,38,0,64.31634820935244,214,6,1,schedule,2025-06-27T18:00:00,Friday,18,58,0,0.35271471165089185,0.13330202346116143,0,0,158.2189870615026,macos-latest,0.66295689713326,0,1,1,,236
RUN-100643,mobile-app,d23c2e4ae7,dev15,36.0,1,231,209,41,0,73.08958877247558,93,10,0,Push,2025-06-27T19:00:00,Friday,19,135,0,0.16386006978788067,0.3726215528832076,0,0,119.43508900282197,macos-latest,0.5997681477348938,0,0,1,artifact_upload_error,440
RUN-100644,ml-pipeline,6aaa9f72ef,dev29,32.0,1,88,15,43,2,70.16357142763147,112,12,1,push,2025-06-27T20:00:00,Friday,20,174,0,0.3546011522275056,0.10989145707102618,0,0,166.85052904610205,windows-latest,0.5280499584345327,1,0,1,docker_build_failed,103
RUN-100645,backend-api,5250d15d65,dev16,44.0,2,58,18,131,1,66.7947882941726,567,8,0,Push,2025-06-27T21:00:00,Friday,21,164,0,0.23474839373776746,0.10620717303569847,0,1,87.7086090014867,windows-latest,0.6841535532700949,0,0,0,infra_timeout,76
RUN-100646,mobile-app,bfb2b7f73c,dev20,8.0,6,459,188,44,1,77.93547169337137,718,12,1,schedule,2025-06-27T22:00:00,Friday,22,89,0,0.2864757867785508,0.54793310914609,0,2,122.04762371130872,windows-latest,0.7327854211208491,0,0,0,,647
RUN-100647,mobile-app,cd27dba1b6,dev19,48.0,2,227,12,106,1,59.45494078801076,406,16,0,manual,2025-06-27T23:00:00,Friday,23,142,0,0.4976618317267159,0.2526505868161484,0,1,147.52515279661029,ubuntu-latest,0.8056117475690177,0,0,1,lint_error,239
RUN-100648,infra-terraform,7dc30c4a2a,dev30,172.0,6,254,67,94,0,73.6683746240373,504,8,0,manual,2025-06-28T00:00:00,Saturday,0,80,0,0.04906051118194181,0.1947712136267731,0,0,128.4080076016096,ubuntu-latest,0.7931999668137777,0,0,1,infra_timeout,321
RUN-100649,infra-terraform,e49dae4f38,dev23,29.0,3,774,131,76,0,81.19193085221488,469,1,0,Push,2025-06-28T01:00:00,Saturday,1,54,0,0.09744817001870547,0.10564280606523162,2,0,48.45010685351107,ubuntu-latest,0.7278264176402459,1,0,0,docker_build_failed,905
RUN-100650,mobile-app,24d7334744,dev4,25.0,9,46,173,10,1,72.41887546336028,295,29,0,manual,2025-06-28T02:00:00,Saturday,2,136,0,0.15009602763289098,0.13902100754176705,0,1,232.90393024875786,ubuntu-latest,0.6254206090678989,0,0,1,lint_error,219
RUN-100651,ml-pipeline,e10aa6cb91,dev3,35.0,2,80,94,109,1,62.99754960017069,252,7,0,Push,2025-06-28T03:00:00,Saturday,3,95,0,0.23693384361202394,0.11468140511059416,0,0,128.4929792761006,ubuntu-latest,0.8230421308194711,1,0,1,,174
RUN-100652,backend-api,1899b27aea,dev13,168.0,4,176,73,30,0,87.36222478321802,292,5,0,PullRequest,2025-06-28T04:00:00,Saturday,4,48,0,0.24667943880392407,0.1846922669190019,1,0,66.38331657853931,ubuntu-latest,0.622544506666025,0,0,1,artifact_upload_error,249
RUN-100653,infra-terraform,274d72d853,dev16,10.0,4,79,278,79,0,83.7630835394022,335,4,0,PullRequest,2025-06-28T05:00:00,Saturday,5,133,0,0.037155626909493734,0.17075987921955518,0,1,132.56799570160968,macos-latest,0.6777589028103554,1,0,1,artifact_upload_error,357
RUN-100654,mobile-app,88a9bd364e,dev21,32.0,11,351,150,20,0,62.50575394435511,119,7,1,manual,2025-06-28T06:00:00,Saturday,6,67,0,0.08561298293156101,0.13004098125559668,0,0,137.16580173757993,ubuntu-latest,0.2957197093695162,0,0,0,tests_failed,501
RUN-100655,mobile-app,1148e42047,dev15,13.0,1,120,53,17,2,59.4707092197295,334,6,0,push,2025-06-28T07:00:00,Saturday,7,119,1,0.2206166594293269,0.1484888648460407,1,0,159.75694298327858,macos-latest,0.6181296608416931,0,0,1,lint_error,173
RUN-100656,ml-pipeline,0d84c42582,dev16,16.0,2,49,114,217,0,63.57690700807411,556,5,0,push,2025-06-28T08:00:00,Saturday,8,75,0,0.5244049669895158,0.04325402557893053,0,0,157.08579604235547,ubuntu-latest,0.6801761602707214,0,0,1,,163
RUN-100657,ml-pipeline,0021ff153a,dev28,25.0,6,159,167,20,1,81.54327798584659,173,5,1,PullRequest,2025-06-28T09:00:00,Saturday,9,177,0,0.13024886360291238,0.17604766643864586,0,0,111.44621818413908,windows-latest,0.6283817760242191,1,0,1,,326
RUN-100658,frontend-web,6fb272d816,dev11,91.0,11,178,727,111,0,78.30687478755056,160,13,0,PullRequest,2025-06-28T10:00:00,Saturday,10,170,0,0.10670777296362208,0.2053882641330466,0,0,51.11681245455959,windows-latest,0.5449227242088581,0,0,1,tests_failed,905
RUN-100659,backend-api,c64dc02cd9,dev15,137.0,4,414,261,49,1,84.48099254934857,279,37,1,push,2025-06-28T11:00:00,Saturday,11,97,0,0.4607692702863347,0.399275542363768,1,0,138.45452127215657,windows-latest,,0,0,1,,675
RUN-100660,frontend-web,08eb2a8719,dev17,40.0,2,228,418,31,1,71.08619738339262,127,16,0,manual,2025-06-28T12:00:00,Saturday,12,143,0,0.3147907440633634,0.19536896030125595,0,0,54.30335782681118,macos-latest,0.7110648592843207,0,0,0,tests_failed,646
RUN-100661,ml-pipeline,a6fa5ac056,dev15,19.0,6,246,56,43,0,63.90318914999872,79,19,0,schedule,2025-06-28T13:00:00,Saturday,13,39,0,0.11822334909982724,0.17410876283990426,1,0,168.6097841274232,ubuntu-latest,0.213940155020523,0,0,1,infra_timeout,302
RUN-100662,frontend-web,d2b878ccbf,dev30,255.0,6,211,61,15,1,86.026157860974,447,6,0,PullRequest,2025-06-28T14:00:00,Saturday,14,199,0,0.1118456786625128,0.026605074068371155,0,0,90.68968137939927,macos-latest,0.6511205839189648,0,0,0,lint_error,272
RUN-100663,backend-api,2b021a8657,dev29,18.0,2,120,84,44,1,68.35861783858603,146,9,0,PullRequest,2025-06-28T15:00:00,Saturday,15,46,1,0.3254235756205325,0.062027374374017785,0,0,145.3984133862205,windows-latest,0.5081232146820371,1,0,1,,204
RUN-100664,mobile-app,2598dc9a06,dev16,16.0,4,67,93,18,1,77.23857667024774,202,12,1,Push,2025-06-28T16:00:00,Saturday,16,174,0,0.2415260789090198,0.340268060153859,1,0,93.75324752624553,windows-latest,0.760581791959584,0,0,1,infra_timeout,160
RUN-100665,ml-pipeline,dc5d73de10,dev14,5.0,8,203,36,32,0,,130,5,1,Push,2025-06-28T17:00:00,Saturday,17,169,1,0.04997794692920335,0.13773084862093243,2,1,100.318573515071,ubuntu-latest,0.7119292996325063,0,0,1,docker_build_failed,239
RUN-100666,mobile-app,d2b84b6044,dev18,95.0,15,102,442,93,1,,489,6,0,push,2025-06-28T18:00:00,Saturday,18,39,0,0.3227528642235205,0.1619284167230127,0,1,87.96120733623157,macos-latest,0.672370723790124,0,0,1,infra_timeout,544
RUN-100667,infra-terraform,89f8166c8d,dev6,64.0,6,952,290,54,0,87.11275585129816,364,16,1,manual,2025-06-28T19:00:00,Saturday,19,6,0,0.5072616866834132,0.2747904691969608,0,0,148.64326107842805,macos-latest,0.3140772329307052,1,0,1,tests_failed,1242
RUN-100668,infra-terraform,d1b7155274,dev13,238.0,3,649,78,13,0,66.40470519996171,169,19,0,PullRequest,2025-06-28T20:00:00,Saturday,20,148,0,0.007295191710883987,0.21477638300209725,0,0,95.14612077121733,windows-latest,0.7635495707019458,0,0,0,artifact_upload_error,727
RUN-100669,frontend-web,17bedcbf0b,dev7,7.0,3,297,222,88,0,,87,9,0,PullRequest,2025-06-28T21:00:00,Saturday,21,174,0,0.0929353649850376,0.12364546722311909,0,0,150.74128352764595,macos-latest,0.4189788072773707,0,0,0,lint_error,519
RUN-100670,infra-terraform,64fcbda26c,dev5,100.0,5,225,140,44,1,47.02776364574167,157,3,1,schedule,2025-06-28T22:00:00,Saturday,22,144,1,0.34016797867673443,0.14110913598488803,0,1,96.19238565087639,macos-latest,,1,0,1,,365
RUN-100671,ml-pipeline,bce04cf68b,dev3,28.0,3,134,242,28,0,68.28730008428177,298,7,1,Push,2025-06-28T23:00:00,Saturday,23,15,0,0.18199612997092637,0.1711690740181969,0,1,110.7432698997858,ubuntu-latest,0.6993202084081832,0,0,1,infra_timeout,376
RUN-100672,ml-pipeline,41e85f2196,dev18,56.0,3,37,25,81,0,72.94374424946241,228,3,0,schedule,2025-06-29T00:00:00,Sunday,0,130,0,0.10797516706908993,0.10609801309935102,1,1,121.42259759836969,ubuntu-latest,0.5993047576635764,0,0,0,artifact_upload_error,62
RUN-100673,frontend-web,c098a0b353,dev1,6.0,1,117,93,39,0,,216,9,0,Push,2025-06-29T01:00:00,Sunday,1,81,0,0.33794325408462444,0.13792496693011874,0,0,126.15286423660001,macos-latest,0.9042112805931696,0,0,0,tests_failed,210
RUN-100674,ml-pipeline,8111d95933,dev20,101.0,9,165,103,17,0,60.971245439826575,232,10,0,Push,2025-06-29T02:00:00,Sunday,2,183,0,0.12272114377809919,0.07205751253916311,0,0,83.03182661787531,ubuntu-latest,0.685420978826521,0,0,1,lint_error,268
RUN-100675,ml-pipeline,c0116e8989,dev13,55.0,1,191,218,196,0,83.05191954536508,340,7,0,manual,2025-06-29T03:00:00,Sunday,3,161,0,0.1887345729882661,0.20351296008687236,0,0,148.1523059720543,ubuntu-latest,0.8070157461489734,1,0,0,,409
RUN-100676,mobile-app,76f53ea7b6,dev11,26.0,2,248,55,44,0,87.68318137498552,194,10,1,manual,2025-06-29T04:00:00,Sunday,4,160,0,0.261289496597347,0.2103498228813266,0,0,109.14643176229062,windows-latest,0.5055831085379583,0,0,1,lint_error,303
RUN-100677,frontend-web,5e2efa954f,dev24,48.0,3,408,7,41,1,66.3421242330687,274,12,0,manual,2025-06-29T05:00:00,Sunday,5,84,0,0.0881430604608746,0.027098132772512912,0,0,141.75602949222034,ubuntu-latest,0.7210829324396089,1,0,1,lint_error,415
RUN-100678,mobile-app,381cc8d469,dev17,13.0,16,69,33,32,0,70.51771261472773,100,10,1,PullRequest,2025-06-29T06:00:00,Sunday,6,67,1,0.14271668511241495,0.4380568464898478,0,0,119.3508692114896,windows-latest,0.3641835777388994,0,0,1,tests_failed,102
RUN-100679,infra-terraform,35585938a0,dev23,16.0,2,70,102,114,0,76.69954528574284,1197,3,0,Push,2025-06-29T07:00:00,Sunday,7,165,0,0.09138872905933886,0.1646231854654766,0,0,143.4581560169959,ubuntu-latest,0.29195695286943746,0,0,1,infra_timeout,172
RUN-100680,ml-pipeline,c061b3a6a6,dev22,17.0,1,732,117,29,1,57.22218039368965,164,7,0,Push,2025-06-29T08:00:00,Sunday,8,27,0,0.07587088576927026,0.19023535358858074,0,0,103.54633008079404,windows-latest,0.670643296282314,1,0,1,artifact_upload_error,849
RUN-100681,frontend-web,1e70e897f6,dev1,5.0,2,346,700,12,1,69.53876145766372,231,12,0,manual,2025-06-29T09:00:00,Sunday,9,24,0,0.20170486514687422,0.0725272641337436,0,0,88.41607640502514,ubuntu-latest,0.6014731993107825,0,0,1,lint_error,1046
RUN-100682,infra-terraform,1602f075c2,dev7,58.0,12,96,208,25,1,90.31334449135699,297,27,0,manual,2025-06-29T10:00:00,Sunday,10,17,0,0.24636379767816907,0.3687670662212211,1,0,137.07432937755675,windows-latest,0.5868374407280298,0,0,1,artifact_upload_error,304
RUN-100683,infra-terraform,2d216e4f56,dev18,79.0,1,131,120,129,1,81.27185773037304,150,7,0,Push,2025-06-29T11:00:00,Sunday,11,104,0,0.4210619823291029,0.2183007094027004,0,0,100.25064656802982,ubuntu-latest,0.5327442925612053,0,0,1,lint_error,251
RUN-100684,frontend-web,2ce3824c29,dev30,14.0,1,132,106,86,3,73.11898452620109,201,13,2,push,2025-06-29T12:00:00,Sunday,12,19,0,0.17077787054939855,0.25231596785764504,0,0,178.3514579898444,ubuntu-latest,0.38624449156462726,0,0,1,lint_error,238
RUN-100685,infra-terraform,d2b72e610b,dev5,37.0,29,153,370,36,0,76.3568683420378,199,16,1,push,2025-06-29T13:00:00,Sunday,13,118,1,0.08289082079402786,0.13173010069161284,0,0,122.70626808846852,macos-latest,,1,0,1,infra_timeout,523
RUN-100686,mobile-app,660487b30f,dev4,21.0,5,249,57,134,2,81.97086438635726,105,7,1,Push,2025-06-29T14:00:00,Sunday,14,37,0,0.25496119396646877,0.3201572577849057,0,0,65.05474888820675,macos-latest,0.5205327325211668,0,0,0,tests_failed,306
RUN-100687,mobile-app,fd8a1912b2,dev29,36.0,1,2412,94,81,2,84.26892177492137,272,20,0,schedule,2025-06-29T15:00:00,Sunday,15,178,0,0.03962932419713208,0.12962403355077254,1,0,96.58136186330594,ubuntu-latest,0.8108743583259533,0,0,0,docker_build_failed,2506
RUN-100688,mobile-app,232046e8da,dev30,15.0,3,182,33,36,0,68.32303023145077,63,20,2,manual,2025-06-29T16:00:00,Sunday,16,89,0,0.523632598467649,0.5605645475562251,0,0,80.02781840065636,windows-latest,0.9137041977041755,1,0,1,infra_timeout,215
RUN-100689,ml-pipeline,a74e62d1fc,dev6,12.0,3,307,523,39,1,,683,23,1,schedule,2025-06-29T17:00:00,Sunday,17,23,0,0.16864487947676865,0.045083906043995835,1,2,162.9167512152657,windows-latest,0.7335098706152876,0,0,0,lint_error,830
RUN-100690,infra-terraform,72dfefde2d,dev13,69.0,6,23,169,58,1,,349,12,1,schedule,2025-06-29T18:00:00,Sunday,18,140,0,0.037890001790503586,0.1289488370712832,0,0,150.94162371434504,ubuntu-latest,0.7096122430530073,0,0,1,tests_failed,192
RUN-100691,ml-pipeline,6496491eea,dev19,25.0,14,87,50,22,1,83.12709156423855,313,47,0,push,2025-06-29T19:00:00,Sunday,19,71,0,0.13340324746397322,0.040767804621958934,1,0,117.55826815986786,ubuntu-latest,0.8151194466829826,0,0,0,artifact_upload_error,137
RUN-100692,infra-terraform,e00584a02f,dev6,167.0,4,573,96,44,1,64.8844816098493,59,5,0,PullRequest,2025-06-29T20:00:00,Sunday,20,56,0,0.15124243954703137,0.2692673935623607,0,0,131.6029481360121,macos-latest,0.840617144674871,1,0,1,,669
RUN-100693,infra-terraform,f9c0a2e0f3,dev10,28.0,2,231,192,57,0,62.75731311875288,115,39,1,push,2025-06-29T21:00:00,Sunday,21,133,0,0.23705038926325697,0.2156213384937623,0,0,116.4928222844714,ubuntu-latest,0.8589602973040191,1,0,1,,423
RUN-100694,frontend-web,df73af49f4,dev12,11.0,6,1,83,11,0,71.08075444084088,529,15,0,schedule,2025-06-29T22:00:00,Sunday,22,191,0,0.2939205072591697,0.17766242493159992,0,0,154.4160820273887,windows-latest,0.7857388191370809,0,0,0,infra_timeout,84
RUN-100695,backend-api,313a9e0774,dev20,81.0,1,311,61,38,1,75.72918117173293,3662,23,0,push,2025-06-29T23:00:00,Sunday,23,196,0,0.3217351200609015,0.27551012300134475,0,1,140.79326571294646,ubuntu-latest,0.8845541104354663,0,0,1,lint_error,372
RUN-100696,ml-pipeline,3886366a9d,dev10,47.0,1,1224,53,35,1,53.77809761329137,462,7,0,Push,2025-06-30T00:00:00,Monday,0,89,1,0.17874127591727115,0.22597254760580465,0,0,147.99902816890386,macos-latest,0.6422286250958751,0,0,1,tests_failed,1277
RUN-100697,mobile-app,a7f4752e79,dev13,,1,16,159,101,1,80.93631760254307,413,16,0,PullRequest,2025-06-30T01:00:00,Monday,1,170,0,0.13641403977060237,0.20353860476152408,0,1,112.32616079281813,ubuntu-latest,0.4220602186407318,0,0,0,lint_error,175
RUN-100698,frontend-web,4a0161b0f2,dev9,79.0,1,789,74,10,1,,289,24,0,manual,2025-06-30T02:00:00,Monday,2,45,0,0.0894425805022649,0.30706355232555727,0,0,94.73760781190092,windows-latest,0.512697040187127,0,0,1,artifact_upload_error,863
RUN-100699,frontend-web,bc16f23840,dev23,15.0,1,7,66,32,1,81.91768967797053,110,4,1,push,2025-06-30T03:00:00,Monday,3,170,0,0.27083649231325646,0.046128224273613065,0,0,146.6025234009682,windows-latest,0.8168661849569101,0,0,0,lint_error,73
RUN-100700,mobile-app,9100f19b01,dev5,24.0,1,416,25,30,2,66.88736636634918,402,8,1,push,2025-06-30T04:00:00,Monday,4,188,0,0.19029340507441514,0.33141012508389445,0,1,182.053613948568,windows-latest,0.6294920729584141,0,0,1,infra_timeout,441
RUN-100701,ml-pipeline,8d085b67be,dev7,23.0,4,147,119,96,0,65.46715923119412,92,2,0,schedule,2025-06-30T05:00:00,Monday,5,105,0,0.18702999834031822,0.17087368583473617,0,0,164.24041755733748,ubuntu-latest,0.7769759392868928,0,0,1,,266
RUN-100702,frontend-web,d41ba6b962,dev8,8.0,1,11,90,43,2,78.59822813008894,85,7,0,manual,2025-06-30T06:00:00,Monday,6,106,0,0.12115303010252898,0.3147716732636623,0,0,183.26634815520612,ubuntu-latest,0.17213501151993882,0,0,1,artifact_upload_error,101
RUN-100703,frontend-web,b5e579c95e,dev28,21.0,1,242,77,188,0,73.16035541594184,82,5,2,Push,2025-06-30T07:00:00,Monday,7,115,1,0.494444188919405,0.3693848692766525,1,0,126.48127395495938,ubuntu-latest,0.8373214854720239,0,0,1,,319
RUN-100704,frontend-web,06cdcce776,dev29,90.0,1,526,136,75,0,80.3164940910709,396,7,0,schedule,2025-06-30T08:00:00,Monday,8,19,0,0.31415564304232935,0.19695357489553936,0,0,81.20035630624984,windows-latest,0.551151247462938,1,0,1,tests_failed,662
RUN-100705,mobile-app,0ca95aa087,dev16,33.0,2,221,250,32,0,82.22065647126762,192,69,0,manual,2025-06-30T09:00:00,Monday,9,172,0,0.15754186822998925,0.07490694798633131,0,0,84.75251361582097,windows-latest,0.8177852358537725,1,0,1,tests_failed,471
RUN-100706,frontend-web,99ffbc17ee,dev5,8.0,2,282,237,54,0,88.10268634673595,214,30,0,manual,2025-06-30T10:00:00,Monday,10,148,0,0.37839334957104,0.06445278347669066,0,0,175.18279382054905,macos-latest,0.5558316456550935,0,0,0,lint_error,519
RUN-100707,mobile-app,7c7715785f,dev23,6.0,11,94,201,33,0,61.41451885284574,198,3,0,manual,2025-06-30T11:00:00,Monday,11,174,0,0.17890600505506157,0.05578183050770934,0,1,45.52225912518941,macos-latest,0.4042274819781788,0,0,1,tests_failed,295
RUN-100708,mobile-app,429b76299e,dev15,121.0,2,19,84,88,0,,91,13,1,manual,2025-06-30T12:00:00,Monday,12,27,0,0.28211374664425004,0.3498480554285426,0,0,180.1902682269172,macos-latest,0.5371707192895471,0,0,1,artifact_upload_error,103
RUN-100709,mobile-app,6b2d0b9b49,dev26,24.0,6,317,58,15,1,70.63829995246412,125,15,0,push,2025-06-30T13:00:00,Monday,13,161,0,0.08741243888593424,0.27498427263346503,0,0,88.49461321838739,ubuntu-latest,0.5489492831954371,0,0,1,lint_error,375
RUN-100710,ml-pipeline,c206692042,dev11,15.0,3,1017,34,23,1,73.81637947277567,129,7,1,schedule,2025-06-30T14:00:00,Monday,14,75,0,0.2037549599542885,0.1155695370138805,1,0,196.93559873424232,macos-latest,0.5760923812216965,0,0,1,,1051
RUN-100711,mobile-app,d39ccf6d1a,dev30,21.0,3,514,57,64,0,85.37290623202493,74,10,0,Push,2025-06-30T15:00:00,Monday,15,164,0,0.7313641272289658,0.16878871740173315,2,0,117.17592833275839,macos-latest,0.5129085582007564,1,0,0,lint_error,571
RUN-100712,ml-pipeline,8fac50a259,dev25,7.0,1,16,112,119,1,86.67751047661493,140,10,4,schedule,2025-06-30T16:00:00,Monday,16,198,0,0.1033722861013607,0.11675634192234695,0,0,148.90283289025416,macos-latest,0.8477268364902174,0,0,1,,128
RUN-100713,ml-pipeline,62a7930528,dev7,97.0,3,28,46,7,0,91.78132380460386,93,3,1,push,2025-06-30T17:00:00,Monday,17,176,1,0.07451853965120875,0.16833623738758655,0,0,215.4018559306497,windows-latest,0.7007242708648233,1,0,1,tests_failed,74
RUN-100714,infra-terraform,454c6209c1,dev22,19.0,1,58,122,134,0,80.10708300441921,300,4,0,manual,2025-06-30T18:00:00,Monday,18,183,0,0.21536426862410188,0.35271802080682163,0,0,106.79408795777387,macos-latest,0.584664258567948,0,0,1,infra_timeout,180
RUN-100715,ml-pipeline,859c72eb21,dev9,92.0,3,25,38,39,0,73.67979851093047,318,10,0,PullRequest,2025-06-30T19:00:00,Monday,19,27,0,0.18350859974586978,0.15195982203945968,0,0,106.12267907581712,windows-latest,0.3590226344313674,1,0,1,infra_timeout,63
RUN-100716,mobile-app,50936e5629,dev11,28.0,2,155,17,9,1,71.9654583665954,81,9,0,schedule,2025-06-30T20:00:00,Monday,20,69,0,0.08292864267916299,0.1516550650451719,0,0,92.20643203703763,windows-latest,0.5824630820601963,1,0,1,infra_timeout,172
RUN-100717,mobile-app,906889f573,dev8,98.0,1,228,270,4,1,54.18293997126398,162,5,2,schedule,2025-06-30T21:00:00,Monday,21,62,0,0.16605004599391987,0.030534645164885122,0,0,79.9286692320392,macos-latest,0.34374096732065257,0,0,1,lint_error,498
RUN-100718,backend-api,ad39172da3,dev21,,7,30,65,13,0,91.07682053878324,734,5,1,manual,2025-06-30T22:00:00,Monday,22,105,1,0.08845663430687081,0.2898377840447349,0,0,106.80702715058965,ubuntu-latest,0.3024371854564051,1,0,0,docker_build_failed,95
RUN-100719,mobile-app,10ea9131d8,dev8,58.0,4,348,43,44,1,71.13721903457196,100,8,0,Push,2025-06-30T23:00:00,Monday,23,195,0,0.11558152708868195,0.22147732906519776,0,0,97.80636550565579,windows-latest,0.892062970605945,1,0,0,,391
RUN-100720,frontend-web,0045f5175c,dev20,51.0,2,287,33,42,0,81.07076472003493,270,16,0,manual,2025-07-01T00:00:00,Tuesday,0,138,1,0.07094488313403367,0.15583967329712017,0,0,69.98972143471093,ubuntu-latest,0.6605597174844475,0,0,1,lint_error,320
RUN-100721,infra-terraform,3657cb6902,dev18,47.0,3,81,175,74,1,83.1479583089092,215,8,3,Push,2025-07-01T01:00:00,Tuesday,1,111,0,0.3120375554501364,0.3833203789746278,0,0,111.58075567288118,macos-latest,0.5437271912244923,0,0,0,tests_failed,256
RUN-100722,infra-terraform,e4feb49c99,dev23,37.0,3,122,498,28,2,,430,28,1,push,2025-07-01T02:00:00,Tuesday,2,161,0,0.1653404667176881,0.26556326831833993,0,0,137.99146277726973,macos-latest,0.7917733157054628,0,1,1,,620
RUN-100723,frontend-web,a5734fbbc6,dev30,21.0,1,17,70,18,0,63.91984329048439,246,5,0,manual,2025-07-01T03:00:00,Tuesday,3,39,0,0.051539783951715476,0.10227916872346489,0,1,84.16378396285747,ubuntu-latest,,0,0,1,infra_timeout,87
RUN-100724,ml-pipeline,2c0597f7c7,dev1,152.0,3,102,86,32,0,93.56423888466593,148,10,0,schedule,2025-07-01T04:00:00,Tuesday,4,133,0,0.3882775188814342,0.13207103877669643,0,0,113.50200781093565,macos-latest,0.39561156960914984,0,0,1,,188
RUN-100725,frontend-web,e3e856c8d6,dev30,11.0,2,149,357,45,0,78.48522618820253,209,7,0,manual,2025-07-01T05:00:00,Tuesday,5,103,0,0.17315206705841532,0.16928781421018052,1,0,176.26017898260835,windows-latest,0.790968467954989,0,0,1,infra_timeout,506
RUN-100726,ml-pipeline,784f085218,dev4,27.0,1,178,15,53,0,68.0329720284178,212,13,1,push,2025-07-01T06:00:00,Tuesday,6,44,0,0.07536410613519283,0.03767390558798342,1,0,63.21875435270326,macos-latest,0.353792820362257,0,0,1,docker_build_failed,193
RUN-100727,frontend-web,79e1263cd4,dev16,27.0,1,225,956,23,0,73.48383586646948,187,5,0,schedule,2025-07-01T07:00:00,Tuesday,7,130,0,0.3066890506746291,0.1992413697004832,1,0,197.26669015746435,windows-latest,0.4548271956379713,0,0,1,artifact_upload_error,1181
RUN-100728,mobile-app,ef7fad44d7,dev11,38.0,2,194,1617,91,0,88.03484285799406,79,34,1,push,2025-07-01T08:00:00,Tuesday,8,168,0,0.5362500158190164,0.34731466410043516,1,0,93.03905708115995,ubuntu-latest,0.5005084842523817,0,0,1,artifact_upload_error,1811
RUN-100729,ml-pipeline,0f3a851579,dev20,18.0,5,110,5,27,1,86.21177375681165,478,2,0,manual,2025-07-01T09:00:00,Tuesday,9,166,0,0.18866627444503906,0.05144573714045346,0,2,128.03616404770136,macos-latest,0.6707847453705763,0,0,1,tests_failed,115
RUN-100730,ml-pipeline,3715ec6457,dev22,,1,203,98,22,2,57.407018853124285,422,29,0,PullRequest,2025-07-01T10:00:00,Tuesday,10,169,1,0.296057859248392,0.321740428141817,0,1,171.16652662786097,windows-latest,0.6033881424490003,0,0,1,infra_timeout,301
RUN-100731,mobile-app,95f51c0c79,dev26,23.0,24,446,49,28,0,94.61140612406271,96,9,0,push,2025-07-01T11:00:00,Tuesday,11,163,0,0.26878921010931833,0.24074988453584556,0,0,183.37360857558008,windows-latest,,0,0,0,infra_timeout,495
RUN-100732,infra-terraform,320b676576,dev13,6.0,6,133,82,105,0,86.59377637198415,162,13,1,push,2025-07-01T12:00:00,Tuesday,12,96,0,0.23140442149283694,0.19402057097031147,0,0,138.79282814454086,windows-latest,0.8149393216720136,0,0,1,lint_error,215
RUN-100733,ml-pipeline,adf57b694d,dev28,27.0,9,210,69,40,0,73.17029700790097,171,22,0,PullRequest,2025-07-01T13:00:00,Tuesday,13,14,1,0.23542082740656123,0.15305515076858228,0,0,92.21977928900112,macos-latest,,0,0,0,lint_error,279
RUN-100734,backend-api,36cec09506,dev10,10.0,6,120,268,25,0,60.699330682959356,89,16,1,Push,2025-07-01T14:00:00,Tuesday,14,193,0,0.09662043643067124,0.32539616500767227,0,1,88.6875490891817,windows-latest,0.6513805412927283,0,0,0,,388
RUN-100735,ml-pipeline,196259e9e4,dev7,5.0,14,72,97,93,1,87.64810368073111,54,5,0,Push,2025-07-01T15:00:00,Tuesday,15,93,0,0.57655736096716,0.10714812864136714,1,1,97.00430325782739,windows-latest,0.7800389418620002,1,0,0,docker_build_failed,169
RUN-100736,ml-pipeline,34fcfabb6a,dev12,30.0,1,263,40,248,0,80.71713000353543,125,13,1,push,2025-07-01T16:00:00,Tuesday,16,128,0,0.059595644379869285,0.17429270948701328,0,0,195.57026173857818,macos-latest,0.6867385945476259,0,0,1,docker_build_failed,303
RUN-100737,backend-api,6c384c341a,dev16,42.0,1,80,90,52,0,57.50641946306682,156,33,1,Push,2025-07-01T17:00:00,Tuesday,17,9,0,0.08798602759512819,0.2607414825285945,0,0,104.67417975669062,macos-latest,0.5422247395601455,0,0,0,artifact_upload_error,170
RUN-100738,ml-pipeline,2d17664a85,dev21,43.0,2,226,193,119,0,72.21506309569948,73,4,1,schedule,2025-07-01T18:00:00,Tuesday,18,178,0,0.25620087779916856,0.06324289849946323,1,0,132.94509650623746,ubuntu-latest,0.8873943494593702,0,0,1,infra_timeout,419
RUN-100739,infra-terraform,227b2d3213,dev25,45.0,5,153,29,102,0,,226,39,0,PullRequest,2025-07-01T19:00:00,Tuesday,19,178,0,0.15823118210905554,0.21536942074156468,0,1,78.24971090675126,macos-latest,0.41885370619976425,0,0,1,,182
RUN-100740,infra-terraform,dc3b6f06a6,dev7,4.0,3,106,17,27,0,75.19802108897306,452,11,1,Push,2025-07-01T20:00:00,Tuesday,20,185,0,0.46675314052552114,0.408486374011419,0,0,73.74624412363322,macos-latest,0.33843966386205876,0,0,1,infra_timeout,123
RUN-100741,ml-pipeline,52058d172e,dev10,7.0,4,103,984,45,0,66.09635286797212,361,6,0,PullRequest,2025-07-01T21:00:00,Tuesday,21,38,0,0.08534423219596438,0.1177766998830144,0,0,121.05568896203903,macos-latest,0.5398036331476278,0,0,1,docker_build_failed,1087
RUN-100742,ml-pipeline,5c5aae6858,dev29,160.0,9,84,54,16,1,62.89804049632031,183,4,0,push,2025-07-01T22:00:00,Tuesday,22,169,0,0.12426173030962788,0.28552236935124925,1,0,107.01022627819603,ubuntu-latest,0.7102447601476873,0,0,1,,138
RUN-100743,backend-api,0e2633993e,dev14,10.0,4,24,94,37,0,,55,7,1,PullRequest,2025-07-01T23:00:00,Tuesday,23,126,0,0.08144617013680124,0.16189501201922665,1,0,109.93177366572651,windows-latest,0.737263076840026,0,0,1,lint_error,118
RUN-100744,ml-pipeline,5b7c935d86,dev8,46.0,6,226,70,27,1,85.17311387493226,330,2,1,push,2025-07-02T00:00:00,Wednesday,0,33,1,0.33878237130395844,0.06374299278126971,0,0,60.837207282140426,ubuntu-latest,0.8315493749781461,1,0,1,docker_build_failed,296
RUN-100745,backend-api,43ca673657,dev30,14.0,1,191,200,32,0,91.88926936700673,221,6,0,schedule,2025-07-02T01:00:00,Wednesday,1,116,0,0.08744304572232606,0.3587797692058255,0,0,117.06050908109265,macos-latest,0.6878883384699324,0,0,1,docker_build_failed,391
RUN-100746,mobile-app,9c48bfd6ed,dev14,29.0,1,377,772,24,1,77.9782234091059,269,7,2,push,2025-07-02T02:00:00,Wednesday,2,97,0,0.3535589674775438,0.16099241377008652,1,1,181.97080666533907,macos-latest,0.7254398793094015,0,1,1,lint_error,1149
RUN-100747,backend-api,349475636b,dev30,15.0,12,82,208,35,0,90.04823082399344,776,4,0,PullRequest,2025-07-02T03:00:00,Wednesday,3,126,0,0.27354920587777815,0.07086104397818804,0,0,85.87848001146303,ubuntu-latest,0.6332420592699117,0,0,0,tests_failed,290
RUN-100748,backend-api,e36beb17cd,dev28,44.0,3,1193,20,68,0,64.82015532542508,112,15,1,PullRequest,2025-07-02T04:00:00,Wednesday,4,21,0,0.15553586227917657,0.36866799509593756,0,0,155.89740831013626,ubuntu-latest,0.47906064108077534,1,0,1,tests_failed,1213
RUN-100749,frontend-web,edfea1b508,dev28,,2,97,23,40,1,76.9510917709807,30,7,1,manual,2025-07-02T05:00:00,Wednesday,5,114,0,0.12532498398457542,0.4673654251022325,0,0,5.0,macos-latest,0.6476210375679613,0,0,1,lint_error,120
RUN-100750,infra-terraform,198e8735b3,dev18,18.0,2,56,70,10,1,78.44464217967284,95,5,1,Push,2025-07-02T06:00:00,Wednesday,6,137,0,0.20619542802085725,0.3527425867694958,0,0,87.90619218320205,macos-latest,,1,0,0,tests_failed,126
RUN-100751,frontend-web,1b7ec298c0,dev24,10.0,1,49,81,24,0,91.58936318250265,281,7,1,push,2025-07-02T07:00:00,Wednesday,7,144,0,0.2656823267198381,0.15501989468605745,0,1,43.584373816955065,macos-latest,0.6585883276496097,0,0,0,infra_timeout,130
RUN-100752,frontend-web,1d8608900d,dev29,34.0,1,22,16,13,0,78.82611648168546,204,11,2,manual,2025-07-02T08:00:00,Wednesday,8,154,0,0.32910655235726666,0.16798921379732376,1,1,169.44814889105274,ubuntu-latest,0.5410855351847952,0,0,1,,38
RUN-100753,infra-terraform,9e9c173d75,dev9,9.0,1,801,270,54,1,67.49385909916542,85,9,1,push,2025-07-02T09:00:00,Wednesday,9,127,0,0.2869610571600059,0.2949247926930875,0,0,155.1511089984991,windows-latest,0.38629896917120315,0,0,1,,1071
RUN-100754,mobile-app,1f395ba868,dev2,39.0,1,670,33,66,2,75.76888606704449,74,5,0,Push,2025-07-02T10:00:00,Wednesday,10,141,0,0.10640698793580305,0.2427847145641013,0,0,78.62666919476109,macos-latest,0.6890210632693544,0,1,1,,703
RUN-100755,mobile-app,da35ba4332,dev10,288.0,2,287,568,54,1,54.88304157047711,156,9,0,PullRequest,2025-07-02T11:00:00,Wednesday,11,22,0,0.38270521467238566,0.2494920592654069,0,0,131.57108604810495,ubuntu-latest,,0,0,1,artifact_upload_error,855
RUN-100756,ml-pipeline,c117f020f6,dev20,91.0,2,55,814,23,0,47.14837520075679,83,8,1,Push,2025-07-02T12:00:00,Wednesday,12,160,0,0.14279095226605784,0.09648394361383239,0,0,168.06837717163955,ubuntu-latest,0.7578494930292422,0,0,1,docker_build_failed,869
RUN-100757,backend-api,d1defe4b1a,dev17,51.0,8,1088,83,54,0,84.97609644129945,288,4,0,manual,2025-07-02T13:00:00,Wednesday,13,76,0,0.29580455224271424,0.14466100653728886,0,0,174.28766758262987,ubuntu-latest,0.21394906610737963,0,0,1,,1171
RUN-100758,frontend-web,86abe716b1,dev3,25.0,4,100,178,30,0,70.50307336432387,150,7,2,PullRequest,2025-07-02T14:00:00,Wednesday,14,111,0,0.16443120861979335,0.19394633671183167,0,0,103.76837356107129,windows-latest,0.6936954265722284,0,0,1,docker_build_failed,278
RUN-100759,ml-pipeline,ff263cdc24,dev17,4.0,4,110,28,17,0,71.86299241223679,129,13,0,PullRequest,2025-07-02T15:00:00,Wednesday,15,111,0,0.2797899788365167,0.04234265214334174,0,0,31.6457528133612,ubuntu-latest,0.4978098398372555,0,0,1,,138
RUN-100760,frontend-web,0b4f0f3e71,dev6,8.0,1,721,218,80,0,84.97136015239937,117,13,1,PullRequest,2025-07-02T16:00:00,Wednesday,16,195,0,0.4276708698447797,0.19071959321802412,0,0,84.0584013414833,windows-latest,0.717542278066459,0,0,0,,939
RUN-100761,mobile-app,66b94cfa35,dev16,86.0,3,306,63,86,1,,240,7,0,schedule,2025-07-02T17:00:00,Wednesday,17,68,0,0.25283224583833147,0.13156198142778608,0,0,150.6457837969697,ubuntu-latest,0.6870337482747096,0,0,1,tests_failed,369
RUN-100762,infra-terraform,52ed83770f,dev18,13.0,4,1671,33,95,0,81.41385545793099,206,14,1,schedule,2025-07-02T18:00:00,Wednesday,18,79,0,0.46592644835918745,0.3352076269183281,0,0,203.95576695433522,ubuntu-latest,0.6135806840215529,0,0,0,tests_failed,1704
RUN-100763,infra-terraform,f2da6e7077,dev20,14.0,5,195,79,27,1,98.13687396261375,230,4,2,manual,2025-07-02T19:00:00,Wednesday,19,153,0,0.05765401575759447,0.4290877047476185,1,0,117.82699993714121,macos-latest,0.5388553704621104,0,0,0,docker_build_failed,274
RUN-100764,backend-api,93ad28e716,dev13,23.0,3,95,65,114,1,81.03226960868733,227,4,0,schedule,2025-07-02T20:00:00,Wednesday,20,128,0,0.33189386198128246,0.09813759225509544,1,0,95.72712857149949,windows-latest,0.5274628442920692,0,0,1,,160
RUN-100765,ml-pipeline,ce6287f6ea,dev13,10.0,7,75,76,30,1,,190,7,1,manual,2025-07-02T21:00:00,Wednesday,21,66,0,0.4283646437633395,0.2365168902885045,0,0,215.97445950396033,macos-latest,0.5467779690266479,1,0,1,docker_build_failed,151
RUN-100766,ml-pipeline,2b9b7affec,dev21,8.0,3,19,312,75,0,77.88466587005519,97,25,0,schedule,2025-07-02T22:00:00,Wednesday,22,72,1,0.09736465651414997,0.07844947065639014,1,0,136.2293061868251,windows-latest,0.3437063873241449,0,0,0,docker_build_failed,331
RUN-100767,mobile-app,fa87c46acd,dev23,25.0,6,109,46,29,0,59.5740532543966,120,10,1,PullRequest,2025-07-02T23:00:00,Wednesday,23,166,0,0.046389486496797895,0.13846372257558465,0,0,70.88927976418688,macos-latest,0.6072786561338406,0,0,0,lint_error,155
RUN-100768,frontend-web,7fa6d76253,dev25,12.0,2,522,741,37,0,86.47198326768147,151,7,1,PullRequest,2025-07-03T00:00:00,Thursday,0,167,0,0.13678264596922382,0.1823330583312727,1,0,115.24369519670027,windows-latest,0.6144888243669904,0,0,1,artifact_upload_error,1263
RUN-100769,backend-api,7e614b0e87,dev11,13.0,1,286,25,6,0,45.654407759816564,850,26,0,manual,2025-07-03T01:00:00,Thursday,1,33,0,0.21658325980560536,0.11714477435948531,0,0,159.99710586730737,windows-latest,0.4120200094757133,1,0,0,infra_timeout,311
RUN-100770,ml-pipeline,f88be6cd4a,dev13,13.0,4,151,650,35,0,67.96496571269066,77,7,0,push,2025-07-03T02:00:00,Thursday,2,82,0,0.32041164311605713,0.14894959983570405,0,0,117.18503262706076,windows-latest,0.4479970537983663,0,0,0,docker_build_failed,801
RUN-100771,infra-terraform,6177ad0ff4,dev10,43.0,5,49,35,48,0,75.27516420681135,149,43,0,PullRequest,2025-07-03T03:00:00,Thursday,3,155,0,0.03847324724209887,0.1077349974520837,0,0,151.77442342687556,macos-latest,0.5879031002911667,0,0,1,tests_failed,84
RUN-100772,frontend-web,65c43333ce,dev16,22.0,5,190,109,32,0,65.52285211903964,214,6,0,PullRequest,2025-07-03T04:00:00,Thursday,4,28,0,0.07267416420575014,0.09068384305031543,0,0,55.799705320151816,windows-latest,0.6500185677928632,0,1,1,docker_build_failed,299
RUN-100773,ml-pipeline,95b25a66cb,dev4,23.0,4,452,64,182,0,69.57892892312614,162,4,1,manual,2025-07-03T05:00:00,Thursday,5,40,0,0.4973838822402592,0.46107379214735894,0,0,62.63303429907772,macos-latest,,0,0,1,lint_error,516
RUN-100774,infra-terraform,20c80e4e78,dev13,46.0,2,238,75,17,1,97.07250679472673,424,8,0,push,2025-07-03T06:00:00,Thursday,6,35,0,0.30096571284177887,0.1814176988630108,0,0,90.60575823425293,ubuntu-latest,0.5986772735286613,0,0,0,docker_build_failed,313
RUN-100775,infra-terraform,5232aae8a7,dev6,23.0,1,178,265,28,1,88.24828662938015,161,7,2,schedule,2025-07-03T07:00:00,Thursday,7,107,0,0.19863776985905185,0.2791163663002469,0,1,108.71226443418972,macos-latest,0.7420061403145936,1,0,1,docker_build_failed,443
RUN-100776,mobile-app,317619c237,dev16,21.0,5,61,572,21,0,66.77006783031914,170,5,2,manual,2025-07-03T08:00:00,Thursday,8,92,1,0.14016181231172192,0.06857553325794391,0,0,133.35795283486712,ubuntu-latest,0.5133182785782944,0,0,0,docker_build_failed,633
RUN-100777,frontend-web,1a70c93cfb,dev26,41.0,4,385,407,28,2,69.36520186833148,354,55,1,Push,2025-07-03T09:00:00,Thursday,9,67,0,0.11138549009448571,0.18390130869776014,2,0,145.47040979318575,windows-latest,0.7439911283236226,0,0,1,artifact_upload_error,792
RUN-100778,backend-api,ddbba725cc,dev30,49.0,2,4,70,102,0,59.675952617377874,711,11,1,schedule,2025-07-03T10:00:00,Thursday,10,31,1,0.17789702169894642,0.05358880863646916,0,0,218.64455250204705,macos-latest,,0,0,1,lint_error,74
RUN-100779,infra-terraform,96de684507,dev14,23.0,8,226,134,145,0,83.45992543207365,536,12,0,Push,2025-07-03T11:00:00,Thursday,11,129,0,0.2331274173278859,0.35883218755250573,0,0,90.45772827468156,macos-latest,0.33526828374737294,0,0,1,artifact_upload_error,360
RUN-100780,infra-terraform,5bd1fae593,dev2,29.0,1,2508,46,25,1,72.0030905950743,182,6,1,manual,2025-07-03T12:00:00,Thursday,12,162,0,0.015836963213408925,0.2926830895546578,0,0,107.4404400357717,windows-latest,0.8488404621479022,0,0,1,tests_failed,2554
RUN-100781,ml-pipeline,689e8e6aaa,dev7,13.0,2,28,36,25,0,51.40240234926543,193,6,1,manual,2025-07-03T13:00:00,Thursday,13,46,1,0.15291102650514043,0.06431046445610028,0,0,91.5737902797893,windows-latest,0.5448659390691203,1,0,1,tests_failed,64
RUN-100782,frontend-web,6e78078870,dev4,12.0,12,113,31,17,0,76.2094031017207,206,18,2,PullRequest,2025-07-03T14:00:00,Thursday,14,134,0,0.23614272287138002,0.15699927655411408,0,0,163.17553376425363,macos-latest,0.7370395958361867,0,0,1,artifact_upload_error,144
RUN-100783,frontend-web,a2161096cc,dev23,54.0,6,147,67,127,0,80.26774660322191,222,2,0,Push,2025-07-03T15:00:00,Thursday,15,160,0,0.19714716136377344,0.18008745276016633,0,0,165.35801571458586,ubuntu-latest,0.41573302348615,0,0,1,artifact_upload_error,214
RUN-100784,mobile-app,ed40c24361,dev30,40.0,2,89,144,109,0,86.55769167810064,110,4,0,PullRequest,2025-07-03T16:00:00,Thursday,16,113,0,0.22858237010209406,0.07661665110994158,0,2,102.09377923213276,macos-latest,0.47987214995355326,0,0,1,tests_failed,233
RUN-100785,mobile-app,eecaa528cd,dev17,40.0,4,464,13,41,1,74.1197424650787,385,7,3,push,2025-07-03T17:00:00,Thursday,17,116,0,0.3415999789657511,0.17110673776271523,0,1,202.6298332881386,windows-latest,0.7089900158935426,0,0,1,docker_build_failed,477
RUN-100786,frontend-web,6438d180bb,dev6,34.0,3,249,104,14,0,70.52794604656341,231,23,1,push,2025-07-03T18:00:00,Thursday,18,37,1,0.1520997932074423,0.41016141998024336,0,0,91.64404013680328,ubuntu-latest,0.8187691951640784,0,0,1,artifact_upload_error,353
RUN-100787,ml-pipeline,544a8b67c5,dev1,28.0,1,175,582,15,0,98.83517616587434,194,6,0,manual,2025-07-03T19:00:00,Thursday,19,191,0,0.038523649585059744,0.17032452530542744,0,0,161.1967153685451,macos-latest,0.6655414776439935,1,0,1,docker_build_failed,757
RUN-100788,mobile-app,7377c88f45,dev30,50.0,1,356,377,51,0,75.07903387319462,82,12,1,manual,2025-07-03T20:00:00,Thursday,20,191,0,0.31616729611280575,0.2629833948997163,1,0,178.18090244001817,macos-latest,0.4476598599325303,0,0,1,lint_error,733
RUN-100789,frontend-web,91642341f8,dev10,62.0,3,151,57,69,0,83.63474197917522,209,9,0,push,2025-07-03T21:00:00,Thursday,21,143,0,0.09410198279730843,0.21757706632100204,1,0,65.53680825159896,windows-latest,0.651867558275952,0,0,0,infra_timeout,208
RUN-100790,frontend-web,7639b2da62,dev4,61.0,2,4904,23,8,0,68.5255242794849,53,22,0,Push,2025-07-03T22:00:00,Thursday,22,181,0,0.25760949617185,0.1946524444885516,0,0,143.10529164803617,windows-latest,,0,0,1,infra_timeout,4927
RUN-100791,mobile-app,a8a4103f4a,dev6,24.0,4,175,182,34,1,83.27891581962999,133,2,0,PullRequest,2025-07-03T23:00:00,Thursday,23,123,0,0.09075294467002759,0.049025929965929235,0,0,10.998158349784603,macos-latest,0.6041458426279341,0,0,1,,357
RUN-100792,ml-pipeline,8ded182a59,dev8,94.0,8,183,8,163,1,57.53245209115082,135,15,0,manual,2025-07-04T00:00:00,Friday,0,133,0,0.19436094523572767,0.08713895260872233,1,1,152.96849422534228,windows-latest,,0,0,1,tests_failed,191
RUN-100793,infra-terraform,521a6a005e,dev20,33.0,2,22,372,37,0,69.4551894513764,244,7,0,schedule,2025-07-04T01:00:00,Friday,1,166,0,0.1660310806945176,0.16907684333890818,0,0,75.93576717179731,macos-latest,0.7929932830865369,0,0,1,docker_build_failed,394
RUN-100794,mobile-app,5881d067f8,dev27,47.0,1,81,86,147,1,60.50070912688735,746,17,0,schedule,2025-07-04T02:00:00,Friday,2,12,0,0.35989652627681923,0.1363594998064645,0,0,142.6987845598593,macos-latest,0.4462579088391627,0,0,1,artifact_upload_error,167
RUN-100795,backend-api,60eb74f912,dev9,34.0,4,524,824,75,0,67.74032013756639,298,5,0,manual,2025-07-04T03:00:00,Friday,3,47,0,0.13628024047678705,0.45497726315242515,0,1,150.1995467188257,windows-latest,0.8610679753377787,1,0,1,infra_timeout,1348
RUN-100796,infra-terraform,183a4fd588,dev21,33.0,2,34,16,18,0,,552,9,0,Push,2025-07-04T04:00:00,Friday,4,44,0,0.23045851393030173,0.26612237747040657,0,0,164.80553918225147,ubuntu-latest,0.5094368863478058,0,0,0,,50
RUN-100797,mobile-app,2a8314a74e,dev2,13.0,2,13,301,35,0,67.65208932835563,314,8,0,manual,2025-07-04T05:00:00,Friday,5,128,0,0.49463688445598514,0.08684809024426081,1,0,155.60861400270707,ubuntu-latest,,0,0,1,,314
RUN-100798,backend-api,b91dfc7380,dev1,50.0,2,153,98,40,0,83.61907350568902,440,4,0,Push,2025-07-04T06:00:00,Friday,6,52,0,0.3129875010221103,0.3994607381520262,1,0,122.2357996980644,ubuntu-latest,0.640407376200928,0,0,0,infra_timeout,251
RUN-100799,mobile-app,639bd792f7,dev2,350.0,19,670,76,20,1,93.20718218468448,735,3,1,Push,2025-07-04T07:00:00,Friday,7,81,0,0.098255541647734,0.271676617050041,0,0,104.780939553742,ubuntu-latest,0.7152414535356318,0,0,1,,746
RUN-100800,frontend-web,36ec06aedc,dev28,19.0,1,155,24,20,2,,120,6,1,PullRequest,2025-07-04T08:00:00,Friday,8,101,0,0.08094846671962092,0.03607253626505834,0,0,117.02442679989619,macos-latest,0.7173341560461627,0,0,1,,179
RUN-100801,backend-api,900b4c91c7,dev18,28.0,2,102,211,149,0,86.92520526067536,114,9,0,schedule,2025-07-04T09:00:00,Friday,9,150,1,0.1778541665858138,0.17592120342989773,1,0,75.35993941531447,windows-latest,0.8947883950360143,0,0,1,infra_timeout,313
RUN-100802,mobile-app,c16b0a19c2,dev25,18.0,3,19,231,20,0,81.3730314976641,319,5,0,push,2025-07-04T10:00:00,Friday,10,105,0,0.3720597004595521,0.40923387057237637,0,1,111.53248202082858,windows-latest,0.8114095779159246,0,0,1,docker_build_failed,250
RUN-100803,infra-terraform,41e66e9388,dev1,17.0,1,244,783,105,1,76.39724316700239,199,7,1,Push,2025-07-04T11:00:00,Friday,11,9,0,0.07415493568509969,0.07106545838451248,0,0,108.37217406841,macos-latest,0.7667800292072342,0,0,1,docker_build_failed,1027
RUN-100804,ml-pipeline,d3a8806f86,dev1,108.0,6,307,333,31,0,84.00378707180315,233,2,1,Push,2025-07-04T12:00:00,Friday,12,138,0,0.12908723043189224,0.15401190630528,0,0,88.4712602465567,ubuntu-latest,0.7183926735968996,0,0,1,lint_error,640
RUN-100805,ml-pipeline,ed70f55ef8,dev26,14.0,6,20,57,43,0,97.07925707990225,168,6,2,Push,2025-07-04T13:00:00,Friday,13,88,0,0.2802276273860705,0.40542741456992504,1,0,50.35227127632565,windows-latest,0.4631216236159706,0,0,0,docker_build_failed,77
RUN-100806,mobile-app,98eed90d2e,dev4,17.0,3,516,36,70,2,67.35277304989737,131,18,2,manual,2025-07-04T14:00:00,Friday,14,27,0,0.1133038854174048,0.2660900303954403,0,0,68.92255529583005,windows-latest,0.8165588505691717,0,0,1,infra_timeout,552
RUN-100807,frontend-web,ab40275e1a,dev5,6.0,2,344,24,27,1,63.4895891978871,622,14,1,Push,2025-07-04T15:00:00,Friday,15,132,0,0.18164869383679072,0.1283608896513364,0,1,5.0,ubuntu-latest,0.7600986813625122,0,0,1,docker_build_failed,368
RUN-100808,backend-api,0d759ebefe,dev16,13.0,3,515,555,70,2,62.78502545213588,92,8,1,manual,2025-07-04T16:00:00,Friday,16,57,0,0.08226432662164296,0.10505056293105022,0,0,107.68483232428595,windows-latest,0.5296678084654912,0,0,1,tests_failed,1070
RUN-100809,infra-terraform,f20d9771a8,dev19,5.0,3,281,46,8,0,86.93313563683866,323,10,0,PullRequest,2025-07-04T17:00:00,Friday,17,94,0,0.4469175299381111,0.44672856045273734,0,0,134.41994593198797,ubuntu-latest,0.4090368169689182,0,1,0,infra_timeout,327
RUN-100810,frontend-web,6479e129d8,dev7,47.0,3,304,560,63,0,88.55241147754023,289,5,1,PullRequest,2025-07-04T18:00:00,Friday,18,193,0,0.3837914811073122,0.039096795686153304,0,0,12.697350480944394,ubuntu-latest,0.6987436315526241,0,0,1,docker_build_failed,864
RUN-100811,infra-terraform,ec84bc951a,dev14,336.0,2,263,195,6,0,68.55555679999279,66,28,2,schedule,2025-07-04T19:00:00,Friday,19,51,0,0.22073976803355438,0.3400361205194434,1,0,129.46859119351797,ubuntu-latest,0.6483029008044088,0,0,1,docker_build_failed,458
RUN-100812,ml-pipeline,9437defdeb,dev21,19.0,4,385,158,37,2,49.36783740672784,111,38,1,schedule,2025-07-04T20:00:00,Friday,20,177,0,0.08647161321838374,0.16261802757857546,1,0,115.10103355566554,ubuntu-latest,0.7982265293664862,0,0,1,docker_build_failed,543
RUN-100813,backend-api,012eb295fa,dev14,,6,20,78,88,0,66.90291912092297,125,10,0,manual,2025-07-04T21:00:00,Friday,21,95,0,0.3826727165363784,0.27569412536795784,0,0,72.92976953130116,windows-latest,0.8985252604977434,0,0,1,,98
RUN-100814,ml-pipeline,09dde3729d,dev12,,1,28,227,73,0,81.57425013368396,297,55,0,manual,2025-07-04T22:00:00,Friday,22,186,1,0.02419682860819047,0.23231133215437122,0,0,102.75179169674468,macos-latest,0.553913042105985,1,0,1,infra_timeout,255
RUN-100815,infra-terraform,ae2fed45ef,dev3,14.0,1,66,108,15,0,74.19932233220601,154,5,0,Push,2025-07-04T23:00:00,Friday,23,170,0,0.06971091056745309,0.1805502469364737,2,0,162.03216660869327,windows-latest,0.526639666840802,0,0,1,,174
RUN-100816,frontend-web,900b02cde9,dev14,87.0,1,128,73,17,1,77.16417296106441,188,3,0,manual,2025-07-05T00:00:00,Saturday,0,167,0,0.1604799131628599,0.1585346803292257,0,0,81.03243757079377,windows-latest,0.5432876629047186,0,0,0,lint_error,201
RUN-100817,frontend-web,06cad46e15,dev25,21.0,6,227,236,25,1,68.71986698069283,72,5,1,push,2025-07-05T01:00:00,Saturday,1,45,0,0.09982719030028941,0.3679219179900105,0,0,123.15404303006879,ubuntu-latest,0.748313462624294,0,0,1,,463
RUN-100818,ml-pipeline,be53645b55,dev19,15.0,4,212,93,51,1,,1020,7,1,PullRequest,2025-07-05T02:00:00,Saturday,2,159,0,0.3098582503818491,0.367909708603511,0,0,133.86383620141166,macos-latest,0.6170791760946371,0,0,1,artifact_upload_error,305
RUN-100819,infra-terraform,da26326226,dev27,23.0,4,507,45,8,0,79.11830162105564,210,45,0,PullRequest,2025-07-05T03:00:00,Saturday,3,76,0,0.03821573996599805,0.05920090385513226,0,0,87.11170774300933,windows-latest,0.41468543377956113,0,0,1,artifact_upload_error,552
RUN-100820,frontend-web,7f1537543d,dev4,53.0,1,524,212,44,1,82.03756166836563,284,7,1,manual,2025-07-05T04:00:00,Saturday,4,182,0,0.07682768315435766,0.3604564491400906,0,1,160.33084022365006,windows-latest,0.44312566921472424,0,0,1,,736
RUN-100821,ml-pipeline,773be12e33,dev1,22.0,13,56,102,57,0,76.90878819632017,137,4,0,PullRequest,2025-07-05T05:00:00,Saturday,5,198,0,0.20573395537132907,0.18740510541282598,0,0,136.15363779142427,macos-latest,0.4581678836273944,1,0,0,docker_build_failed,158
RUN-100822,frontend-web,0166af8773,dev17,17.0,2,192,188,35,0,81.29241796333012,126,4,0,Push,2025-07-05T06:00:00,Saturday,6,124,0,0.11034348732973158,0.2119317958740971,0,0,109.92356246578174,ubuntu-latest,,0,0,1,docker_build_failed,380
RUN-100823,ml-pipeline,c961e02491,dev6,22.0,3,58,66,68,0,,764,20,0,PullRequest,2025-07-05T07:00:00,Saturday,7,182,0,0.0288239731170938,0.2192218490048178,0,0,214.52961887669994,windows-latest,0.9108328719423027,0,1,1,docker_build_failed,124
RUN-100824,ml-pipeline,54a9cee2ef,dev18,8.0,6,120,29,53,0,63.863104462370615,52,18,0,schedule,2025-07-05T08:00:00,Saturday,8,108,0,0.2619678807602398,0.16531986681929772,0,0,160.50313748740598,macos-latest,0.559628751915815,0,0,1,lint_error,149
RUN-100825,frontend-web,e0f6a70fe1,dev28,38.0,1,211,741,28,0,79.47675714450153,243,6,1,Push,2025-07-05T09:00:00,Saturday,9,11,0,0.09016486190969002,0.16281028972564635,0,1,52.55356457248661,ubuntu-latest,0.7131297596234843,1,1,1,docker_build_failed,952
RUN-100826,ml-pipeline,5f80e60efd,dev11,5.0,2,3,602,9,2,84.49809806335824,85,2,1,PullRequest,2025-07-05T10:00:00,Saturday,10,175,0,0.31760807453299184,0.03210975028555251,0,0,104.4337038213504,windows-latest,0.4185495019137863,0,0,1,docker_build_failed,605
RUN-100827,infra-terraform,90a8f229d9,dev17,18.0,3,2105,290,49,0,88.86169759433812,150,4,1,push,2025-07-05T11:00:00,Saturday,11,108,0,0.29106708974180634,0.32809925489528036,0,0,218.66570431109542,windows-latest,0.6488499391995944,0,0,1,infra_timeout,2395
RUN-100828,infra-terraform,45351e930e,dev21,53.0,32,276,71,20,0,79.99328577940456,128,30,0,PullRequest,2025-07-05T12:00:00,Saturday,12,13,0,0.14543388976846236,0.1140327648185226,1,1,80.71274094636189,macos-latest,0.3526555654368286,1,0,1,lint_error,347
RUN-100829,frontend-web,291c50ceac,dev5,35.0,4,77,79,28,1,63.41699377522157,100,14,1,PullRequest,2025-07-05T13:00:00,Saturday,13,17,0,0.16090530974792397,0.2616215428421822,2,1,122.65335171326315,macos-latest,0.5655132494326157,0,0,1,artifact_upload_error,156
RUN-100830,backend-api,c6605d466f,dev27,46.0,12,1236,502,65,1,65.26419204511197,205,9,0,manual,2025-07-05T14:00:00,Saturday,14,146,0,0.17881136806050635,0.15058580430763946,0,1,169.23973506505172,windows-latest,0.3277064528641537,0,0,0,,1738
RUN-100831,backend-api,7f208dba26,dev7,25.0,8,101,74,138,0,69.77822302496483,33,33,0,manual,2025-07-05T15:00:00,Saturday,15,185,0,0.2592472448183414,0.043704522256045174,0,2,146.0928635082052,ubuntu-latest,0.8866407148899573,0,0,1,lint_error,175
RUN-100832,mobile-app,895745c737,dev25,77.0,4,171,54,43,1,77.2735668976383,160,35,0,schedule,2025-07-05T16:00:00,Saturday,16,140,0,0.2893541946149592,0.3038976936194784,1,1,151.8587738288314,windows-latest,0.33510635802573063,1,0,0,,225
RUN-100833,frontend-web,f7257ffb3d,dev20,62.0,1,86,862,69,0,73.53316678430888,188,8,1,schedule,2025-07-05T17:00:00,Saturday,17,91,0,0.24283914815387728,0.256154251201899,0,0,149.50365474066814,ubuntu-latest,0.7578350140940424,0,0,1,artifact_upload_error,948
RUN-100834,infra-terraform,f6ad2c5213,dev5,40.0,7,913,104,14,0,61.515215212429034,77,8,1,schedule,2025-07-05T18:00:00,Saturday,18,64,0,0.1643044688408738,0.12604057139094446,1,0,121.0157090662503,macos-latest,0.7185859912729966,0,0,1,,1017
RUN-100835,ml-pipeline,db0b5cb1ca,dev22,62.0,1,132,769,54,1,61.44335958821938,577,6,0,push,2025-07-05T19:00:00,Saturday,19,86,0,0.36377839686557845,0.20793587581053494,0,0,88.30742429052097,windows-latest,0.2771006382572909,0,0,1,artifact_upload_error,901
RUN-100836,infra-terraform,300729a0d9,dev6,53.0,11,174,23,42,0,49.817738701119794,132,7,1,push,2025-07-05T20:00:00,Saturday,20,67,0,0.34847558988223004,0.4895527117695802,0,0,137.39056769958182,macos-latest,,0,0,1,infra_timeout,197
RUN-100837,frontend-web,9822415aee,dev18,18.0,3,557,194,119,0,,169,3,0,manual,2025-07-05T21:00:00,Saturday,21,58,1,0.27514084859469673,0.06370754955386485,0,0,103.88893491631026,windows-latest,0.558417318920148,0,0,0,lint_error,751
RUN-100838,frontend-web,e0ce4505f6,dev29,8.0,1,282,1072,29,0,,132,3,0,Push,2025-07-05T22:00:00,Saturday,22,30,0,0.02698090177484909,0.24570568212044755,0,0,100.74595196560361,macos-latest,0.577133928434461,0,0,1,infra_timeout,1354
RUN-100839,infra-terraform,5fdcde5894,dev29,39.0,2,139,113,36,0,100.0,189,2,1,schedule,2025-07-05T23:00:00,Saturday,23,115,0,0.2173585769553308,0.07973301279743406,1,0,179.2988754854635,macos-latest,,1,0,1,,252
RUN-100840,backend-api,19e217fc1e,dev27,44.0,5,503,82,104,0,96.56135428549712,500,19,1,push,2025-07-06T00:00:00,Sunday,0,47,0,0.13876780654220444,0.024093458924872555,0,1,104.76016033692629,macos-latest,0.5985901045865442,0,0,0,artifact_upload_error,585
RUN-100841,ml-pipeline,cf9b43c763,dev15,72.0,2,2421,30,41,1,63.26122305452434,1131,3,1,Push,2025-07-06T01:00:00,Sunday,1,33,0,0.5468468253623404,0.10256138631962589,0,0,188.2452160962652,macos-latest,0.4834859138852936,0,0,1,tests_failed,2451
RUN-100842,infra-terraform,7b54db2981,dev17,11.0,5,210,361,18,0,76.79883956868733,337,35,1,PullRequest,2025-07-06T02:00:00,Sunday,2,58,0,0.24134982044175443,0.0900611285302691,0,1,130.27065364595214,ubuntu-latest,0.5566364043986106,0,1,1,docker_build_failed,571
RUN-100843,frontend-web,907c09e83e,dev10,11.0,1,168,47,344,1,57.42504587939801,429,5,0,manual,2025-07-06T03:00:00,Sunday,3,160,0,0.15059521610390134,0.3476444886215544,1,0,113.63409074103934,ubuntu-latest,0.5640504310606128,0,0,1,docker_build_failed,215
RUN-100844,frontend-web,fb6dcf00a3,dev28,41.0,1,179,99,18,0,59.25468562970255,666,30,3,Push,2025-07-06T04:00:00,Sunday,4,116,0,0.24331953760090286,0.12619459980807493,1,0,47.29753104364167,macos-latest,0.6278674769451987,0,0,1,infra_timeout,278
RUN-100845,frontend-web,9b723553ba,dev15,25.0,3,627,28,42,1,60.630328828435445,238,6,2,Push,2025-07-06T05:00:00,Sunday,5,100,0,0.2737211074276777,0.1583638153488171,0,0,204.79422911753704,macos-latest,0.5664653680889152,0,0,1,infra_timeout,655
RUN-100846,frontend-web,6ccb72f2e8,dev24,4.0,3,76,609,58,0,72.294015786698,601,3,0,push,2025-07-06T06:00:00,Sunday,6,120,0,0.49572508584538577,0.16040052578720435,0,0,119.76121778982247,macos-latest,0.16240020420107648,1,0,1,docker_build_failed,685
RUN-100847,frontend-web,5eb74ba7ef,dev11,38.0,2,109,391,55,0,72.81048467745629,348,22,0,push,2025-07-06T07:00:00,Sunday,7,115,0,0.3707201355764792,0.1845424661985751,0,0,29.168808219836095,windows-latest,0.6671082926246011,0,0,0,lint_error,500
RUN-100848,infra-terraform,6ae9191420,dev23,5.0,8,27,106,38,0,78.0324236496823,221,24,0,manual,2025-07-06T08:00:00,Sunday,8,102,0,0.17253042474669436,0.31810923278253345,0,0,159.5090252856542,macos-latest,0.6507049894561986,1,0,1,lint_error,133
RUN-100849,ml-pipeline,1e4f66fe20,dev7,11.0,1,40,30,38,0,82.95859667645139,256,4,1,manual,2025-07-06T09:00:00,Sunday,9,168,0,0.030878277854316103,0.061233464173049264,1,2,117.99232751851598,windows-latest,0.6075378606156406,0,1,1,docker_build_failed,70
RUN-100850,infra-terraform,cb74c5c8e1,dev23,91.0,4,83,595,37,2,70.9574289192581,55,7,2,Push,2025-07-06T10:00:00,Sunday,10,147,0,0.2539255014966157,0.2838706301683513,1,1,82.74698191600915,ubuntu-latest,0.7735018924143174,0,0,1,lint_error,678
RUN-100851,infra-terraform,d6749cad38,dev2,140.0,3,139,73,18,1,75.43442364795153,245,4,1,schedule,2025-07-06T11:00:00,Sunday,11,41,0,0.09061788183372237,0.2760364282656454,1,0,157.24733659356735,ubuntu-latest,0.5933400964556885,0,0,0,lint_error,212
RUN-100852,infra-terraform,48ce402811,dev4,9.0,1,1038,32,249,1,61.874249919717485,67,8,0,push,2025-07-06T12:00:00,Sunday,12,164,0,0.30802107154765773,0.3050818920015963,0,0,18.050704118593885,macos-latest,0.7695463077860191,0,0,1,,1070
RUN-100853,backend-api,4dc59d7cb4,dev11,20.0,1,267,15,37,0,58.86603570891383,64,9,0,manual,2025-07-06T13:00:00,Sunday,13,39,0,0.10738902135096337,0.2873869999492979,1,0,91.43619222695162,windows-latest,0.7338758888246754,0,0,1,tests_failed,282
RUN-100854,backend-api,dfd45eacbb,dev15,28.0,3,54,54,72,0,,229,7,0,manual,2025-07-06T14:00:00,Sunday,14,20,0,0.275501250384549,0.04822633609162039,1,0,108.02390429323421,macos-latest,0.7288484837386358,0,0,0,tests_failed,108
RUN-100855,infra-terraform,0622ebd510,dev22,134.0,16,66,22,34,1,82.79097361353872,91,2,0,schedule,2025-07-06T15:00:00,Sunday,15,87,0,0.4127127560684016,0.24307578697397692,0,1,154.0875178844315,macos-latest,0.7260980153018373,1,0,1,artifact_upload_error,88
RUN-100856,backend-api,853cb2f3f0,dev11,17.0,5,673,55,33,1,70.94510582294107,199,6,0,manual,2025-07-06T16:00:00,Sunday,16,81,0,0.16722162292475784,0.28503791291999836,1,0,209.61006178926027,macos-latest,0.923966844549041,0,0,1,infra_timeout,728
RUN-100857,frontend-web,76b3739e81,dev1,17.0,1,512,249,31,0,52.546556846107165,220,14,0,PullRequest,2025-07-06T17:00:00,Sunday,17,158,0,0.3968930519752881,0.22311263441574358,0,0,110.20924747670725,ubuntu-latest,0.8160862747777713,0,0,1,lint_error,761
RUN-100858,ml-pipeline,b0ac25e16f,dev10,109.0,1,153,72,12,1,74.24293256779669,227,7,0,Push,2025-07-06T18:00:00,Sunday,18,140,0,0.04181315065083067,0.033635167223447,0,0,138.39776779206875,ubuntu-latest,,0,0,0,docker_build_failed,225
RUN-100859,infra-terraform,29d409d894,dev14,19.0,5,91,162,39,0,60.014144018566995,106,7,0,push,2025-07-06T19:00:00,Sunday,19,16,0,0.52235770032678,0.07610135275536635,0,0,229.93553179172608,windows-latest,0.7242852956300145,0,0,1,lint_error,253
RUN-100860,infra-terraform,ab17b932a0,dev17,51.0,3,511,49,32,2,94.92454582767566,375,4,1,Push,2025-07-06T20:00:00,Sunday,20,102,0,0.32083399767817544,0.11543756447606839,0,0,120.18947231575773,ubuntu-latest,0.7967039945285296,0,0,1,lint_error,560
RUN-100861,infra-terraform,6071a3d31d,dev20,7.0,8,49,118,114,0,68.05413934095809,188,5,0,Push,2025-07-06T21:00:00,Sunday,21,160,0,0.18260036157763185,0.4645457308878596,0,0,138.7279622409315,macos-latest,0.4119085524398363,1,0,0,artifact_upload_error,167
RUN-100862,frontend-web,9e641779ca,dev8,23.0,1,228,909,17,0,83.17807182982946,272,24,0,manual,2025-07-06T22:00:00,Sunday,22,147,0,0.22299422389232607,0.34781418498356426,0,0,70.50594009977854,ubuntu-latest,0.3235687999724843,0,0,1,tests_failed,1137
RUN-100863,ml-pipeline,0a43aaa422,dev19,6.0,4,1807,74,28,1,88.06755632861984,86,4,1,Push,2025-07-06T23:00:00,Sunday,23,102,0,0.3297969291715027,0.27206945191461923,0,0,198.36668646567858,windows-latest,0.5886759628152255,0,0,1,lint_error,1881
RUN-100864,infra-terraform,7633c0eb94,dev19,10.0,6,186,167,21,0,63.5408585693155,176,14,2,Push,2025-07-07T00:00:00,Monday,0,125,0,0.19548115457205675,0.18088370544786053,0,1,91.48094620457401,macos-latest,0.6154465843959456,1,0,0,artifact_upload_error,353
RUN-100865,ml-pipeline,85b23c0df6,dev24,57.0,2,63,19,141,0,75.9125654106565,431,9,1,push,2025-07-07T01:00:00,Monday,1,114,0,0.27906330253740136,0.31252109527932187,0,2,130.74285180720221,ubuntu-latest,0.5913344846367942,0,0,1,tests_failed,82
RUN-100866,infra-terraform,36de185aee,dev16,25.0,2,233,585,22,0,81.64161481665775,395,10,1,schedule,2025-07-07T02:00:00,Monday,2,50,0,0.5973607227760069,0.2999510793982033,0,0,129.6094314847919,windows-latest,0.7332042063049998,0,0,1,lint_error,818
RUN-100867,infra-terraform,23be603472,dev25,20.0,3,88,65,70,0,76.38655406892128,114,5,1,manual,2025-07-07T03:00:00,Monday,3,115,1,0.12372394093954063,0.24581028680616412,1,0,123.41353288060535,ubuntu-latest,0.599967248310126,1,0,1,,153
RUN-100868,mobile-app,303fda1793,dev7,13.0,5,32,349,97,2,79.33320911171782,136,7,1,Push,2025-07-07T04:00:00,Monday,4,136,1,0.13719843448013777,0.4289719500667913,0,1,102.62745288386319,macos-latest,0.89200730747873,0,0,1,artifact_upload_error,381
RUN-100869,frontend-web,5819a1337e,dev22,,3,320,96,39,1,59.04444727729016,100,8,1,manual,2025-07-07T05:00:00,Monday,5,15,0,0.2748478676310815,0.3068395580108217,1,0,129.65304980026445,macos-latest,,1,0,1,docker_build_failed,416
RUN-100870,mobile-app,18c88cc92f,dev2,35.0,7,507,215,14,0,81.6484346365743,126,6,0,schedule,2025-07-07T06:00:00,Monday,6,140,0,0.2918860693505583,0.32893164131560887,1,0,190.29389900841196,windows-latest,0.6294535595968112,0,0,1,artifact_upload_error,722
RUN-100871,backend-api,f2838cd583,dev4,65.0,2,105,230,15,2,69.1660296699275,75,11,0,schedule,2025-07-07T07:00:00,Monday,7,53,0,0.28261893345128203,0.17152483038580008,0,0,211.2373590365193,macos-latest,0.7867392792500271,0,0,1,infra_timeout,335
RUN-100872,frontend-web,67adb0d932,dev26,,1,98,66,88,1,79.19341467940968,181,12,0,push,2025-07-07T08:00:00,Monday,8,6,0,0.011708794390092585,0.5229246428056248,0,0,112.99428504302898,ubuntu-latest,0.8934161431436243,0,0,1,docker_build_failed,164
RUN-100873,frontend-web,cf18a1c239,dev15,12.0,16,51,365,16,1,86.03986614661757,312,41,0,PullRequest,2025-07-07T09:00:00,Monday,9,152,0,0.11727758349640897,0.5197220649241483,0,0,102.02146843954937,ubuntu-latest,0.611514523976753,0,0,1,docker_build_failed,416
RUN-100874,ml-pipeline,f973668c6a,dev19,31.0,2,125,47,61,0,83.02570209021928,115,10,0,schedule,2025-07-07T10:00:00,Monday,10,81,1,0.24540522309565974,0.12852009349137514,2,0,87.64942290290391,ubuntu-latest,0.6043300154807176,1,0,1,lint_error,172
RUN-100875,mobile-app,14ab113b3e,dev19,24.0,2,79,258,48,0,79.18463670587369,188,2,0,Push,2025-07-07T11:00:00,Monday,11,85,0,0.07960499195317296,0.03128939543637613,0,1,227.44542425489252,ubuntu-latest,0.5543109502081611,0,0,1,infra_timeout,337
RUN-100876,mobile-app,a6d3cf6c95,dev21,38.0,3,48,71,60,0,,171,20,0,Push,2025-07-07T12:00:00,Monday,12,126,0,0.43878459234597095,0.3154841016866119,1,0,125.15339593187282,macos-latest,0.8505358752296793,1,0,1,docker_build_failed,119
RUN-100877,ml-pipeline,df14aa78fd,dev8,34.0,3,1189,161,65,0,83.26093264666542,419,7,0,manual,2025-07-07T13:00:00,Monday,13,114,1,0.162706244448495,0.26788687262495214,0,1,164.60170278282084,windows-latest,0.6453500145513137,0,0,1,tests_failed,1350
RUN-100878,mobile-app,a25d3017e2,dev6,20.0,2,247,66,21,1,92.94601393660712,130,36,0,push,2025-07-07T14:00:00,Monday,14,126,0,0.18162212917810325,0.07934092963479086,0,1,147.86642565116642,ubuntu-latest,0.5018374908503261,1,0,1,artifact_upload_error,313
RUN-100879,ml-pipeline,6dd4a7e85c,dev2,,3,278,116,20,0,74.59139160644675,133,25,0,manual,2025-07-07T15:00:00,Monday,15,189,0,0.027549930428067332,0.05542771207754866,0,0,208.33606794730832,macos-latest,0.6354845248420031,0,0,1,lint_error,394
RUN-100880,frontend-web,6e5b052a22,dev26,21.0,3,392,33,79,0,76.96748392130867,110,6,0,schedule,2025-07-07T16:00:00,Monday,16,131,0,0.08475559447048846,0.18569067996209024,1,0,110.0919888767026,windows-latest,0.8978313087504582,1,0,1,,425
RUN-100881,infra-terraform,0930ab5d5d,dev7,76.0,3,346,144,27,1,86.18480170771333,90,14,0,manual,2025-07-07T17:00:00,Monday,17,14,0,0.19643951734843965,0.13205820184873937,1,0,75.71726763894935,ubuntu-latest,0.7417260555470973,0,0,1,lint_error,490
RUN-100882,mobile-app,88db984734,dev18,14.0,1,94,115,4,0,69.11534868283785,290,5,1,schedule,2025-07-07T18:00:00,Monday,18,48,0,0.077555487343478,0.1924078031871667,1,1,194.3780700674821,macos-latest,0.5167560052237866,0,0,1,infra_timeout,209
RUN-100883,frontend-web,fe58d5765e,dev14,25.0,14,200,60,75,0,58.97679032786417,182,9,0,manual,2025-07-07T19:00:00,Monday,19,92,0,0.19954087016632668,0.3265696911245395,0,0,156.13225778565857,windows-latest,0.6709160667132846,0,0,1,artifact_upload_error,260
RUN-100884,infra-terraform,f56ddb3e7a,dev5,31.0,2,110,103,19,1,80.91876209499324,208,14,0,PullRequest,2025-07-07T20:00:00,Monday,20,97,0,0.09531366539028914,0.0336754253977849,0,0,138.25132409285004,windows-latest,0.4932191892205678,0,0,1,,213
RUN-100885,ml-pipeline,0a579a96a9,dev13,110.0,5,240,127,64,1,,488,19,0,push,2025-07-07T21:00:00,Monday,21,75,1,0.1808103354665245,0.021315016404800796,1,0,181.40770505655746,windows-latest,0.7108080383180811,0,0,1,infra_timeout,367
RUN-100886,frontend-web,b4af1cc834,dev3,,1,216,55,136,0,60.50967105918759,509,16,0,PullRequest,2025-07-07T22:00:00,Monday,22,40,0,0.2805452117424679,0.16320240795402416,0,0,140.53321942193062,ubuntu-latest,0.8762704824224108,0,0,1,infra_timeout,271
RUN-100887,frontend-web,4d4076598b,dev6,64.0,2,97,95,45,2,81.00650315255805,63,9,0,Push,2025-07-07T23:00:00,Monday,23,25,0,0.36029132983615614,0.11958191554554023,0,0,182.7960276255884,ubuntu-latest,0.7027457968028176,0,0,1,infra_timeout,192
RUN-100888,frontend-web,e72a4c1285,dev5,82.0,1,34,36,99,1,92.17359618035098,315,51,0,push,2025-07-08T00:00:00,Tuesday,0,33,0,0.25412518353146263,0.27041748145462524,0,1,129.86367582036024,ubuntu-latest,0.5858548280173338,0,0,1,artifact_upload_error,70
RUN-100889,backend-api,0b8ca3d563,dev25,25.0,10,174,1451,50,1,55.44308944453097,234,6,0,PullRequest,2025-07-08T01:00:00,Tuesday,1,190,0,0.27102513632913555,0.0733880597594422,0,1,156.07795298807534,ubuntu-latest,0.8457836410228752,0,0,1,artifact_upload_error,1625
RUN-100890,frontend-web,ef9571f54f,dev18,22.0,2,118,352,159,0,87.26789994259778,145,2,2,PullRequest,2025-07-08T02:00:00,Tuesday,2,82,0,0.23442341127379374,0.23242426185707993,0,0,141.0556530177795,ubuntu-latest,0.7190004777362438,0,0,0,lint_error,470
RUN-100891,ml-pipeline,d664cf72c3,dev28,20.0,6,18,148,19,1,44.55518981105182,251,3,1,Push,2025-07-08T03:00:00,Tuesday,3,192,1,0.05359513098992709,0.22945531172900227,1,0,106.98865059879091,macos-latest,0.6289989868643618,0,0,1,tests_failed,166
RUN-100892,mobile-app,1e14c466e9,dev14,21.0,1,259,399,44,1,70.19656043782183,59,25,0,PullRequest,2025-07-08T04:00:00,Tuesday,4,70,0,0.4079187250751996,0.3177083076212425,0,0,111.78438226650029,macos-latest,0.6978749133591456,0,1,1,docker_build_failed,658
RUN-100893,infra-terraform,0f50a5d448,dev7,58.0,2,429,12,76,0,97.08619094691096,557,8,0,Push,2025-07-08T05:00:00,Tuesday,5,65,0,0.12888452347698637,0.3455037078258978,1,0,104.2855113875925,macos-latest,0.1558476499036365,0,0,1,docker_build_failed,441
RUN-100894,ml-pipeline,d5af66c801,dev19,33.0,2,2395,6,38,3,71.0601114178456,287,10,1,Push,2025-07-08T06:00:00,Tuesday,6,100,0,0.38795919611455437,0.09647024056118725,0,1,130.61948381265333,windows-latest,0.8303860100199265,0,0,1,,2401
RUN-100895,ml-pipeline,27dfbc16ef,dev28,33.0,9,96,70,112,1,76.0792607498519,109,6,0,manual,2025-07-08T07:00:00,Tuesday,7,189,1,0.08265011990081356,0.1975331340088295,1,0,101.76790374405965,ubuntu-latest,0.49037755638975744,1,0,1,lint_error,166
RUN-100896,mobile-app,88ef15d9b8,dev16,9.0,1,82,24,31,0,84.15439440928266,132,6,2,PullRequest,2025-07-08T08:00:00,Tuesday,8,114,0,0.45134203803187434,0.08785721768440358,0,0,137.435982564154,windows-latest,0.8221116630682009,0,0,1,artifact_upload_error,106
RUN-100897,frontend-web,ea6e414811,dev1,11.0,1,43,84,234,1,54.40231783127217,60,5,0,schedule,2025-07-08T09:00:00,Tuesday,9,11,0,0.14493100172672962,0.17108250814549736,0,0,136.07606266690615,macos-latest,0.8606426577336287,1,0,1,infra_timeout,127
RUN-100898,frontend-web,91444791df,dev10,186.0,1,186,137,244,0,75.86513761007707,160,12,0,manual,2025-07-08T10:00:00,Tuesday,10,57,0,0.23662835919265154,0.1332473991451941,0,0,128.20616534292083,windows-latest,0.670761187653697,0,0,1,docker_build_failed,323
RUN-100899,ml-pipeline,65b114e6b5,dev28,23.0,1,185,302,56,1,75.7705568635357,142,8,0,push,2025-07-08T11:00:00,Tuesday,11,196,0,0.1445729878343087,0.2679611913102999,0,0,128.90074678948884,windows-latest,0.6435822993999859,1,0,0,tests_failed,487
RUN-100900,frontend-web,71ec9279ca,dev16,13.0,1,60,31,69,1,97.34785167898488,79,12,1,Push,2025-07-08T12:00:00,Tuesday,12,35,0,0.0847467777264128,0.6222077703858605,0,0,97.3536631021878,ubuntu-latest,0.5196067272253817,0,0,1,docker_build_failed,91
RUN-100901,frontend-web,10287267fd,dev29,98.0,1,122,170,115,0,60.17111002802612,345,11,3,schedule,2025-07-08T13:00:00,Tuesday,13,168,0,0.2302554075591438,0.037647335921696334,0,1,108.720945286251,macos-latest,0.5792819660697665,0,0,1,tests_failed,292
RUN-100902,backend-api,f80026f22c,dev16,34.0,1,16,111,17,0,70.42152820259854,489,6,1,Push,2025-07-08T14:00:00,Tuesday,14,186,0,0.0950352570192765,0.3398844466936695,0,0,53.17564695948748,windows-latest,0.515408961606753,0,0,1,,127
RUN-100903,infra-terraform,4f87085d49,dev1,45.0,1,411,161,15,0,63.85973051011661,196,3,0,manual,2025-07-08T15:00:00,Tuesday,15,46,0,0.13937472151618732,0.19564309941849628,0,1,115.20522614791729,macos-latest,0.5975959853750347,0,0,0,artifact_upload_error,572
RUN-100904,mobile-app,307a2033ca,dev27,23.0,1,63,62,122,2,62.58705835570345,161,3,1,Push,2025-07-08T16:00:00,Tuesday,16,113,0,0.20874406848271218,0.26336188294070556,0,0,80.56755079515416,ubuntu-latest,0.6321061294189906,0,0,1,docker_build_failed,125
RUN-100905,ml-pipeline,493a655e83,dev23,20.0,8,142,503,55,0,88.52883272477494,271,75,0,push,2025-07-08T17:00:00,Tuesday,17,121,0,0.43232989375384623,0.09862210428088033,0,0,123.99409723132528,windows-latest,0.6489826788939587,0,0,1,lint_error,645
RUN-100906,mobile-app,f6e1296532,dev22,23.0,4,30,98,37,1,75.3198180240098,197,25,0,push,2025-07-08T18:00:00,Tuesday,18,159,0,0.11716591719805541,0.03227598482115114,0,0,91.4204351034615,ubuntu-latest,0.4604075526630869,0,0,1,,128
RUN-100907,frontend-web,1823217c33,dev30,7.0,3,78,774,45,0,68.33319364288175,93,23,1,push,2025-07-08T19:00:00,Tuesday,19,160,0,0.44103578568819873,0.10940603383386956,0,0,37.97308806204549,windows-latest,0.4506750269329994,0,0,1,docker_build_failed,852
RUN-100908,backend-api,de079272ac,dev6,25.0,1,109,46,6,0,68.78584918628957,126,5,2,Push,2025-07-08T20:00:00,Tuesday,20,16,0,0.42008707777817383,0.09845036276815168,0,0,210.097719186739,ubuntu-latest,0.42006486097022905,0,0,1,,155
RUN-100909,frontend-web,b53541e920,dev28,35.0,1,146,248,38,1,68.24127507665524,162,9,0,Push,2025-07-08T21:00:00,Tuesday,21,67,0,0.3466043419307924,0.41887752252048116,0,0,110.74282506617281,ubuntu-latest,0.7923376446235881,0,0,1,infra_timeout,394
RUN-100910,ml-pipeline,d47c230d8a,dev7,143.0,1,251,102,24,0,69.31436187110768,238,5,0,Push,2025-07-08T22:00:00,Tuesday,22,188,0,0.3878661470555034,0.2490217357776076,1,0,177.88231446734798,windows-latest,0.7383230421317439,1,0,0,,353
RUN-100911,frontend-web,f9d46bd420,dev30,29.0,3,722,76,93,0,59.826655868528825,201,3,0,PullRequest,2025-07-08T23:00:00,Tuesday,23,73,0,0.05705551238674968,0.16860305250842195,0,0,98.92041205725259,windows-latest,0.5764352044653339,0,0,1,infra_timeout,798
RUN-100912,backend-api,d797728f9e,dev6,3.0,6,332,220,99,0,71.8952454892176,232,5,0,PullRequest,2025-07-09T00:00:00,Wednesday,0,52,1,0.009422747004271093,0.1914114326696241,0,0,187.92465697233,ubuntu-latest,0.7707859219207781,0,0,0,,552
RUN-100913,infra-terraform,f181817a5c,dev17,24.0,6,427,79,70,0,,68,22,0,PullRequest,2025-07-09T01:00:00,Wednesday,1,127,0,0.42165836630513803,0.4498637520064445,1,0,73.93208546326996,windows-latest,0.8100597148873321,1,0,1,lint_error,506
RUN-100914,mobile-app,207ed438a0,dev24,319.0,5,728,5,61,0,65.90643952315989,319,16,1,Push,2025-07-09T02:00:00,Wednesday,2,43,0,0.06645284118506783,0.22365885834529892,1,1,127.04126303422213,ubuntu-latest,0.682951339336664,0,0,1,lint_error,733
RUN-100915,mobile-app,cbb8cca5ec,dev3,59.0,1,277,3,13,0,76.8605550756597,200,4,0,PullRequest,2025-07-09T03:00:00,Wednesday,3,33,0,0.32000932812582245,0.29305498811183406,0,2,76.30842321409841,windows-latest,0.7155767053743727,0,0,1,docker_build_failed,280
RUN-100916,mobile-app,8bb166fc4c,dev3,13.0,3,142,445,71,1,77.8786737614179,1196,7,1,schedule,2025-07-09T04:00:00,Wednesday,4,160,0,0.06851243180090656,0.42015091039389335,0,0,224.0297275451142,ubuntu-latest,0.8751411364904518,1,0,1,artifact_upload_error,587
RUN-100917,ml-pipeline,8b2286fe63,dev26,46.0,2,450,425,73,0,68.3202334284995,152,15,0,manual,2025-07-09T05:00:00,Wednesday,5,28,0,0.05799384741477176,0.32552188847713526,0,0,110.02954101046083,ubuntu-latest,0.7449669221473246,0,0,0,docker_build_failed,875
RUN-100918,backend-api,e61fb973f7,dev2,,2,483,876,121,0,73.27039019080495,251,6,0,PullRequest,2025-07-09T06:00:00,Wednesday,6,178,0,0.07573723199066786,0.17680957742676717,0,0,153.13810211823073,windows-latest,0.49720877966901555,1,0,1,infra_timeout,1359
RUN-100919,ml-pipeline,f8c8229337,dev19,8.0,16,302,107,243,0,100.0,1451,9,0,schedule,2025-07-09T07:00:00,Wednesday,7,53,0,0.053618236072689555,0.04333338314852847,0,0,138.02309705275366,macos-latest,0.44757304719738733,0,0,1,tests_failed,409
RUN-100920,infra-terraform,b47048ca70,dev29,19.0,1,29,26,11,0,100.0,229,11,0,manual,2025-07-09T08:00:00,Wednesday,8,25,1,0.3642542793818075,0.09486361834831032,0,0,118.97937492858739,macos-latest,0.8182029824965406,0,0,1,lint_error,55
RUN-100921,mobile-app,7ba1d9acc3,dev19,,2,58,69,32,3,62.35091771844317,191,11,0,manual,2025-07-09T09:00:00,Wednesday,9,149,0,0.28676754256498554,0.06765440832142204,0,0,140.7087945833209,macos-latest,0.8034330388463792,1,0,1,infra_timeout,127
RUN-100922,mobile-app,74d6e21b74,dev15,5.0,8,109,111,24,0,64.0266292009373,100,10,1,push,2025-07-09T10:00:00,Wednesday,10,39,0,0.24904899385029564,0.19744665735521955,1,1,174.36691754661013,ubuntu-latest,0.26979873371303603,1,0,0,infra_timeout,220
RUN-100923,frontend-web,62e74613dc,dev13,9.0,1,349,36,51,0,,583,5,2,schedule,2025-07-09T11:00:00,Wednesday,11,76,0,0.06074281923856078,0.3517254977917375,0,0,146.72823724395772,ubuntu-latest,0.6551120243753831,0,0,0,docker_build_failed,385
RUN-100924,backend-api,5c91c10647,dev20,27.0,1,144,674,45,0,,88,6,0,push,2025-07-09T12:00:00,Wednesday,12,73,0,0.12778676104662134,0.13588272791768335,1,0,126.49819493115714,macos-latest,0.7726958307707011,1,0,1,docker_build_failed,818
RUN-100925,infra-terraform,6439cad931,dev18,18.0,2,518,1291,37,2,70.21764840509167,270,4,0,push,2025-07-09T13:00:00,Wednesday,13,103,0,0.1781092548841667,0.08736527647365136,1,0,140.77291751913398,windows-latest,0.5357070645449946,0,0,1,,1809
RUN-100926,mobile-app,16fa116a1d,dev16,38.0,2,630,186,101,1,77.8760909231556,143,3,1,manual,2025-07-09T14:00:00,Wednesday,14,97,0,0.06309820769318622,0.2247295634188438,0,0,196.6015474213114,windows-latest,0.7992077245597552,0,0,0,artifact_upload_error,816
RUN-100927,backend-api,13d2d9edb9,dev5,9.0,1,555,108,18,1,98.96360799937061,175,8,0,schedule,2025-07-09T15:00:00,Wednesday,15,43,0,0.16456492368060752,0.21134443657700966,0,0,103.32758507683907,macos-latest,0.6851212648971706,0,0,1,tests_failed,663
RUN-100928,mobile-app,c7a58cd291,dev20,51.0,5,558,26,19,2,74.87442246827445,73,15,1,PullRequest,2025-07-09T16:00:00,Wednesday,16,50,1,0.1623874920461619,0.12019322102228383,1,0,45.8445238140724,ubuntu-latest,0.8499553851965315,0,0,0,infra_timeout,584
RUN-100929,mobile-app,7231d546b9,dev23,9.0,5,47,602,19,1,,512,3,2,push,2025-07-09T17:00:00,Wednesday,17,42,0,0.13615557863681432,0.4175942277412135,0,0,76.13996117418915,windows-latest,0.7794356660804859,0,0,0,docker_build_failed,649
RUN-100930,mobile-app,ee4156b131,dev22,118.0,4,252,119,33,3,81.24504899160472,164,10,1,Push,2025-07-09T18:00:00,Wednesday,18,15,0,0.16234433979700166,0.39384205926791577,0,1,79.11505968911055,windows-latest,0.6513245645791871,0,0,1,docker_build_failed,371
RUN-100931,ml-pipeline,9cba8419d5,dev3,5.0,1,76,79,16,0,67.94139177964861,85,15,0,Push,2025-07-09T19:00:00,Wednesday,19,131,0,0.029415888427491092,0.17952495105491909,0,1,84.74881454506726,macos-latest,0.8710993970756716,0,0,1,lint_error,155
RUN-100932,backend-api,09014b0d16,dev22,10.0,3,24,186,42,1,87.70994078090231,481,2,1,Push,2025-07-09T20:00:00,Wednesday,20,96,0,0.24365281441909944,0.20105112002034287,0,1,86.12372073935991,windows-latest,0.2180810394488639,1,0,0,,210
RUN-100933,ml-pipeline,2853731f50,dev22,39.0,1,108,57,39,1,64.80359029079777,140,7,0,push,2025-07-09T21:00:00,Wednesday,21,26,0,0.3343648815140398,0.1654972787253567,0,0,119.05601699403887,windows-latest,,1,0,1,docker_build_failed,165
RUN-100934,mobile-app,34b09b1fdc,dev6,121.0,2,637,129,23,2,91.07855743733012,253,28,1,push,2025-07-09T22:00:00,Wednesday,22,69,0,0.1774714331307326,0.18658902682919956,1,0,129.8967171557519,macos-latest,0.6967237643889898,0,0,1,docker_build_failed,766
RUN-100935,infra-terraform,f9c9d60a48,dev26,36.0,18,246,22,89,0,67.95058841749056,361,13,2,PullRequest,2025-07-09T23:00:00,Wednesday,23,135,0,0.06458678997074715,0.18468006026635114,0,0,129.46686901835469,ubuntu-latest,0.8205479482691242,0,1,1,lint_error,268
RUN-100936,frontend-web,37fd000ad1,dev16,44.0,3,1365,363,42,1,69.26438735356686,279,2,0,push,2025-07-10T00:00:00,Thursday,0,60,0,0.2766847134964327,0.06707070322095272,1,0,90.78888345899247,ubuntu-latest,0.6763094388947172,0,0,1,,1728
RUN-100937,frontend-web,8408906262,dev15,27.0,1,180,98,104,0,61.9381461164785,43,14,1,schedule,2025-07-10T01:00:00,Thursday,1,83,0,0.01613781872393681,0.16821432221397292,0,0,159.7560027117922,windows-latest,0.7286957581779958,0,0,1,infra_timeout,278
RUN-100938,mobile-app,efa94a98aa,dev22,10.0,3,2192,393,38,1,63.90888707020024,325,5,0,manual,2025-07-10T02:00:00,Thursday,2,150,0,0.15654198116879753,0.2912071276981145,1,0,141.37823287114136,windows-latest,0.5009601503272241,1,0,0,artifact_upload_error,2585
RUN-100939,mobile-app,fa294d80df,dev16,,1,180,88,43,0,69.87882813205758,186,14,0,push,2025-07-10T03:00:00,Thursday,3,135,0,0.06172264889588342,0.07391409726433201,0,0,183.2523454982991,windows-latest,,0,0,1,lint_error,268
RUN-100940,ml-pipeline,3c821e140a,dev17,9.0,1,152,94,28,0,45.82381730507266,159,5,1,PullRequest,2025-07-10T04:00:00,Thursday,4,141,0,0.03874607080736846,0.036564138763557893,0,0,153.87044161786866,macos-latest,0.5838426604573523,0,0,1,,246
RUN-100941,mobile-app,0c92f95190,dev10,8.0,1,36,28,44,1,72.20001190589284,185,8,1,schedule,2025-07-10T05:00:00,Thursday,5,79,0,0.1463844963685516,0.1934156338333332,1,0,106.01872965644914,ubuntu-latest,0.3308929157326061,0,0,0,lint_error,64
RUN-100942,infra-terraform,2752731f5a,dev28,38.0,2,503,253,79,0,68.90430915310179,64,6,0,PullRequest,2025-07-10T06:00:00,Thursday,6,99,0,0.37401150087858465,0.032500626810575854,1,0,172.21953214529984,ubuntu-latest,0.8522060445794227,0,0,0,infra_timeout,756
RUN-100943,mobile-app,10364b90ee,dev30,9.0,7,85,41,32,0,84.48013318334199,229,9,1,schedule,2025-07-10T07:00:00,Thursday,7,169,0,0.17681275729312437,0.24380270211540125,0,0,130.9434434525142,macos-latest,0.8462280786007114,0,0,0,docker_build_failed,126
RUN-100944,frontend-web,31f3a98a25,dev4,36.0,5,72,64,67,0,80.07576886028191,77,6,0,schedule,2025-07-10T08:00:00,Thursday,8,175,1,0.1236081296953184,0.1814845961937238,1,0,151.91914475522202,macos-latest,0.6899970505736598,0,0,1,artifact_upload_error,136
RUN-100945,frontend-web,918dc8ea26,dev22,8.0,5,607,110,23,1,66.50835082680844,164,7,1,Push,2025-07-10T09:00:00,Thursday,9,15,0,0.04946747174832331,0.18308947588650698,0,0,148.81718938789345,windows-latest,0.3328819609243295,1,0,1,artifact_upload_error,717
RUN-100946,infra-terraform,e9963e8b5d,dev1,35.0,1,530,125,82,1,69.49739088688912,223,3,1,PullRequest,2025-07-10T10:00:00,Thursday,10,168,0,0.40686214015055744,0.17416104532023063,0,0,115.02720666881036,ubuntu-latest,0.569836830562826,0,0,0,lint_error,655
RUN-100947,frontend-web,89872d4042,dev12,17.0,2,515,16,28,1,72.18458353774923,424,12,1,push,2025-07-10T11:00:00,Thursday,11,179,0,0.028608727517833946,0.014636971023190478,0,0,124.1308152172242,windows-latest,0.6260114187677898,0,0,1,docker_build_failed,531
RUN-100948,infra-terraform,a040da01a8,dev30,96.0,4,99,85,88,0,92.83147865371019,112,10,0,Push,2025-07-10T12:00:00,Thursday,12,188,0,0.4108084185908114,0.18209101461401153,0,0,114.74501471783205,windows-latest,0.3376668414544369,0,0,1,tests_failed,184
RUN-100949,backend-api,33ad927bcb,dev6,36.0,2,140,263,46,1,65.1323438345227,553,2,0,schedule,2025-07-10T13:00:00,Thursday,13,57,0,0.10908990078379723,0.07053245259006381,0,1,85.88214847033883,windows-latest,0.5938086341934419,0,0,0,tests_failed,403
RUN-100950,frontend-web,ccf30c5481,dev12,82.0,2,138,72,150,1,66.36287202059215,388,18,1,schedule,2025-07-10T14:00:00,Thursday,14,102,0,0.23926590510711454,0.20737416565138753,0,0,34.21220888177339,ubuntu-latest,0.6317676510060904,0,0,1,docker_build_failed,210
RUN-100951,backend-api,9e2769f5dc,dev7,13.0,4,350,85,17,0,61.45699018059419,148,7,0,manual,2025-07-10T15:00:00,Thursday,15,13,0,0.1223319845966417,0.1954661101544969,1,0,92.24777788931937,windows-latest,0.8939902379990691,0,0,0,docker_build_failed,435
RUN-100952,ml-pipeline,dd38123ca6,dev22,28.0,2,819,131,13,0,57.21552624676578,92,10,0,Push,2025-07-10T16:00:00,Thursday,16,26,0,0.15750610488702696,0.14690126421066038,0,0,127.96662625865544,ubuntu-latest,0.7893634190941231,1,0,1,artifact_upload_error,950
RUN-100953,mobile-app,f2e761c19f,dev14,11.0,3,222,95,27,0,78.68404348350593,72,15,1,push,2025-07-10T17:00:00,Thursday,17,114,0,0.2751188838131491,0.1421455957383561,1,1,163.42339516894896,windows-latest,0.24364682792815195,0,0,1,artifact_upload_error,317
RUN-100954,ml-pipeline,5910067620,dev18,18.0,11,1302,35,14,0,77.43483997287852,242,11,1,Push,2025-07-10T18:00:00,Thursday,18,45,0,0.22036780638596778,0.2527291674220856,0,0,151.8395995379322,windows-latest,0.9660772529319122,1,0,1,docker_build_failed,1337
RUN-100955,ml-pipeline,1730306e1c,dev29,21.0,2,398,105,14,0,90.39314223402422,119,20,1,manual,2025-07-10T19:00:00,Thursday,19,48,0,0.17342915673088707,0.382687992900845,0,0,108.81547620047047,windows-latest,0.7425137175770137,0,0,0,,503
RUN-100956,mobile-app,39d67aed78,dev16,14.0,8,114,328,73,0,87.49690809272316,463,7,1,schedule,2025-07-10T20:00:00,Thursday,20,62,0,0.04794405546544744,0.27355565944027405,1,0,92.79293464718828,macos-latest,0.5473184865986434,0,0,1,artifact_upload_error,442
RUN-100957,ml-pipeline,7016628568,dev23,,5,369,34,44,0,100.0,124,18,2,Push,2025-07-10T21:00:00,Thursday,21,94,0,0.48342464753213304,0.23306402577302152,0,0,112.80503234828463,ubuntu-latest,,0,0,1,lint_error,403
RUN-100958,infra-terraform,f218faaa9e,dev3,7.0,1,969,72,30,0,74.11352678950685,106,9,0,PullRequest,2025-07-10T22:00:00,Thursday,22,34,0,0.23858915897463434,0.04408562946274181,0,0,80.99974145686193,ubuntu-latest,0.513365343229415,0,0,1,infra_timeout,1041
RUN-100959,mobile-app,60d8e99ad9,dev7,3.0,1,1336,24,32,0,71.87364523444552,235,12,1,manual,2025-07-10T23:00:00,Thursday,23,161,0,0.4676352695802074,0.14546001297307734,2,0,35.38921490600379,macos-latest,0.282313432252302,0,0,1,tests_failed,1360
RUN-100960,frontend-web,c55164b153,dev29,10.0,1,547,309,27,1,59.39728385839969,123,11,1,schedule,2025-07-11T00:00:00,Friday,0,135,0,0.041646688413108514,0.288285034955418,0,1,58.194215001010114,ubuntu-latest,0.41062287641088435,0,0,1,lint_error,856
RUN-100961,mobile-app,8a5cae351f,dev26,47.0,1,152,99,167,0,83.3589380097159,201,21,1,Push,2025-07-11T01:00:00,Friday,1,159,0,0.0802322869769177,0.08281116186497824,0,0,174.98965432645934,macos-latest,0.45592847570137457,0,0,1,tests_failed,251
RUN-100962,infra-terraform,2ecc8e3a6c,dev20,6.0,3,116,43,24,0,76.42241089735606,399,14,0,schedule,2025-07-11T02:00:00,Friday,2,185,1,0.04394333834691103,0.1348888586368135,0,1,194.29139621753959,windows-latest,0.6927480941197277,0,0,1,infra_timeout,159
RUN-100963,backend-api,521ba1979d,dev12,7.0,5,279,121,15,1,82.8151956601282,217,6,0,manual,2025-07-11T03:00:00,Friday,3,122,1,0.2362765464862448,0.38335408134972143,0,0,150.15763895725576,windows-latest,,1,0,0,docker_build_failed,400
RUN-100964,infra-terraform,a73795582f,dev6,135.0,9,935,29,84,0,61.3305093691392,218,5,0,schedule,2025-07-11T04:00:00,Friday,4,75,0,0.4820802001687762,0.1758812862598805,0,0,117.67389498999526,windows-latest,0.7165857755541397,0,0,1,,964
RUN-100965,mobile-app,ac401ebd2c,dev26,15.0,4,239,35,37,0,79.2192502683204,231,8,1,PullRequest,2025-07-11T05:00:00,Friday,5,195,0,0.29253613929522715,0.449733961694611,0,0,64.28078509399839,macos-latest,0.7724013222416988,0,0,1,docker_build_failed,274
RUN-100966,ml-pipeline,6f4c6a2e29,dev24,36.0,2,244,22,228,0,77.4623954154473,61,5,0,PullRequest,2025-07-11T06:00:00,Friday,6,115,0,0.33124773443380906,0.5017402233499032,0,0,113.55471897900523,windows-latest,0.6870769715981351,0,0,1,infra_timeout,266
RUN-100967,backend-api,3a8884a9ce,dev8,48.0,1,157,34,29,0,76.66842047872424,263,4,1,Push,2025-07-11T07:00:00,Friday,7,95,0,0.09883982842486182,0.30593838393881406,0,1,144.47356990694846,macos-latest,0.5672058599842816,0,0,1,,191
RUN-100968,infra-terraform,b8cee1f8c4,dev18,49.0,3,103,489,87,1,66.80080910171371,224,2,1,Push,2025-07-11T08:00:00,Friday,8,86,0,0.24109325754516084,0.0737503508283189,0,1,153.19525089975943,ubuntu-latest,0.5187358645446714,0,0,1,infra_timeout,592
RUN-100969,frontend-web,2b3b437ee7,dev19,6.0,3,124,49,106,0,,374,3,0,PullRequest,2025-07-11T09:00:00,Friday,9,12,1,0.15048766848292824,0.4017218025188772,0,0,147.55244003260003,ubuntu-latest,0.5558344900455301,0,0,1,,173
RUN-100970,backend-api,efc995bdb7,dev15,22.0,3,172,183,29,0,99.60369094773614,306,36,1,Push,2025-07-11T10:00:00,Friday,10,191,0,0.1837067897321181,0.05581122534086446,1,0,168.38272270765063,ubuntu-latest,0.7721160645044732,0,0,1,artifact_upload_error,355
RUN-100971,mobile-app,301a72eec3,dev28,6.0,17,982,43,24,0,61.675871684428614,173,5,0,schedule,2025-07-11T11:00:00,Friday,11,164,1,0.0926843515533161,0.23732771732920369,0,0,197.7180905684486,ubuntu-latest,0.7117409010020948,0,0,1,tests_failed,1025
RUN-100972,mobile-app,1b78d2b0d2,dev4,245.0,8,114,253,80,2,83.64532775511549,412,34,0,push,2025-07-11T12:00:00,Friday,12,141,0,0.07933767789701547,0.16247192630256274,0,0,103.7991059303954,macos-latest,0.7542060937803053,0,0,1,,367
RUN-100973,mobile-app,7f65d6fe96,dev8,6.0,6,157,35,70,0,40.46579818391533,163,11,0,manual,2025-07-11T13:00:00,Friday,13,48,0,0.12819331681472546,0.16197200844383802,1,0,232.2124819241239,ubuntu-latest,0.9555162138672344,0,1,1,docker_build_failed,192
RUN-100974,frontend-web,850133d487,dev3,10.0,1,57,114,14,0,83.0233193937895,238,8,0,push,2025-07-11T14:00:00,Friday,14,186,0,0.23727479967700021,0.25088752677592896,1,1,39.2024980653033,ubuntu-latest,0.5665783482841636,0,0,0,infra_timeout,171
RUN-100975,backend-api,8218ee4d08,dev21,10.0,2,326,116,18,0,52.55814460149894,161,3,1,Push,2025-07-11T15:00:00,Friday,15,39,0,0.38339685099030285,0.07490533041731416,0,0,88.86754217779213,windows-latest,0.4704307482473671,0,0,1,infra_timeout,442
RUN-100976,frontend-web,6fc970c9ef,dev20,7.0,3,667,1423,5,1,68.7003918252089,276,9,0,schedule,2025-07-11T16:00:00,Friday,16,52,0,0.018696290725083418,0.32863047104989745,0,0,128.00001013659008,ubuntu-latest,0.758604089692571,0,0,1,artifact_upload_error,2090
RUN-100977,mobile-app,feac305646,dev30,91.0,1,886,219,71,1,59.24370405894899,153,33,0,Push,2025-07-11T17:00:00,Friday,17,18,0,0.09693904194079102,0.10603676580504075,0,0,141.9610369047366,ubuntu-latest,0.5827005521273909,0,0,1,infra_timeout,1105
RUN-100978,backend-api,7c7ce2e019,dev17,239.0,4,185,57,36,1,72.41266206060725,634,26,0,schedule,2025-07-11T18:00:00,Friday,18,61,0,0.3771738284960595,0.20364413692157107,0,0,112.73457385093637,windows-latest,0.46934415611838637,0,0,0,artifact_upload_error,242
RUN-100979,mobile-app,7a5ab50583,dev5,17.0,4,279,233,39,0,85.06552438041395,822,10,1,push,2025-07-11T19:00:00,Friday,19,68,0,0.06944401630837257,0.04663110682285291,0,0,100.16936241013417,windows-latest,0.5939422518289447,0,0,1,infra_timeout,512
RUN-100980,mobile-app,6bf8dc55eb,dev14,8.0,1,125,1155,11,0,52.71224083527572,369,4,0,manual,2025-07-11T20:00:00,Friday,20,160,0,0.3233529576740089,0.11444232747069386,0,0,208.10341656019853,macos-latest,0.6931361515373198,0,0,0,,1280
RUN-100981,ml-pipeline,111b7e1ef9,dev3,3.0,8,265,18,18,1,70.68624372581233,589,4,0,manual,2025-07-11T21:00:00,Friday,21,68,1,0.3658944049784922,0.07529414329869343,1,0,98.25909695620761,windows-latest,0.7504196876002911,0,0,1,docker_build_failed,283
RUN-100982,mobile-app,97cc017abb,dev21,21.0,3,209,43,30,0,68.83957477420732,68,4,2,PullRequest,2025-07-11T22:00:00,Friday,22,191,1,0.11072854217396348,0.10564076737321579,0,0,79.22504163078253,macos-latest,0.33101265741416175,0,0,1,docker_build_failed,252
RUN-100983,ml-pipeline,3a5c188e3d,dev21,20.0,1,158,84,26,2,93.9725842064625,74,22,0,PullRequest,2025-07-11T23:00:00,Friday,23,64,0,0.38903219332416705,0.1461300088599748,0,0,187.63302611528798,ubuntu-latest,0.6806661774046534,1,0,0,tests_failed,242
RUN-100984,mobile-app,a33a5795b8,dev26,15.0,3,172,69,49,0,80.18113209420342,159,28,0,Push,2025-07-12T00:00:00,Saturday,0,107,0,0.14706773479544608,0.11080579001259469,1,0,153.966107646384,ubuntu-latest,0.8138242669431298,0,0,1,infra_timeout,241
RUN-100985,ml-pipeline,0d036bf89c,dev11,33.0,4,243,76,71,0,60.87339464071893,206,10,0,manual,2025-07-12T01:00:00,Saturday,1,120,0,0.20502040761871282,0.19152036401715833,0,0,163.78868886990813,windows-latest,0.5241395055620897,0,0,0,,319
RUN-100986,ml-pipeline,fb3c2f6099,dev10,38.0,7,107,26,274,0,69.34446745163521,174,7,1,PullRequest,2025-07-12T02:00:00,Saturday,2,166,0,0.20925418316279407,0.025207600795421104,0,1,127.83484950302129,ubuntu-latest,0.6517974848057219,0,0,1,tests_failed,133
RUN-100987,backend-api,7810b78404,dev3,36.0,2,113,515,43,0,,63,26,1,manual,2025-07-12T03:00:00,Saturday,3,151,0,0.27484398048688885,0.21858241712761012,0,0,64.96053236688375,ubuntu-latest,0.6644280131775719,1,0,1,infra_timeout,628
RUN-100988,backend-api,e591c2917e,dev13,20.0,6,970,22,109,1,83.5723838012883,448,4,0,PullRequest,2025-07-12T04:00:00,Saturday,4,174,0,0.22269667361203313,0.0973686628092074,0,0,123.38478859330347,windows-latest,0.5193344321081728,1,0,0,lint_error,992
RUN-100989,ml-pipeline,79be608648,dev15,10.0,3,2926,88,23,0,63.981198451134944,905,9,1,push,2025-07-12T05:00:00,Saturday,5,187,1,0.2529585199050543,0.3415989640399484,0,0,59.452496211552784,windows-latest,,0,0,1,docker_build_failed,3014
RUN-100990,backend-api,0f71d72cb7,dev23,49.0,1,39,347,11,0,71.79515353940293,491,12,1,manual,2025-07-12T06:00:00,Saturday,6,27,0,0.3222761474000851,0.1302398757231076,0,1,129.69228262378945,ubuntu-latest,0.5912157522093636,0,0,1,,386
RUN-100991,mobile-app,d27c9642cd,dev23,27.0,1,37,106,33,1,72.17869021910222,428,4,1,Push,2025-07-12T07:00:00,Saturday,7,23,0,0.32367030425150195,0.22400569300796566,1,0,146.1361173512164,ubuntu-latest,0.5282503751080094,0,0,1,artifact_upload_error,143
RUN-100992,frontend-web,a5ef5e70b8,dev5,60.0,8,51,37,12,1,68.54421687413033,234,5,1,Push,2025-07-12T08:00:00,Saturday,8,92,0,0.388033608163458,0.07094980357070732,0,0,163.0167875033153,ubuntu-latest,0.4588648352968759,0,0,1,infra_timeout,88
RUN-100993,mobile-app,c8213ad8bf,dev9,55.0,8,132,24,45,1,54.477454124139726,111,5,1,schedule,2025-07-12T09:00:00,Saturday,9,34,0,0.15080664054290246,0.2691337340455742,1,1,116.30447600796371,ubuntu-latest,0.8352471913492105,0,0,1,docker_build_failed,156
RUN-100994,mobile-app,6d9c8a48e7,dev16,7.0,4,397,85,23,2,66.86853941532038,210,24,0,push,2025-07-12T10:00:00,Saturday,10,101,0,0.1006805835923599,0.11835754152159045,0,0,149.92358577543655,macos-latest,,0,0,1,artifact_upload_error,482
RUN-100995,ml-pipeline,a34fd28d74,dev11,7.0,10,284,47,9,1,91.67039167038449,874,34,0,schedule,2025-07-12T11:00:00,Saturday,11,120,0,0.06783741088246896,0.17325169924975553,0,1,83.84617838654117,ubuntu-latest,0.7045152690012144,0,0,0,docker_build_failed,331
RUN-100996,mobile-app,db31d2f131,dev1,13.0,7,179,137,179,0,70.42626615526589,156,9,2,manual,2025-07-12T12:00:00,Saturday,12,58,0,0.2075472295526804,0.2233298605663198,0,0,158.66525829870932,macos-latest,0.6802675621560599,0,1,1,artifact_upload_error,316
RUN-100997,backend-api,a18d813ec5,dev26,10.0,5,265,23,29,1,73.76095643446897,145,7,1,Push,2025-07-12T13:00:00,Saturday,13,24,0,0.12337181772207574,0.3841109032598995,0,0,146.9831174431967,macos-latest,0.4487961515774409,0,0,1,tests_failed,288
RUN-100998,infra-terraform,590123ab4d,dev22,53.0,1,69,268,12,2,76.68630776224289,434,5,0,push,2025-07-12T14:00:00,Saturday,14,193,0,0.18151530168812313,0.12095843730463084,0,0,87.98969610853771,ubuntu-latest,0.5238310585260194,0,0,1,lint_error,337
RUN-100999,mobile-app,a99b8a1c6f,dev16,37.0,13,113,124,91,0,,455,9,1,manual,2025-07-12T15:00:00,Saturday,15,77,0,0.21438833466784246,0.09045824022738587,0,0,141.21450574306766,ubuntu-latest,0.2814319629952291,0,0,0,artifact_upload_error,237
RUN-100642,infra-terraform,d505d23dae,dev28,4.0,4,135,101,38,0,64.31634820935244,214,6,1,schedule,2025-06-27T18:00:00,Friday,18,58,0,0.35271471165089185,0.13330202346116143,0,0,158.2189870615026,macos-latest,0.66295689713326,0,1,1,,236
RUN-100762,infra-terraform,52ed83770f,dev18,13.0,4,1671,33,95,0,81.41385545793099,206,14,1,schedule,2025-07-02T18:00:00,Wednesday,18,79,0,0.46592644835918745,0.3352076269183281,0,0,203.95576695433522,ubuntu-latest,0.6135806840215529,0,0,0,tests_failed,1704
RUN-100909,frontend-web,b53541e920,dev28,35.0,1,146,248,38,1,68.24127507665524,162,9,0,Push,2025-07-08T21:00:00,Tuesday,21,67,0,0.3466043419307924,0.41887752252048116,0,0,110.74282506617281,ubuntu-latest,0.7923376446235881,0,0,1,infra_timeout,394
RUN-100199,infra-terraform,4ca4622606,dev8,28.0,4,150,293,38,1,68.96139522865771,66,6,0,manual,2025-06-09T07:00:00,Monday,7,136,0,0.18445227948707069,0.18631049942039132,0,0,100.36909985528044,ubuntu-latest,0.5037098086700185,0,1,1,infra_timeout,443
RUN-100586,ml-pipeline,c3c13b42ff,dev14,48.0,1,50,139,13,1,78.3186102893104,379,12,0,schedule,2025-06-25T10:00:00,Wednesday,10,12,0,0.032934508600907304,0.39461340812256906,0,0,75.30957310257762,ubuntu-latest,0.7368230692783516,0,0,1,docker_build_failed,189
RUN-100797,mobile-app,2a8314a74e,dev2,13.0,2,13,301,35,0,67.65208932835563,314,8,0,manual,2025-07-04T05:00:00,Friday,5,128,0,0.49463688445598514,0.08684809024426081,1,0,155.60861400270707,ubuntu-latest,,0,0,1,,314
RUN-100652,backend-api,1899b27aea,dev13,168.0,4,176,73,30,0,87.36222478321802,292,5,0,PullRequest,2025-06-28T04:00:00,Saturday,4,48,0,0.24667943880392407,0.1846922669190019,1,0,66.38331657853931,ubuntu-latest,0.622544506666025,0,0,1,artifact_upload_error,249
RUN-100755,mobile-app,da35ba4332,dev10,288.0,2,287,568,54,1,54.88304157047711,156,9,0,PullRequest,2025-07-02T11:00:00,Wednesday,11,22,0,0.38270521467238566,0.2494920592654069,0,0,131.57108604810495,ubuntu-latest,,0,0,1,artifact_upload_error,855
RUN-100416,infra-terraform,1262ef9096,dev19,11.0,5,143,111,73,2,73.06321110484134,275,21,0,push,2025-06-18T08:00:00,Wednesday,8,136,0,0.20188779800854262,0.4596130231684987,1,1,142.93189210861937,windows-latest,0.4115173917905849,0,0,1,lint_error,254
RUN-100498,infra-terraform,fe4d65dd8d,dev4,95.0,1,209,136,131,0,81.67233449711502,130,5,1,push,2025-06-21T18:00:00,Saturday,18,113,0,0.09104477153663985,0.07501812425476713,0,0,145.0858521799027,ubuntu-latest,0.8339681186856654,0,0,1,docker_build_failed,345
RUN-100514,infra-terraform,57bc14cf86,dev8,65.0,3,142,108,121,3,87.35315491276654,420,5,1,PullRequest,2025-06-22T10:00:00,Sunday,10,136,1,0.0784143357862204,0.0361528431971325,0,0,124.66955530020866,macos-latest,0.5386837100778408,0,0,1,,250
RUN-100456,frontend-web,c700fb0b00,dev23,17.0,11,110,174,41,0,65.49950353443086,163,3,1,Push,2025-06-20T00:00:00,Friday,0,91,0,0.1226707148537521,0.18339635230009266,0,0,164.72699789203895,windows-latest,0.6191970290004026,0,0,0,infra_timeout,284
RUN-100881,infra-terraform,0930ab5d5d,dev7,76.0,3,346,144,27,1,86.18480170771333,90,14,0,manual,2025-07-07T17:00:00,Monday,17,14,0,0.19643951734843965,0.13205820184873937,1,0,75.71726763894935,ubuntu-latest,0.7417260555470973,0,0,1,lint_error,490
RUN-100530,mobile-app,8fd35d8ae4,dev12,7.0,2,127,252,23,0,,241,10,0,manual,2025-06-23T02:00:00,Monday,2,34,0,0.31007298767534813,0.190971898292507,0,0,139.49022276827841,windows-latest,0.624212262521645,0,0,0,infra_timeout,379
RUN-100180,infra-terraform,1131d5b615,dev7,54.0,5,355,50,51,1,61.53191555096932,248,15,0,PullRequest,2025-06-08T12:00:00,Sunday,12,115,0,0.03328366920095924,0.16073410265701,0,2,123.32725777878554,ubuntu-latest,0.6616383749773538,0,0,1,tests_failed,405
RUN-100449,backend-api,56ddd0eebf,dev15,147.0,4,71,244,47,0,58.16412017814347,214,3,0,push,2025-06-19T17:00:00,Thursday,17,96,0,0.11277182584936682,0.17034853568046907,0,1,98.94534195718316,macos-latest,0.6390227364923062,0,0,1,artifact_upload_error,315
RUN-100752,frontend-web,1d8608900d,dev29,34.0,1,22,16,13,0,78.82611648168546,204,11,2,manual,2025-07-02T08:00:00,Wednesday,8,154,0,0.32910655235726666,0.16798921379732376,1,1,169.44814889105274,ubuntu-latest,0.5410855351847952,0,0,1,,38
RUN-100809,infra-terraform,f20d9771a8,dev19,5.0,3,281,46,8,0,86.93313563683866,323,10,0,PullRequest,2025-07-04T17:00:00,Friday,17,94,0,0.4469175299381111,0.44672856045273734,0,0,134.41994593198797,ubuntu-latest,0.4090368169689182,0,1,0,infra_timeout,327
RUN-100266,mobile-app,3035de72ee,dev23,18.0,4,116,127,87,1,64.15049632128307,183,3,0,schedule,2025-06-12T02:00:00,Thursday,2,120,0,0.1523313187067071,0.21908024057285694,0,0,93.25106366944793,windows-latest,0.211189875803942,1,0,1,tests_failed,243
RUN-100058,ml-pipeline,96214556fe,dev12,117.0,1,138,303,58,2,84.54587109845443,455,12,0,manual,2025-06-03T10:00:00,Tuesday,10,153,0,0.0694308221859178,0.12875492759611418,0,0,93.03863328206752,windows-latest,0.7621887995723614,0,0,0,artifact_upload_error,441
RUN-100246,ml-pipeline,5545a8b007,dev24,38.0,1,71,33,47,0,86.25349846230063,154,13,1,manual,2025-06-11T06:00:00,Wednesday,6,76,0,0.27335770020851397,0.37601979570623123,0,0,174.81250597222083,windows-latest,0.7646236816181188,0,0,1,artifact_upload_error,104
RUN-100128,mobile-app,8e32bd1738,dev16,32.0,7,358,42,25,0,74.89561955989399,108,15,0,Push,2025-06-06T08:00:00,Friday,8,157,0,0.3565797904908767,0.15642325049394953,0,0,141.2924225415404,macos-latest,0.5461837758743124,0,0,1,lint_error,400
RUN-100692,infra-terraform,e00584a02f,dev6,167.0,4,573,96,44,1,64.8844816098493,59,5,0,PullRequest,2025-06-29T20:00:00,Sunday,20,56,0,0.15124243954703137,0.2692673935623607,0,0,131.6029481360121,macos-latest,0.840617144674871,1,0,1,,669
RUN-100606,backend-api,1d9ec9ce9a,dev10,13.0,5,39,77,38,0,81.0197195883271,211,16,1,Push,2025-06-26T06:00:00,Thursday,6,174,1,0.13531595574608815,0.6184277390772571,1,0,153.2600287610493,windows-latest,0.3746865734262699,0,0,1,infra_timeout,116
RUN-100831,backend-api,7f208dba26,dev7,25.0,8,101,74,138,0,69.77822302496483,33,33,0,manual,2025-07-05T15:00:00,Saturday,15,185,0,0.2592472448183414,0.043704522256045174,0,2,146.0928635082052,ubuntu-latest,0.8866407148899573,0,0,1,lint_error,175
