files_changed,lines_added,lines_deleted,churn,test_count,test_failures,coverage,pipeline_duration_s,jobs_total,message_length,prev_7d_failure_rate,prev_30d_failure_rate,flaky_tests_count,infra_alerts_count,artifact_size_mb,cache_hit_rate,security_alerts_count,hour,churn_per_file,test_fail_rate,author_experience_log,had_hotfix_keyword,dependency_updates,is_weekend,repo_backend-api,repo_frontend-web,repo_infra-terraform,repo_ml-pipeline,repo_mobile-app,trigger_manual,trigger_pullrequest,trigger_push,trigger_schedule,runner_os_macos-latest,runner_os_ubuntu-latest,runner_os_windows-latest,day_of_week_Friday,day_of_week_Monday,day_of_week_Saturday,day_of_week_Sunday,day_of_week_Thursday,day_of_week_Tuesday,day_of_week_Wednesday,author_dev1,author_dev10,author_dev11,author_dev12,author_dev13,author_dev14,author_dev15,author_dev16,author_dev17,author_dev18,author_dev19,author_dev2,author_dev20,author_dev21,author_dev22,author_dev23,author_dev24,author_dev25,author_dev26,author_dev27,author_dev28,author_dev29,author_dev3,author_dev30,author_dev4,author_dev5,author_dev6,author_dev7,author_dev8,author_dev9
7,267.0,107.0,374.0,52,1,82.29527440487327,201.0,4,104,0.34293340655453963,0.25092303512980435,0,0,134.78072081077204,0.5148636305021954,0,0,53.42857142857143,0.019230769230769232,4.2626798770413155,0,1,1,0,1,0,0,0,0,0,1,0,0,0,1,0,0,0,1,0,0,0,0,0,0,0,0,0,0,0,0,0,0,0,0,0,0,0,1,0,0,0,0,0,0,0,0,0,0,0,0,0
4,97.0,19.0,116.0,141,1,98.53742188516377,430.0,7,119,0.08709312285017516,0.16192732092660225,0,0,103.32159405176236,0.7063495208890658,0,1,29.0,0.0070921985815602835,2.6390573296152584,0,1,1,0,0,0,1,0,0,0,1,0,0,0,1,0,0,0,1,0,0,0,0,0,0,0,0,0,0,0,0,0,0,0,0,1,0,0,0,0,0,0,0,0,0,0,0,0,0,0,0,0
3,71.0,30.0,101.0,31,0,73.48506744678262,131.0,6,23,0.04969635439271844,0.2115377478563759,0,0,94.94258479891819,0.6381307678110465,0,2,33.666666666666664,0.0,1.0986122886681098,0,0,1,0,0,0,1,0,0,0,0,1,1,0,0,0,0,0,1,0,0,0,0,0,0,0,0,0,0,0,0,0,0,0,0,0,0,0,0,0,0,0,1,0,0,0,0,0,0,0,0,0
8,196.0,32.0,228.0,25,1,74.50443221591324,167.0,9,8,0.32323126919971434,0.17569555907834886,0,0,121.89464269398118,0.7478337328599411,0,3,28.5,0.04,1.791759469228055,0,0,1,0,0,0,0,1,1,0,0,0,0,0,1,0,0,0,1,0,0,0,0,0,0,0,0,0,0,0,0,0,0,0,0,0,0,0,0,0,0,0,0,1,0,0,0,0,0,0,0,0
4,23.0,254.0,277.0,28,1,93.32942815175413,202.0,19,123,0.16276138903940124,0.020473222961458048,1,0,142.1150065350238,0.5964130860335428,0,4,69.25,0.03571428571428571,4.584967478670572,0,0,1,0,0,0,0,1,0,0,1,0,0,0,1,0,0,0,1,0,0,0,0,0,0,0,0,0,0,0,0,0,0,0,0,0,1,0,0,0,0,0,0,0,0,0,0,0,0,0,0,0
3,320.0,144.0,464.0,38,1,68.41000970042286,116.0,5,43,0.25264431857246966,0.152279966490659,0,1,110.2115758323929,0.8398338101018682,0,5,154.66666666666666,0.02631578947368421,2.9444389791664403,0,0,1,0,0,1,0,0,0,0,1,0,0,0,1,0,0,0,1,0,0,0,0,0,0,1,0,0,0,0,0,0,0,0,0,0,0,0,0,0,0,0,0,0,0,0,0,0,0,0,0,0
10,51.0,215.0,266.0,41,1,59.10776360685383,173.0,19,124,0.19349673715825935,0.38971060341232844,0,0,61.18970125850748,0.5507793387428873,0,6,26.6,0.024390243902439025,2.6390573296152584,0,0,1,0,1,0,0,0,0,0,1,0,1,0,0,0,0,0,1,0,0,0,0,0,0,0,0,0,0,0,0,1,0,0,0,0,0,0,0,0,0,0,0,0,0,0,0,0,0,0,0,0
3,223.0,14.0,237.0,22,0,74.15899438766813,373.0,9,10,0.1005152571877971,0.03179358615440258,0,0,90.43958749767543,0.6725673322874004,0,7,79.0,0.0,4.77912349311153,0,0,1,0,0,0,1,0,0,0,1,0,1,0,0,0,0,0,1,0,0,0,0,0,0,0,1,0,0,0,0,0,0,0,0,0,0,0,0,0,0,0,0,0,0,0,0,0,0,0,0,0
2,83.0,21.0,104.0,8,0,87.91410030105499,114.0,45,161,0.5307426892580991,0.12063345304275071,0,0,120.72100063247547,0.3558193244842405,0,8,52.0,0.0,4.442651256490317,0,1,1,1,0,0,0,0,0,0,1,0,1,0,0,0,0,0,1,0,0,0,0,0,0,0,0,0,0,0,0,0,1,0,0,0,0,0,0,0,0,0,0,0,0,0,0,0,0,0,0,0
1,110.0,228.0,338.0,28,0,79.33256562239623,200.0,11,69,0.3595795960762609,0.4365579651540048,0,0,149.6113463927774,0.6239598958666528,0,9,338.0,0.0,3.332204510175204,0,0,1,0,1,0,0,0,1,0,0,0,0,1,0,0,0,0,1,0,0,0,0,0,0,0,0,0,0,0,0,0,0,0,0,0,0,0,0,1,0,0,0,0,0,0,0,0,0,0,0,0
5,64.0,6.0,69.0,59,0,73.83581210943305,329.0,8,92,0.18492997165881087,0.17602620130934846,0,1,60.567049531532405,0.8352897959275657,1,10,13.8,0.0,3.044522437723423,0,0,1,0,0,0,0,1,0,0,1,0,0,0,1,0,0,0,1,0,0,0,0,0,0,1,0,0,0,0,0,0,0,0,0,0,0,0,0,0,0,0,0,0,0,0,0,0,0,0,0,0
8,124.0,422.0,546.0,49,1,57.61927952238193,112.0,13,72,0.13661701976087945,0.2735740799097972,0,1,130.60333802486676,0.677327812990495,0,11,68.25,0.02040816326530612,3.2188758248682006,0,0,1,0,0,1,0,0,0,0,1,0,0,1,0,0,0,0,1,0,0,0,0,0,0,0,0,0,0,1,0,0,0,0,0,0,0,0,0,0,0,0,0,0,0,0,0,0,0,0,0,0
3,1185.0,14.0,1199.0,116,0,74.29956905677952,431.0,7,86,0.31646820976155515,0.048815825582271585,1,1,128.84478121030753,0.4888601922567934,0,12,399.6666666666667,0.0,3.5263605246161616,0,0,1,0,0,0,1,0,0,0,1,0,0,0,1,0,0,0,1,0,0,0,0,0,0,0,0,0,0,0,0,0,0,1,0,0,0,0,0,0,0,0,0,0,0,0,0,0,0,0,0,0
9,681.0,278.0,959.0,213,0,89.79785911579604,210.0,2,108,0.2943207240346092,0.2723570735570189,1,0,101.93694018824053,0.8912196642392223,0,13,106.55555555555556,0.0,4.74493212836325,0,0,1,0,0,0,1,0,0,0,1,0,1,0,0,0,0,0,1,0,0,0,0,0,0,0,0,0,0,0,0,0,0,0,0,0,0,1,0,0,0,0,0,0,0,0,0,0,0,0,0,0
1,219.0,41.0,260.0,82,0,60.19059502152934,178.0,7,130,0.4273359476911113,0.07223593630577266,0,1,96.52311122995569,0.5553558383311514,0,14,260.0,0.0,3.6888794541139363,0,0,1,0,0,0,1,0,0,0,1,0,0,1,0,0,0,0,1,0,0,0,0,0,0,0,0,0,1,0,0,0,0,0,0,0,0,0,0,0,0,0,0,0,0,0,0,0,0,0,0,0
3,144.0,348.0,492.0,135,0,72.06303391436074,49.0,7,139,0.35654985999246097,0.41339785932780687,0,0,90.54705034488188,0.9102712873047544,0,15,164.0,0.0,3.970291913552122,0,0,1,0,0,0,1,0,0,1,0,0,0,1,0,0,0,0,1,0,0,0,0,0,0,0,0,1,0,0,0,0,0,0,0,0,0,0,0,0,0,0,0,0,0,0,0,0,0,0,0,0
3,375.0,1292.3199999999988,2506.4799999999996,82,0,70.35018321409967,154.0,2,198,0.24260335700629435,0.11207186076448118,0,0,125.63225213461328,0.5267582134122831,0,16,835.4933333333332,0.0,4.356708826689592,1,0,1,0,0,0,0,1,0,1,0,0,0,0,1,0,0,0,1,0,0,0,0,0,0,0,0,0,0,1,0,0,0,0,0,0,0,0,0,0,0,0,0,0,0,0,0,0,0,0,0,0
1,514.0,9.0,523.0,175,1,74.15899438766813,259.0,8,39,0.12419269862388795,0.37648254979952667,0,0,165.0727465099112,0.8133216577844657,0,17,523.0,0.005714285714285714,3.332204510175204,0,0,1,0,1,0,0,0,1,0,0,0,1,0,0,0,0,0,1,0,0,0,0,0,0,0,0,0,0,0,0,0,0,0,0,0,0,0,0,0,0,0,0,0,0,0,0,0,0,1,0,0
22,59.0,236.0,295.0,196,0,77.97507605422807,679.0,2,174,0.1672693707589334,0.06179402186384388,1,0,167.91137957963878,0.565965769347501,0,18,13.409090909090908,0.0,3.9889840465642745,0,0,1,0,0,1,0,0,1,0,0,0,1,0,0,0,0,0,1,0,0,0,0,0,0,0,0,0,0,0,0,1,0,0,0,0,0,0,0,0,0,0,0,0,0,0,0,0,0,0,0,0
3,136.0,15.0,151.0,95,0,80.31966289507209,298.0,7,122,0.07822233244476799,0.22842594043607653,0,0,75.04078611126099,0.7686706761519975,0,19,50.333333333333336,0.0,3.044522437723423,0,1,1,0,0,0,0,1,0,0,0,1,0,0,1,0,0,0,1,0,0,0,0,0,0,0,0,0,0,0,0,0,0,0,0,0,0,1,0,0,0,0,0,0,0,0,0,0,0,0,0,0
2,20.0,175.0,195.0,78,0,80.19392285752124,440.0,10,65,0.0936516539675723,0.33219602397049386,1,0,112.52087277324381,0.7673682930790289,0,20,97.5,0.0,1.0986122886681098,0,0,1,0,0,0,0,1,0,0,1,0,0,0,1,0,0,0,1,0,0,0,0,0,1,0,0,0,0,0,0,0,0,0,0,0,0,0,0,0,0,0,0,0,0,0,0,0,0,0,0,0
3,510.0,87.0,597.0,37,1,63.2782828366185,85.0,9,183,0.2037603657512598,0.18590513930049574,0,0,32.25960790728196,0.8023714379332939,0,21,199.0,0.02702702702702703,1.3862943611198906,0,0,1,1,0,0,0,0,0,0,1,0,0,1,0,0,0,0,1,0,0,0,0,0,0,0,0,0,0,0,0,0,0,0,0,0,0,0,0,0,0,0,0,0,0,0,1,0,0,0,0,0
1,1438.0,126.0,1564.0,43,0,55.24819566799581,183.0,6,142,0.2930872825150712,0.33605046130556937,0,0,124.36737244084685,0.5041006209506236,0,22,1564.0,0.0,3.332204510175204,0,1,1,0,1,0,0,0,0,0,1,0,0,0,1,0,0,0,1,0,0,0,0,0,0,1,0,0,0,0,0,0,0,0,0,0,0,0,0,0,0,0,0,0,0,0,0,0,0,0,0,0
1,162.0,40.0,202.0,34,0,78.14866123836875,470.0,8,41,0.11559817007223044,0.07370047985952101,1,0,143.9059168052456,0.4736873284587948,0,23,202.0,0.0,3.784189633918261,0,0,1,0,0,1,0,0,0,1,0,0,0,1,0,0,0,0,1,0,0,0,0,0,0,0,0,0,0,0,0,0,0,0,0,0,0,0,0,0,0,0,0,0,0,0,0,0,1,0,0,0
7,14.0,259.0,273.0,73,0,68.92897150220819,107.0,5,39,0.2669364530115242,0.17706603424940864,1,0,182.8384474221595,0.6317676510060904,0,0,39.0,0.0,3.4339872044851463,0,0,0,0,0,0,1,0,1,0,0,0,0,1,0,0,1,0,0,0,0,0,0,0,0,1,0,0,0,0,0,0,0,0,0,0,0,0,0,0,0,0,0,0,0,0,0,0,0,0,0,0
2,289.0,22.0,311.0,25,0,97.05974855624143,393.0,9,133,0.21418624614136675,0.14791537786792863,1,0,48.541704507020356,0.47945764827410964,0,1,155.5,0.0,3.4965075614664802,0,1,0,0,0,0,1,0,0,1,0,0,0,0,1,0,1,0,0,0,0,0,0,0,0,0,0,0,0,0,0,0,1,0,0,0,0,0,0,0,0,0,0,0,0,0,0,0,0,0,0,0
1,54.0,430.0,484.0,38,1,97.61411635217935,334.0,9,147,0.143958207550758,0.13396391056000917,0,0,76.47760312077502,0.4025811768038601,0,2,484.0,0.02631578947368421,5.056245805348308,0,0,0,0,0,0,0,1,0,1,0,0,0,1,0,0,1,0,0,0,0,0,0,0,0,0,0,0,0,0,0,0,0,0,0,0,0,0,0,0,0,0,0,0,0,0,1,0,0,0,0,0
9,71.0,70.0,141.0,6,1,98.88827753275248,242.0,4,13,0.46418321033628657,0.10471208424780341,0,0,125.76547207502512,0.4910589479686255,0,3,15.666666666666666,0.16666666666666666,2.1972245773362196,0,0,0,0,0,1,0,0,0,1,0,0,0,0,1,0,1,0,0,0,0,0,0,0,0,0,0,0,0,0,0,0,0,0,0,0,0,1,0,0,0,0,0,0,0,0,0,0,0,0,0,0
9,295.0,23.0,318.0,177,2,63.718669187583444,159.0,10,127,0.06434880843129723,0.248301747678038,0,0,55.26446534101504,0.7939043740452298,0,4,35.333333333333336,0.011299435028248588,3.295836866004329,0,0,0,0,0,0,0,1,0,0,0,1,1,0,0,0,1,0,0,0,0,0,0,0,0,0,0,0,0,0,0,0,0,0,0,0,0,0,0,0,0,0,0,0,0,0,0,0,0,1,0,0
5,196.0,635.0,831.0,37,1,81.83242904090513,100.0,10,108,0.0796576782215366,0.2332623893051787,0,0,126.88848603405218,0.45107779936586817,0,5,166.2,0.02702702702702703,3.58351893845611,0,0,0,0,0,0,0,1,0,0,1,0,1,0,0,0,1,0,0,0,0,0,0,0,0,0,0,0,0,0,0,0,0,0,0,0,0,0,0,0,0,1,0,0,0,0,0,0,0,0,0,0
2,86.0,102.0,188.0,64,0,85.45143020701781,694.0,8,194,0.22075285393355074,0.12461923743658239,0,0,144.92010180281864,0.9279485974595058,0,6,94.0,0.0,3.332204510175204,0,0,0,0,0,0,0,1,0,0,1,0,1,0,0,0,1,0,0,0,0,0,0,0,0,0,0,0,0,0,0,0,0,0,0,0,1,0,0,0,0,0,0,0,0,0,0,0,0,0,0,0
2,72.0,896.0,968.0,143,0,84.10025080253283,311.0,49,149,0.1657616658441623,0.3221767723756042,0,0,68.74849104187764,0.9029625643349779,0,7,484.0,0.0,3.332204510175204,0,0,0,1,0,0,0,0,1,0,0,0,0,1,0,0,1,0,0,0,0,0,0,0,0,0,0,0,0,0,0,0,0,0,0,0,0,0,0,0,0,0,0,0,0,0,0,0,0,0,0,1
1,170.0,421.0,591.0,56,0,70.7472246696737,254.0,8,182,0.33604456435520985,0.5042983443995536,1,0,125.30341480193887,0.719790135853984,0,8,591.0,0.0,1.9459101490553132,1,0,0,0,1,0,0,0,0,0,1,0,1,0,0,0,1,0,0,0,0,0,0,0,0,0,0,0,0,0,1,0,0,0,0,0,0,0,0,0,0,0,0,0,0,0,0,0,0,0,0,0
1,94.0,45.0,139.0,141,0,90.34997883558391,150.0,7,11,0.3208314909379417,0.1729405185398117,1,0,71.51156259939792,0.6056903541288864,0,9,139.0,0.0,4.574710978503383,0,0,0,0,0,0,0,1,1,0,0,0,1,0,0,0,1,0,0,0,0,0,0,0,0,0,0,0,0,0,0,0,0,0,0,0,0,0,0,0,0,0,0,0,0,0,1,0,0,0,0,0
1,43.0,100.0,143.0,16,0,75.00569983639828,205.0,6,154,0.15905540210268576,0.04712782604652397,0,1,175.01703475753214,0.6317676510060904,1,10,143.0,0.0,2.70805020110221,0,0,0,0,0,1,0,0,0,0,1,0,0,0,1,0,1,0,0,0,0,0,0,0,0,0,0,0,0,0,0,0,0,0,0,0,0,0,0,0,0,0,0,0,1,0,0,0,0,0,0,0
2,102.0,125.0,227.0,304,0,76.53727349922528,224.0,4,70,0.2155876032077998,0.1315716567946442,0,0,128.26584369840768,0.619913004129769,0,11,113.5,0.0,5.1298987149230735,0,0,0,0,1,0,0,0,0,0,1,0,0,1,0,0,1,0,0,0,0,0,0,0,0,0,0,0,0,0,0,0,0,0,0,0,0,0,0,0,0,0,0,1,0,0,0,0,0,0,0,0
1,215.0,589.0,804.0,106,0,56.54599857867428,265.0,14,112,0.15390845509516635,0.3704322984623342,0,0,94.39743884131869,0.8354567683387831,0,12,804.0,0.0,3.295836866004329,0,0,0,0,0,1,0,0,0,1,0,0,1,0,0,0,1,0,0,0,0,0,0,0,0,0,0,0,0,0,0,0,0,0,0,0,0,0,0,1,0,0,0,0,0,0,0,0,0,0,0,0
1,122.0,177.0,299.0,52,0,82.73717963487586,334.0,5,176,0.08059196754577615,0.022485679811159412,0,0,70.4743447880005,0.6378944898763802,0,13,299.0,0.0,3.332204510175204,0,1,0,0,0,1,0,0,0,0,0,1,0,1,0,0,1,0,0,0,0,0,0,0,0,0,0,0,0,0,0,0,0,0,0,0,0,0,0,0,0,0,0,0,0,0,0,1,0,0,0,0
3,31.0,133.0,164.0,139,1,71.87505943713107,115.0,6,174,0.11261745660872259,0.0818137166066553,0,0,135.56598774120994,0.25265775912827104,0,14,54.666666666666664,0.007194244604316547,3.258096538021482,0,0,0,1,0,0,0,0,0,0,0,1,0,0,1,0,1,0,0,0,0,0,0,0,0,0,0,0,0,0,0,0,0,0,0,0,0,0,0,0,0,0,0,0,0,0,0,0,0,0,0,1
4,440.0,88.0,528.0,17,1,80.57734634520631,71.0,6,48,0.21135366667068373,0.26134604989740173,1,0,174.31742008409663,0.46312906205024507,0,15,132.0,0.058823529411764705,3.295836866004329,0,0,0,0,0,0,1,0,0,1,0,0,0,0,1,0,1,0,0,0,0,0,0,0,0,0,0,0,0,0,0,0,0,0,0,0,0,0,0,0,0,0,0,0,0,0,0,0,1,0,0,0
12,12.99,103.0,110.0,35,2,77.82136439765542,212.0,4,51,0.13910718562391458,0.31634287250171866,0,0,89.13984363192566,0.6014222599295995,0,16,9.166666666666666,0.05714285714285714,2.833213344056216,1,0,0,0,1,0,0,0,0,1,0,0,1,0,0,0,1,0,0,0,0,0,0,0,0,1,0,0,0,0,0,0,0,0,0,0,0,0,0,0,0,0,0,0,0,0,0,0,0,0,0,0
1,90.0,461.0,551.0,141,0,77.17123891996525,58.0,2,145,0.18503989924627703,0.17594401573293228,0,0,102.41421335712353,0.7076654962145021,0,17,551.0,0.0,3.4339872044851463,0,0,0,0,0,0,1,0,0,0,1,0,1,0,0,0,1,0,0,0,0,0,0,0,0,0,0,0,0,0,0,0,0,0,0,0,0,0,0,0,0,0,0,0,0,0,0,0,0,0,0,1
4,75.0,110.0,185.0,10,0,74.4514371303998,159.0,6,176,0.3753233898613529,0.28800211153919214,0,0,89.91437197167241,0.24612224560826412,0,18,46.25,0.0,3.6109179126442243,0,0,0,0,0,0,1,0,0,1,0,0,1,0,0,0,1,0,0,0,0,0,0,1,0,0,0,0,0,0,0,0,0,0,0,0,0,0,0,0,0,0,0,0,0,0,0,0,0,0,0,0
4,174.0,71.0,245.0,69,2,84.43919681592544,140.0,16,124,0.02286214518638221,0.23738969791547412,0,0,182.21970284208584,0.7405013487660901,0,19,61.25,0.028985507246376812,2.6390573296152584,0,0,0,1,0,0,0,0,0,0,1,0,0,0,1,0,1,0,0,0,0,0,0,0,0,0,0,0,0,1,0,0,0,0,0,0,0,0,0,0,0,0,0,0,0,0,0,0,0,0,0,0
2,275.0,59.0,334.0,68,1,72.6132895573792,282.0,10,15,0.01063638606856675,0.18787216727442335,0,1,43.65438124129679,0.5979864982958359,0,20,167.0,0.014705882352941176,3.2188758248682006,0,1,0,0,1,0,0,0,0,0,1,0,0,1,0,0,1,0,0,0,0,0,0,0,0,0,0,0,0,0,0,0,0,0,0,0,0,0,0,0,0,0,0,0,0,0,0,0,1,0,0,0
6,512.0,59.0,571.0,216,0,74.15899438766813,802.0,26,36,0.21769556615451885,0.3163101527913901,0,0,171.423728912009,0.730452773913408,0,21,95.16666666666667,0.0,2.772588722239781,0,0,0,0,0,1,0,0,0,0,0,1,1,0,0,0,1,0,0,0,0,0,0,0,0,0,0,0,0,0,0,0,0,0,0,0,0,0,0,0,0,1,0,0,0,0,0,0,0,0,0,0
6,67.0,23.0,90.0,12,0,81.82746727648721,51.0,15,151,0.2602522950778022,0.08181424971774105,0,0,104.91207646211495,0.5951541059755585,0,22,15.0,0.0,5.3706380281276624,0,0,0,0,0,0,0,1,1,0,0,0,1,0,0,0,1,0,0,0,0,0,0,0,0,0,0,0,0,0,0,0,0,0,0,0,1,0,0,0,0,0,0,0,0,0,0,0,0,0,0,0
4,282.0,48.0,330.0,162,0,65.29193370106034,984.0,13,149,0.06909105164352246,0.1855229780634123,0,0,117.13539520535029,0.5167844678340613,0,23,82.5,0.0,3.258096538021482,0,0,0,0,0,1,0,0,0,0,1,0,0,0,1,0,1,0,0,0,0,0,0,0,0,0,0,0,0,0,0,0,0,0,0,0,0,1,0,0,0,0,0,0,0,0,0,0,0,0,0,0
2,184.0,571.0,755.0,28,1,59.108857887814324,170.0,33,179,0.13557804848960342,0.36245440054181205,0,0,106.37461401131287,0.3216141563320409,0,0,377.5,0.03571428571428571,4.6913478822291435,0,0,0,0,0,0,1,0,1,0,0,0,0,0,1,0,0,0,0,0,1,0,0,0,0,0,0,0,0,0,0,0,0,0,0,0,0,0,0,0,0,0,0,0,0,0,0,0,1,0,0,0
2,22.0,87.0,109.0,31,1,62.73307999028882,255.0,8,108,0.17604603661502152,0.2788714745140067,0,0,129.58403525928588,0.7424684462168659,0,1,54.5,0.03225806451612903,3.1354942159291497,0,0,0,0,0,0,1,0,0,0,1,0,1,0,0,0,0,0,0,0,1,0,0,0,0,0,0,0,0,0,0,0,0,0,0,0,1,0,0,0,0,0,0,0,0,0,0,0,0,0,0,0
1,1200.0,238.0,1438.0,16,0,78.39998855228305,74.0,9,88,0.14066459559487673,0.31438767934192136,1,0,90.80804980240907,0.6238557546810358,0,2,1438.0,0.0,3.5553480614894135,0,0,0,0,0,0,1,0,1,0,0,0,0,1,0,0,0,0,0,0,1,0,0,0,0,0,0,0,0,0,0,0,0,0,0,0,0,0,0,0,1,0,0,0,0,0,0,0,0,0,0,0
1,30.0,7.0,53.99,18,0,73.8417743628618,402.0,8,26,0.08576352365012097,0.20393285470775996,1,0,162.3353254635072,0.6835581238274846,0,3,53.99,0.0,3.332204510175204,0,1,0,0,1,0,0,0,0,1,0,0,1,0,0,0,0,0,0,0,1,0,0,0,0,0,0,0,0,0,0,0,0,0,0,0,0,0,0,0,0,0,0,0,0,0,0,0,1,0,0,0
2,235.0,205.0,440.0,61,0,74.15899438766813,206.0,26,157,0.14841434495184658,0.572200944639586,1,0,163.95988171176418,0.3465967696579786,0,4,220.0,0.0,2.9444389791664403,0,0,0,1,0,0,0,0,0,0,1,0,0,0,1,0,0,0,0,0,1,0,0,0,0,0,0,0,0,0,0,0,0,0,0,0,0,1,0,0,0,0,0,0,0,0,0,0,0,0,0,0
1,227.0,92.0,319.0,18,0,70.39612868336796,191.0,9,190,0.1208445092286037,0.39450260584363145,1,0,80.66363840893024,0.21469519952012578,0,5,319.0,0.0,3.4965075614664802,1,0,0,0,0,0,0,1,1,0,0,0,1,0,0,0,0,0,0,0,1,0,0,0,1,0,0,0,0,0,0,0,0,0,0,0,0,0,0,0,0,0,0,0,0,0,0,0,0,0,0,0
4,200.0,64.0,264.0,80,1,89.03077469969718,51.0,5,13,0.4320819547411951,0.48925487049837885,1,0,146.69867862136155,0.4946559104072446,0,6,66.0,0.0125,4.736198448394496,0,0,0,0,0,0,0,1,0,0,1,0,0,1,0,0,0,0,0,0,1,0,0,0,0,0,0,0,0,0,0,0,0,0,0,0,0,0,1,0,0,0,0,0,0,0,0,0,0,0,0,0
8,86.0,134.0,220.0,26,0,69.58445194879945,210.0,13,100,0.22186949643694528,0.39696700347076963,1,0,105.7402455906752,0.6317676510060904,0,7,27.5,0.0,3.5263605246161616,0,0,0,0,1,0,0,0,0,1,0,0,0,0,1,0,0,0,0,0,1,0,0,0,0,0,0,0,1,0,0,0,0,0,0,0,0,0,0,0,0,0,0,0,0,0,0,0,0,0,0,0
1,368.0,63.0,431.0,16,0,73.01428135886889,362.0,5,74,0.2007712165257124,0.06959269067546157,0,1,122.06533960245706,0.6317676510060904,0,8,431.0,0.0,4.553876891600541,0,0,0,0,0,0,0,1,0,0,1,0,0,1,0,0,0,0,0,0,1,0,0,0,0,0,0,0,0,0,0,0,0,0,0,0,0,0,0,1,0,0,0,0,0,0,0,0,0,0,0,0
4,26.0,10.0,53.99,29,0,87.51589724792584,169.0,13,150,0.1613350578419057,0.3208222910512497,0,0,181.00603589403767,0.5381930238777279,0,9,13.4975,0.0,3.8918202981106265,0,0,0,0,1,0,0,0,0,0,1,0,0,0,1,0,0,0,0,0,1,0,0,0,0,0,0,0,0,0,0,0,0,0,0,0,0,0,0,0,0,0,0,0,0,0,0,1,0,0,0,0
1,138.0,303.0,441.0,58,2,84.54587109845443,455.0,12,153,0.0694308221859178,0.12875492759611418,0,0,93.03863328206752,0.7621887995723614,0,10,441.0,0.034482758620689655,4.770684624465665,0,0,0,0,0,0,1,0,1,0,0,0,0,0,1,0,0,0,0,0,1,0,0,0,0,1,0,0,0,0,0,0,0,0,0,0,0,0,0,0,0,0,0,0,0,0,0,0,0,0,0,0
2,79.0,143.0,222.0,35,0,87.26101305182053,442.0,7,47,0.16376186739258752,0.12366651174493969,1,1,157.06197759318349,0.8700903105499794,0,11,111.0,0.0,3.258096538021482,0,0,0,0,0,0,1,0,0,1,0,0,1,0,0,0,0,0,0,0,1,0,0,0,0,0,0,0,0,0,0,0,0,0,0,0,0,0,0,0,0,0,0,0,0,0,0,0,0,0,0,1
1,70.0,77.0,147.0,45,0,41.72935667935556,127.0,13,190,0.08566085511788325,0.22233016547027837,1,0,138.28500715809213,0.913950836291047,0,12,147.0,0.0,5.455321115357702,0,0,0,0,0,1,0,0,0,1,0,0,1,0,0,0,0,0,0,0,1,0,0,0,0,0,0,0,0,0,0,0,0,0,0,0,0,0,0,0,0,0,0,0,0,0,0,0,0,0,1,0
5,237.0,37.0,274.0,78,1,95.80227646130533,611.0,3,31,0.2736647941121531,0.17846021616215912,0,1,112.23887442196475,0.6699576052594072,0,13,54.8,0.01282051282051282,2.8903717578961645,0,0,0,0,0,0,1,0,1,0,0,0,0,0,1,0,0,0,0,0,1,0,0,1,0,0,0,0,0,0,0,0,0,0,0,0,0,0,0,0,0,0,0,0,0,0,0,0,0,0,0,0
1,485.0,21.0,506.0,106,1,82.63680522513515,206.0,10,157,0.2029508124507609,0.11158269521995286,1,0,134.69614270115295,0.6389879324874683,0,14,506.0,0.009433962264150943,2.6390573296152584,0,0,0,1,0,0,0,0,0,0,0,1,0,0,1,0,0,0,0,0,1,0,0,0,0,1,0,0,0,0,0,0,0,0,0,0,0,0,0,0,0,0,0,0,0,0,0,0,0,0,0,0
7,101.0,140.0,241.0,34,1,100.0,207.0,6,149,0.06894897826849956,0.04300209691768502,0,0,129.93647693267556,0.657826629376443,0,15,34.42857142857143,0.029411764705882353,2.302585092994046,1,1,0,0,0,1,0,0,0,1,0,0,0,0,1,0,0,0,0,0,1,0,0,0,0,0,0,0,0,0,0,0,0,0,0,0,0,0,0,0,0,0,0,0,0,0,1,0,0,0,0,0
2,350.0,648.0,998.0,19,1,65.6120876307086,214.0,66,36,0.34226392342080564,0.12460336067692994,0,1,73.66586751581234,0.7743476470844244,0,16,499.0,0.05263157894736842,5.3981627015177525,0,0,0,0,0,0,0,1,0,1,0,0,0,0,1,0,0,0,0,0,1,0,0,0,0,0,0,0,0,0,0,0,0,0,0,0,1,0,0,0,0,0,0,0,0,0,0,0,0,0,0,0
1,156.0,137.0,293.0,47,0,53.83859273221307,210.0,10,136,0.10619780940766903,0.2958529485923685,0,0,95.73104625521253,0.638806205934714,0,17,293.0,0.0,4.04305126783455,0,0,0,1,0,0,0,0,0,0,1,0,1,0,0,0,0,0,0,0,1,0,0,0,0,0,0,0,0,0,1,0,0,0,0,0,0,0,0,0,0,0,0,0,0,0,0,0,0,0,0,0
1,55.0,24.0,79.0,65,2,75.08662148070212,40.0,5,57,0.1263170982346001,0.02327779888463035,0,0,78.1899046016369,0.7166872380468556,0,18,79.0,0.03076923076923077,3.044522437723423,1,0,0,0,0,1,0,0,0,0,0,1,0,0,1,0,0,0,0,0,1,0,0,0,0,0,0,0,0,0,0,0,0,0,0,0,0,0,0,1,0,0,0,0,0,0,0,0,0,0,0,0
4,111.0,140.0,251.0,13,1,71.69553204291407,175.0,3,58,0.3152988750920748,0.07085130234271714,0,1,108.93524914045227,0.529513887070487,0,19,62.75,0.07692307692307693,4.430816798843313,0,1,0,1,0,0,0,0,0,0,0,1,0,0,1,0,0,0,0,0,1,0,0,0,0,0,0,0,0,0,0,0,0,0,0,0,1,0,0,0,0,0,0,0,0,0,0,0,0,0,0,0
6,106.0,103.0,209.0,21,0,82.84396780337785,77.0,22,21,0.33152905369541835,0.15204210978219376,0,0,173.80141184272867,0.8874608039715614,0,20,34.833333333333336,0.0,3.9318256327243257,0,0,0,0,1,0,0,0,0,0,0,1,0,1,0,0,0,0,0,0,1,0,0,0,0,0,0,0,0,0,0,0,0,0,0,0,0,0,0,0,0,0,0,0,0,0,0,1,0,0,0,0
4,68.0,284.0,352.0,25,1,87.89914013503628,625.0,7,150,0.2946342415858141,0.28053661918806144,0,0,143.2411120650578,0.7330340553289169,0,21,88.0,0.04,5.075173815233827,0,0,0,0,0,0,0,1,0,0,1,0,0,0,1,0,0,0,0,0,1,0,0,0,0,0,0,0,0,0,0,0,0,0,0,0,0,0,0,0,0,0,0,0,1,0,0,0,0,0,0,0
19,237.0,214.0,451.0,37,0,73.95247026144604,608.0,5,162,0.3913291618332072,0.22314230413440547,0,0,62.69643689998919,0.5776363478628848,0,22,23.736842105263158,0.0,1.9459101490553132,1,0,0,0,0,0,1,0,1,0,0,0,0,0,1,0,0,0,0,0,1,0,0,0,0,0,1,0,0,0,0,0,0,0,0,0,0,0,0,0,0,0,0,0,0,0,0,0,0,0,0,0
10,192.0,6.0,196.0,24,0,72.11150345024728,363.0,11,103,0.39039789282706555,0.10194246657196325,1,0,109.06529251682718,0.5747927190075048,0,23,19.6,0.0,3.091042453358316,0,0,0,0,1,0,0,0,0,0,0,1,1,0,0,0,0,0,0,0,1,0,0,0,0,0,0,0,1,0,0,0,0,0,0,0,0,0,0,0,0,0,0,0,0,0,0,0,0,0,0,0
2,25.0,200.0,225.0,78,0,81.27263783419353,169.0,14,156,0.29879638539467546,0.08403723871177197,0,0,129.34499443677217,0.7712939286803123,0,0,112.5,0.0,2.8903717578961645,0,1,0,0,0,0,0,1,0,1,0,0,0,1,0,0,0,0,0,0,0,1,0,0,0,0,0,0,0,0,0,0,0,0,0,0,0,0,0,0,0,0,0,0,0,0,0,0,0,0,1,0
2,24.0,36.0,60.0,12,0,71.92405601169003,98.0,14,72,0.24488021526937123,0.15646149787618685,0,0,149.76353921224845,0.7919565783906101,0,1,30.0,0.0,1.6094379124341003,0,0,0,0,1,0,0,0,1,0,0,0,0,0,1,0,0,0,0,0,0,1,0,0,0,0,0,0,0,0,0,0,0,0,0,0,0,0,1,0,0,0,0,0,0,0,0,0,0,0,0,0
4,236.0,23.0,259.0,12,2,70.92021478923854,126.0,9,115,0.21109260354495693,0.3499645375008019,0,0,93.96931848327927,0.6164228460392683,1,2,64.75,0.16666666666666666,4.2626798770413155,0,0,0,0,0,0,1,0,0,0,1,0,0,0,1,0,0,0,0,0,0,1,0,0,0,0,0,0,0,0,0,1,0,0,0,0,0,0,0,0,0,0,0,0,0,0,0,0,0,0,0,0
1,60.0,89.0,149.0,34,0,87.44561926410343,780.0,10,158,0.5843321629117065,0.20434234260053522,1,0,70.50272704943083,0.3600807687826185,0,3,149.0,0.0,3.091042453358316,0,0,0,0,0,0,0,1,0,0,1,0,0,0,1,0,0,0,0,0,0,1,0,0,0,0,0,0,0,0,0,0,0,0,0,0,0,1,0,0,0,0,0,0,0,0,0,0,0,0,0,0
8,206.0,172.0,378.0,38,0,90.11733428284288,123.0,10,89,0.20908638952058967,0.3049823143539812,0,0,117.74628384902334,0.6262607712284081,0,4,47.25,0.0,3.970291913552122,0,0,0,1,0,0,0,0,0,1,0,0,0,1,0,0,0,0,0,0,0,1,0,0,0,0,0,0,0,0,0,0,0,0,0,0,0,0,0,0,0,0,0,0,0,0,1,0,0,0,0,0
4,350.0,18.0,368.0,13,0,74.15899438766813,40.0,11,125,0.06577750269532136,0.42073069502841254,0,0,142.76118684125638,0.8219372735277807,0,5,92.0,0.0,5.424950017481403,0,0,0,1,0,0,0,0,0,0,1,0,0,1,0,0,0,0,0,0,0,1,0,0,0,0,0,0,0,0,0,0,0,0,0,0,0,0,0,1,0,0,0,0,0,0,0,0,0,0,0,0
4,36.0,238.0,274.0,27,0,72.98124344729369,412.0,12,33,0.06311885252982699,0.41003198531094626,0,0,129.39385946532786,0.4546843015020421,0,6,68.5,0.0,2.995732273553991,0,1,0,0,0,0,0,1,0,1,0,0,0,0,1,0,0,0,0,0,0,1,0,0,0,0,0,0,0,0,0,0,0,0,0,0,0,0,0,0,0,0,0,0,0,0,0,0,0,1,0,0
5,31.0,254.0,285.0,32,0,49.322532146961805,572.0,19,103,0.2555231912863947,0.18198267233062332,0,0,84.61290077833723,0.38893528811060163,0,7,57.0,0.0,3.332204510175204,0,1,0,0,0,0,1,0,0,0,1,0,1,0,0,0,0,0,0,0,0,1,0,0,0,0,0,1,0,0,0,0,0,0,0,0,0,0,0,0,0,0,0,0,0,0,0,0,0,0,0,0
13,936.0,115.0,1051.0,32,0,73.22152696328583,639.0,9,170,0.28330650549727693,0.20658267401413066,0,0,190.1847521392125,0.6318042036824709,0,8,80.84615384615384,0.0,3.4339872044851463,0,0,0,0,0,1,0,0,0,0,0,1,0,1,0,0,0,0,0,0,0,1,0,0,0,0,0,1,0,0,0,0,0,0,0,0,0,0,0,0,0,0,0,0,0,0,0,0,0,0,0,0
3,218.0,42.0,260.0,50,1,65.90423984787542,414.0,5,155,0.021792259867396507,0.2608912532343014,0,0,116.0473784042591,0.7419218773072439,0,9,86.66666666666667,0.02,4.189654742026425,0,1,0,0,0,0,0,1,0,0,1,0,0,0,1,0,0,0,0,0,0,1,0,0,0,0,0,0,0,0,0,0,0,0,0,0,0,0,0,1,0,0,0,0,0,0,0,0,0,0,0,0
3,93.0,37.0,130.0,26,2,73.44329977187294,464.0,8,63,0.20893657148982894,0.12464777458308453,1,0,127.74841093608066,0.7337874987213604,0,10,43.333333333333336,0.07692307692307693,2.833213344056216,0,0,0,0,1,0,0,0,0,0,1,0,1,0,0,0,0,0,0,0,0,1,0,0,0,0,0,0,0,0,0,0,0,0,0,0,0,0,0,0,0,0,0,0,0,0,0,0,0,0,0,1
11,53.0,339.0,392.0,145,0,66.94690928738869,207.0,15,111,0.19085788732703818,0.39799032223269737,0,0,93.52130393111332,0.6700689886264827,0,11,35.63636363636363,0.0,2.772588722239781,0,0,0,0,0,1,0,0,0,1,0,0,1,0,0,0,0,0,0,0,0,1,0,0,0,0,0,0,0,0,0,0,0,0,0,0,0,0,0,0,0,0,0,0,0,0,0,0,0,0,1,0
7,84.0,20.0,104.0,66,2,74.75112173441278,46.0,2,125,0.31951055362949254,0.3870370113124719,1,1,164.26031993458182,0.6317676510060904,1,12,14.857142857142858,0.030303030303030304,4.2626798770413155,0,0,0,0,0,0,1,0,1,0,0,0,1,0,0,0,0,0,0,0,0,1,0,0,1,0,0,0,0,0,0,0,0,0,0,0,0,0,0,0,0,0,0,0,0,0,0,0,0,0,0,0
2,40.0,354.0,394.0,23,1,62.528692449221225,204.0,2,188,0.33334877187638584,0.35319622941335416,0,0,142.87387570204297,0.8921988742905719,0,13,197.0,0.043478260869565216,3.6635616461296463,0,0,0,0,0,0,1,0,0,1,0,0,0,1,0,0,0,0,0,0,0,1,0,0,1,0,0,0,0,0,0,0,0,0,0,0,0,0,0,0,0,0,0,0,0,0,0,0,0,0,0,0
3,392.0,91.0,483.0,48,1,59.63139075937946,309.0,17,166,0.14802212308709575,0.18175514289068914,0,0,132.58653716642274,0.27375562253693736,0,14,161.0,0.020833333333333332,1.6094379124341003,0,0,0,0,1,0,0,0,0,1,0,0,0,1,0,0,0,0,0,0,0,1,0,0,0,0,0,0,0,0,0,0,0,0,0,0,0,0,0,0,0,0,0,0,0,0,0,0,1,0,0,0
3,63.0,98.0,161.0,49,0,74.15899438766813,182.0,26,164,0.07719742945055401,0.469778016230226,0,0,73.93380706752066,0.5544465124097177,0,15,53.666666666666664,0.0,2.1972245773362196,0,0,0,1,0,0,0,0,1,0,0,0,1,0,0,0,0,0,0,0,0,1,0,0,0,0,0,0,0,0,0,0,0,0,0,0,0,0,0,0,0,0,0,0,0,0,0,0,1,0,0,0
4,494.0,16.0,510.0,118,0,63.36410863958816,176.0,3,151,0.15408177736919645,0.2334461177959078,0,1,163.76120906473065,0.7869714661067692,0,16,127.5,0.0,4.653960350157523,0,1,0,0,0,0,1,0,1,0,0,0,1,0,0,0,0,0,0,0,0,1,0,0,0,0,0,0,0,0,0,0,0,0,0,0,0,0,0,0,0,0,0,0,0,0,0,0,0,1,0,0
1,95.0,93.0,188.0,27,1,75.00397950307624,102.0,9,74,0.1876013387426726,0.04801246698680492,0,0,150.27611891907807,0.7777447394477186,0,17,188.0,0.037037037037037035,3.6635616461296463,1,0,0,0,0,1,0,0,0,0,0,1,0,0,1,0,0,0,0,0,0,1,0,0,0,0,0,0,1,0,0,0,0,0,0,0,0,0,0,0,0,0,0,0,0,0,0,0,0,0,0,0
1,47.0,215.0,262.0,82,0,86.45417815923403,99.0,6,78,0.20628273759185167,0.34092319247474484,1,2,160.59733590156796,0.4985709178058053,0,18,262.0,0.0,2.6390573296152584,0,0,0,0,0,0,0,1,0,0,1,0,1,0,0,0,0,0,0,0,0,1,0,0,1,0,0,0,0,0,0,0,0,0,0,0,0,0,0,0,0,0,0,0,0,0,0,0,0,0,0,0
1,92.0,25.0,117.0,46,0,85.97164951475487,725.0,7,95,0.15581165296472674,0.31880668240480603,0,1,121.48117430760612,0.8230227577767644,0,19,117.0,0.0,3.1780538303479458,0,0,0,0,0,1,0,0,0,0,0,1,0,0,1,0,0,0,0,0,0,1,0,0,0,1,0,0,0,0,0,0,0,0,0,0,0,0,0,0,0,0,0,0,0,0,0,0,0,0,0,0
1,12.99,190.0,198.0,147,1,84.53817845898422,744.0,11,88,0.04635474805835606,0.067940294050049,1,0,117.00555344573459,0.6317676510060904,0,20,198.0,0.006802721088435374,3.332204510175204,0,0,0,0,0,1,0,0,0,1,0,0,1,0,0,0,0,0,0,0,0,1,0,0,0,0,0,0,0,0,0,0,0,0,0,0,1,0,0,0,0,0,0,0,0,0,0,0,0,0,0,0
1,129.0,121.0,250.0,125,0,78.63439817401843,199.0,3,191,0.10543396773993813,0.07149021740758785,0,0,112.71628473011477,0.5425618256801817,0,21,250.0,0.0,3.970291913552122,0,0,0,1,0,0,0,0,0,0,1,0,1,0,0,0,0,0,0,0,0,1,0,0,0,0,0,0,0,0,0,0,0,0,0,0,0,0,0,0,0,0,0,0,0,0,0,0,0,0,1,0
5,123.0,54.0,177.0,52,1,83.6880397024422,243.0,4,175,0.11975148880734722,0.10114355795188375,0,1,211.15991777243426,0.7073154736066314,0,22,35.4,0.019230769230769232,2.0794415416798357,0,0,0,0,0,1,0,0,0,0,1,0,1,0,0,0,0,0,0,0,0,1,0,0,0,0,0,0,0,0,0,0,0,0,0,0,0,0,0,0,0,0,1,0,0,0,0,0,0,0,0,0
2,367.0,281.0,648.0,36,0,91.47705759127385,100.0,7,179,0.09919702921315648,0.226458948265088,0,0,98.3021492831117,0.6413031749686607,0,23,324.0,0.0,2.5649493574615367,0,1,0,1,0,0,0,0,0,0,0,1,0,0,1,0,0,0,0,0,0,1,0,0,0,0,0,0,0,0,0,0,0,0,0,0,0,1,0,0,0,0,0,0,0,0,0,0,0,0,0,0
3,18.0,9.0,53.99,67,2,80.10027112794448,314.0,8,123,0.08385787094162435,0.16364896991727834,0,1,72.55020626306347,0.6635438731369567,0,0,17.996666666666666,0.029850746268656716,3.332204510175204,1,0,0,1,0,0,0,0,0,0,1,0,0,1,0,0,0,0,0,1,0,0,0,0,0,0,0,0,0,0,0,0,0,0,0,0,0,0,0,0,0,0,0,0,0,0,0,0,1,0,0,0
1,532.0,160.0,692.0,38,0,74.15899438766813,686.0,4,42,0.13997153479083901,0.13539308223680244,0,0,105.06975336352558,0.716807010042239,0,1,692.0,0.0,3.2188758248682006,0,0,0,0,0,0,1,0,1,0,0,0,1,0,0,0,0,0,0,1,0,0,0,1,0,0,0,0,0,0,0,0,0,0,0,0,0,0,0,0,0,0,0,0,0,0,0,0,0,0,0,0
2,366.0,652.0,1018.0,171,0,68.65760152619885,68.0,15,33,0.08566186730653905,0.2109137151001369,0,0,98.6749201809184,0.5836893288959321,0,2,509.0,0.0,3.828641396489095,0,0,0,0,0,0,1,0,0,0,1,0,0,0,1,0,0,0,0,1,0,0,0,0,0,0,0,0,0,0,0,0,0,0,0,0,0,0,0,0,0,0,0,0,0,0,0,0,1,0,0,0
5,588.0,535.0,1123.0,47,1,83.35644086066506,277.0,6,58,0.4632959773008472,0.0725529914326008,0,0,170.39387345890344,0.8302115657087787,0,3,224.6,0.02127659574468085,2.1972245773362196,0,0,0,0,1,0,0,0,0,1,0,0,0,0,1,0,0,0,0,1,0,0,0,0,0,0,0,0,0,0,0,0,0,0,0,0,0,0,0,0,0,0,0,0,0,0,0,0,0,0,0,1
5,140.0,168.0,308.0,32,0,67.47484879548715,292.0,6,131,0.25337908690884897,0.08151036464945594,0,0,65.76030405534425,0.557530806571343,0,4,61.6,0.0,3.6375861597263857,0,0,0,0,0,1,0,0,0,0,1,0,0,0,1,0,0,0,0,1,0,0,0,0,1,0,0,0,0,0,0,0,0,0,0,0,0,0,0,0,0,0,0,0,0,0,0,0,0,0,0,0
1,452.0,78.0,530.0,30,2,94.44127367350373,289.0,10,76,0.26701614498193266,0.038591506248951746,0,2,97.54836607869127,0.6193485009709675,0,5,530.0,0.06666666666666667,4.290459441148391,0,0,0,0,1,0,0,0,1,0,0,0,0,1,0,0,0,0,0,1,0,0,0,0,0,0,0,0,0,0,0,0,0,0,0,0,0,0,0,0,0,0,0,0,0,0,1,0,0,0,0,0
3,29.0,54.0,83.0,16,1,74.24184206200282,632.0,8,132,0.20347857995875354,0.2573584183425882,0,0,127.62092656955454,0.3340558763662423,0,6,27.666666666666668,0.0625,3.7612001156935624,0,0,0,0,0,1,0,0,0,0,0,1,0,0,1,0,0,0,0,1,0,0,1,0,0,0,0,0,0,0,0,0,0,0,0,0,0,0,0,0,0,0,0,0,0,0,0,0,0,0,0,0
19,325.0,78.0,403.0,69,0,76.02298525631323,833.0,16,176,0.5378081666347302,0.12533937372957843,0,0,170.73171418539198,0.7567641500584995,0,7,21.210526315789473,0.0,3.4339872044851463,0,0,0,0,1,0,0,0,0,0,1,0,0,0,1,0,0,0,0,1,0,0,0,0,0,0,0,1,0,0,0,0,0,0,0,0,0,0,0,0,0,0,0,0,0,0,0,0,0,0,0,0
3,63.0,199.0,262.0,23,0,88.49693038682082,170.0,4,70,0.1126588456999186,0.36870228347876227,0,0,148.52529226388577,0.31963203712109284,0,8,87.33333333333333,0.0,3.2188758248682006,0,0,0,0,0,0,1,0,0,0,1,0,0,0,1,0,0,0,0,1,0,0,0,0,0,0,0,0,0,0,0,0,0,0,0,0,1,0,0,0,0,0,0,0,0,0,0,0,0,0,0,0
1,24.0,45.0,69.0,107,2,72.80580123228849,320.0,3,185,0.2964393930675656,0.3636262078837234,0,0,184.76069402462198,0.6187017752281084,0,9,69.0,0.018691588785046728,2.5649493574615367,0,0,0,0,0,0,1,0,0,0,1,0,1,0,0,0,0,0,0,1,0,0,0,1,0,0,0,0,0,0,0,0,0,0,0,0,0,0,0,0,0,0,0,0,0,0,0,0,0,0,0,0
2,43.0,252.0,295.0,15,1,77.11532442873823,212.0,7,104,0.17370012329740803,0.2877914651109473,1,0,133.8317160315129,0.5082699075981496,0,10,147.5,0.06666666666666667,3.258096538021482,0,0,0,0,0,0,1,0,1,0,0,0,1,0,0,0,0,0,0,1,0,0,0,0,0,0,0,0,0,0,0,0,0,0,0,0,0,0,0,0,1,0,0,0,0,0,0,0,0,0,0,0
3,149.0,1148.0,1297.0,49,1,85.78948180798935,128.0,9,161,0.20579249341228886,0.27210176733257574,2,0,111.85522079687875,0.8389042406676929,0,11,432.3333333333333,0.02040816326530612,4.442651256490317,0,0,0,0,0,0,1,0,0,0,1,0,0,0,1,0,0,0,0,1,0,0,0,0,0,1,0,0,0,0,0,0,0,0,0,0,0,0,0,0,0,0,0,0,0,0,0,0,0,0,0,0
2,59.0,102.0,161.0,112,0,57.332752609995765,242.0,3,16,0.16665647493888913,0.10822106678981284,0,0,154.22226112688782,0.5080713700652469,0,12,80.5,0.0,3.2188758248682006,0,0,0,0,0,0,0,1,0,0,1,0,0,1,0,0,0,0,0,1,0,0,0,0,0,0,0,0,0,0,0,0,0,0,0,0,0,0,0,0,0,0,1,0,0,0,0,0,0,0,0,0
3,224.0,25.0,249.0,7,2,71.57642205134941,320.0,3,58,0.3279590612939196,0.26326953271825826,1,1,65.31356269914342,0.6749717219419337,0,13,83.0,0.2857142857142857,2.5649493574615367,0,0,0,0,0,0,1,0,0,0,1,0,1,0,0,0,0,0,0,1,0,0,0,0,0,0,0,0,0,0,0,0,0,0,0,0,0,0,0,0,0,0,0,0,0,0,0,0,0,0,1,0
1,20.0,25.0,53.99,224,0,84.94983954454943,233.0,10,186,0.2247240780737133,0.27336752858074925,1,0,51.60459903022837,0.6567640613122055,0,14,53.99,0.0,2.8903717578961645,0,0,0,1,0,0,0,0,0,0,1,0,1,0,0,0,0,0,0,1,0,0,0,0,0,0,0,0,0,0,1,0,0,0,0,0,0,0,0,0,0,0,0,0,0,0,0,0,0,0,0,0
1,14.0,258.0,272.0,31,1,75.78720178011113,108.0,5,177,0.31453850656823834,0.09213950519005626,0,0,159.0505437832532,0.711531026786755,0,15,272.0,0.03225806451612903,3.4965075614664802,0,1,0,0,0,0,1,0,0,0,0,1,0,1,0,0,0,0,0,1,0,0,0,0,0,0,0,0,0,0,0,0,0,0,0,0,0,1,0,0,0,0,0,0,0,0,0,0,0,0,0,0
2,671.0,102.0,773.0,50,0,92.60800574492976,144.0,3,116,0.01949086917377695,0.13233492666303723,1,0,128.42267303895537,0.4733783060077613,2,16,386.5,0.0,2.995732273553991,0,0,0,0,0,0,0,1,1,0,0,0,1,0,0,0,0,0,0,1,0,0,0,0,0,0,0,0,0,0,0,0,0,1,0,0,0,0,0,0,0,0,0,0,0,0,0,0,0,0,0,0
2,401.0,288.0,689.0,70,0,56.08891970175698,145.0,17,11,0.05175670152560603,0.5109060318515839,0,0,158.5601524577799,0.6600665466847392,0,17,344.5,0.0,3.7376696182833684,0,0,0,0,0,0,0,1,0,0,0,1,0,0,1,0,0,0,0,1,0,0,0,0,0,0,0,0,0,0,0,0,0,0,0,0,0,0,0,0,0,0,1,0,0,0,0,0,0,0,0,0
2,46.0,61.0,107.0,79,2,54.7199787846464,111.0,5,16,0.3247989748240884,0.286395661638537,0,0,85.90510247942112,0.49582191671305165,0,18,53.5,0.02531645569620253,3.332204510175204,0,0,0,0,0,0,0,1,1,0,0,0,1,0,0,0,0,0,0,1,0,0,0,0,1,0,0,0,0,0,0,0,0,0,0,0,0,0,0,0,0,0,0,0,0,0,0,0,0,0,0,0
2,147.0,274.0,421.0,55,3,74.15899438766813,249.0,20,87,0.1816525236937155,0.10583623995762084,0,0,171.3913521643108,0.402423234018483,0,19,210.5,0.05454545454545454,4.110873864173311,1,0,0,0,0,0,0,1,0,0,1,0,1,0,0,0,0,0,0,1,0,0,0,0,0,0,0,0,1,0,0,0,0,0,0,0,0,0,0,0,0,0,0,0,0,0,0,0,0,0,0,0
3,455.0,92.0,547.0,99,0,85.3896865791933,268.0,9,180,0.043557923278223734,0.14453426834102667,1,0,146.81435508851598,0.7171413430371684,0,20,182.33333333333334,0.0,4.584967478670572,0,0,0,0,1,0,0,0,0,0,1,0,1,0,0,0,0,0,0,1,0,0,0,0,0,0,0,0,0,0,0,0,1,0,0,0,0,0,0,0,0,0,0,0,0,0,0,0,0,0,0,0
6,235.0,49.0,284.0,67,2,72.680999918018,397.0,11,78,0.2890810314680508,0.06400026010500888,0,0,118.75518473937409,0.7470652513790139,0,21,47.333333333333336,0.029850746268656716,3.332204510175204,1,0,0,0,1,0,0,0,0,0,0,1,1,0,0,0,0,0,0,1,0,0,0,0,0,0,0,0,0,0,0,0,0,0,1,0,0,0,0,0,0,0,0,0,0,0,0,0,0,0,0,0
3,174.0,70.0,244.0,182,0,79.80473280054869,109.0,7,177,0.11840485955315826,0.04406022259424652,1,0,128.2939166716831,0.5993947455400912,0,22,81.33333333333333,0.0,2.4849066497880004,0,0,0,1,0,0,0,0,0,1,0,0,0,1,0,0,0,0,0,1,0,0,1,0,0,0,0,0,0,0,0,0,0,0,0,0,0,0,0,0,0,0,0,0,0,0,0,0,0,0,0,0
4,495.0,29.0,524.0,67,0,83.94248373157689,133.0,1,109,0.008911731878889809,0.1886209444801457,0,0,133.87711575746775,0.538767940645814,0,23,131.0,0.0,2.5649493574615367,0,0,0,0,1,0,0,0,1,0,0,0,0,1,0,0,0,0,0,1,0,0,0,0,0,0,0,0,0,0,0,0,0,0,0,0,0,0,0,0,0,1,0,0,0,0,0,0,0,0,0,0
2,66.0,980.0,1046.0,215,0,65.23364152977905,594.0,4,31,0.13575641188892343,0.05883071398710392,1,0,85.73071320680837,0.6145748944983771,0,0,523.0,0.0,3.258096538021482,0,0,0,0,0,0,0,1,0,0,0,1,0,1,0,1,0,0,0,0,0,0,0,0,0,0,0,0,0,0,0,0,1,0,0,0,0,0,0,0,0,0,0,0,0,0,0,0,0,0,0,0
5,153.0,98.0,251.0,91,0,66.5178194994084,178.0,8,114,0.09896305509472651,0.12736860197208486,0,1,104.5994179446073,0.5617717223984106,0,1,50.2,0.0,3.332204510175204,1,1,0,0,0,0,1,0,0,1,0,0,0,1,0,1,0,0,0,0,0,0,0,0,0,0,0,0,0,0,0,0,0,0,0,0,0,0,0,0,0,0,0,0,0,1,0,0,0,0,0,0
4,145.0,223.0,368.0,10,0,77.27671415038364,204.0,11,76,0.06820629053219406,0.13931079505596564,0,0,133.244893897807,0.7947842706640909,0,2,92.0,0.0,2.302585092994046,0,0,0,0,0,0,1,0,1,0,0,0,0,0,1,1,0,0,0,0,0,0,0,0,0,0,0,0,1,0,0,0,0,0,0,0,0,0,0,0,0,0,0,0,0,0,0,0,0,0,0,0
6,109.0,60.0,169.0,361,0,85.84906751872464,177.0,2,48,0.1865649838654086,0.14205105392696907,1,0,102.9946433567105,0.6048337819854704,0,3,28.166666666666668,0.0,2.9444389791664403,0,0,0,0,0,0,0,1,0,0,1,0,0,1,0,1,0,0,0,0,0,0,0,0,0,0,0,0,0,0,0,0,1,0,0,0,0,0,0,0,0,0,0,0,0,0,0,0,0,0,0,0
5,96.0,34.0,130.0,28,0,61.00851688370418,442.0,8,136,0.4409964935583778,0.051459578932781996,0,0,61.2232450191338,0.5169508517265937,0,4,26.0,0.0,2.8903717578961645,0,0,0,0,0,1,0,0,0,0,0,1,0,0,1,1,0,0,0,0,0,0,0,0,0,0,0,1,0,0,0,0,0,0,0,0,0,0,0,0,0,0,0,0,0,0,0,0,0,0,0,0
5,160.0,85.0,245.0,147,1,72.62462841677977,454.0,4,44,0.12284139995702255,0.14745965425135787,0,0,131.79555058155603,0.3336721991657306,1,5,49.0,0.006802721088435374,2.70805020110221,0,0,0,0,0,0,0,1,1,0,0,0,0,1,0,1,0,0,0,0,0,0,0,0,0,0,0,0,0,0,0,0,0,0,0,0,0,0,0,0,0,1,0,0,0,0,0,0,0,0,0,0
3,154.0,369.0,523.0,45,1,72.06916041954673,436.0,10,181,0.16580674446324084,0.36552491992024144,1,0,153.44136695709165,0.5842733390924679,0,6,174.33333333333334,0.022222222222222223,3.044522437723423,0,0,0,0,1,0,0,0,0,0,1,0,0,1,0,1,0,0,0,0,0,0,0,0,0,0,0,0,0,0,0,0,0,0,0,0,0,0,0,1,0,0,0,0,0,0,0,0,0,0,0,0
4,46.0,62.0,108.0,104,1,80.01550926051317,204.0,8,161,0.09351459248575837,0.26847479002429936,1,0,162.74138515695182,0.7158782112998674,0,7,27.0,0.009615384615384616,4.3694478524670215,0,0,0,0,0,0,1,0,1,0,0,0,1,0,0,1,0,0,0,0,0,0,0,0,0,0,0,0,0,0,0,0,0,0,0,0,0,0,0,0,0,0,1,0,0,0,0,0,0,0,0,0
7,358.0,42.0,400.0,25,0,74.89561955989399,108.0,15,157,0.3565797904908767,0.15642325049394953,0,0,141.2924225415404,0.5461837758743124,0,8,57.142857142857146,0.0,3.4965075614664802,0,0,0,0,0,0,0,1,0,0,1,0,1,0,0,1,0,0,0,0,0,0,0,0,0,0,0,0,0,1,0,0,0,0,0,0,0,0,0,0,0,0,0,0,0,0,0,0,0,0,0,0
1,50.0,130.0,180.0,73,1,68.44939699436569,770.0,19,19,0.21985486437553975,0.1724273433841105,0,0,152.73229003426525,0.4603023135598143,0,9,180.0,0.0136986301369863,3.332204510175204,0,0,0,0,0,0,1,0,0,0,1,0,0,0,1,1,0,0,0,0,0,0,0,0,0,0,0,0,0,0,0,0,0,0,0,0,0,0,1,0,0,0,0,0,0,0,0,0,0,0,0,0
2,116.0,190.0,306.0,36,0,89.98278936908886,364.0,12,192,0.042238284006235416,0.027695635752226805,0,0,159.50036279599726,0.7528633377543876,0,10,153.0,0.0,3.4657359027997265,1,0,0,0,0,0,0,1,0,1,0,0,0,0,1,1,0,0,0,0,0,0,0,0,1,0,0,0,0,0,0,0,0,0,0,0,0,0,0,0,0,0,0,0,0,0,0,0,0,0,0,0
3,107.0,669.0,776.0,158,1,68.52891022055016,145.0,16,101,0.2071898386602027,0.18315845084683943,0,0,123.1862326953972,0.5162270867092418,0,11,258.6666666666667,0.006329113924050633,3.044522437723423,0,0,0,0,0,0,0,1,0,0,1,0,0,1,0,1,0,0,0,0,0,0,0,0,0,0,0,1,0,0,0,0,0,0,0,0,0,0,0,0,0,0,0,0,0,0,0,0,0,0,0,0
4,220.0,162.0,382.0,63,0,71.49484364374256,542.0,7,147,0.04971000749675644,0.1489502631853436,0,0,35.24333270672456,0.925125606429296,0,12,95.5,0.0,3.332204510175204,0,0,0,0,1,0,0,0,0,1,0,0,0,0,1,1,0,0,0,0,0,0,0,0,0,0,0,0,0,0,0,0,0,0,0,0,0,1,0,0,0,0,0,0,0,0,0,0,0,0,0,0
1,14.0,223.0,237.0,94,0,55.902028368964515,137.0,65,42,0.048753571090773364,0.09802025427866566,1,0,166.3912486670019,0.756358333752186,0,13,237.0,0.0,3.5553480614894135,1,0,0,0,0,0,0,1,1,0,0,0,1,0,0,1,0,0,0,0,0,0,0,0,0,0,0,0,0,0,0,0,0,0,0,0,0,0,0,0,0,0,0,0,1,0,0,0,0,0,0,0
3,395.0,242.0,637.0,7,0,66.43648947784925,537.0,3,154,0.10862906767255281,0.15910613852130537,0,0,84.26726832629308,0.7607259512172022,0,14,212.33333333333334,0.0,3.713572066704308,0,0,0,0,0,0,1,0,0,1,0,0,0,0,1,1,0,0,0,0,0,0,0,0,0,0,0,0,0,0,0,0,0,0,0,0,1,0,0,0,0,0,0,0,0,0,0,0,0,0,0,0
3,70.0,30.0,100.0,41,1,81.1929129160686,563.0,6,67,0.20544125373573618,0.2980954725587399,0,0,74.76492471422392,0.6271685962363969,0,15,33.333333333333336,0.024390243902439025,5.170483995038151,0,0,0,1,0,0,0,0,0,0,0,1,1,0,0,1,0,0,0,0,0,0,1,0,0,0,0,0,0,0,0,0,0,0,0,0,0,0,0,0,0,0,0,0,0,0,0,0,0,0,0,0
1,567.0,38.0,605.0,62,2,78.84722347625832,105.0,16,142,0.330401879167553,0.22258581247061282,0,0,75.86370186735257,0.3635453473138659,0,16,605.0,0.03225806451612903,2.5649493574615367,0,1,0,0,0,0,1,0,1,0,0,0,0,0,1,1,0,0,0,0,0,0,0,0,0,0,0,0,0,0,0,1,0,0,0,0,0,0,0,0,0,0,0,0,0,0,0,0,0,0,0,0
2,87.0,33.0,120.0,53,1,82.19420388078915,301.0,15,59,0.14959294705564427,0.06296705675876504,1,0,219.38311728343868,0.8335034572842716,0,17,60.0,0.018867924528301886,4.07753744390572,0,0,0,0,1,0,0,0,0,0,1,0,0,0,1,1,0,0,0,0,0,0,0,0,0,0,0,0,1,0,0,0,0,0,0,0,0,0,0,0,0,0,0,0,0,0,0,0,0,0,0,0
2,140.0,25.0,165.0,96,2,81.61178743134805,346.0,12,186,0.3099824604718627,0.1766375645211794,0,0,137.62190745377256,0.5059059164179219,0,18,82.5,0.020833333333333332,3.4965075614664802,0,0,0,1,0,0,0,0,0,0,1,0,1,0,0,1,0,0,0,0,0,0,0,0,0,0,0,0,1,0,0,0,0,0,0,0,0,0,0,0,0,0,0,0,0,0,0,0,0,0,0,0
2,1218.0,263.0,1481.0,33,2,100.0,1056.3399999999997,14,143,0.32775296985398783,0.288712040264633,0,0,78.33534366909136,0.4181009104447151,1,19,740.5,0.06060606060606061,1.9459101490553132,0,0,0,0,0,0,0,1,0,0,1,0,1,0,0,1,0,0,0,0,0,0,0,0,0,0,0,0,1,0,0,0,0,0,0,0,0,0,0,0,0,0,0,0,0,0,0,0,0,0,0,0
10,109.0,151.0,260.0,46,0,66.02569407063709,119.0,2,93,0.15300267078754418,0.4524440868736269,0,0,92.66334270206377,0.677634101529725,0,20,26.0,0.0,4.007333185232471,0,1,0,0,0,1,0,0,0,0,0,1,0,1,0,1,0,0,0,0,0,0,0,0,0,0,0,0,1,0,0,0,0,0,0,0,0,0,0,0,0,0,0,0,0,0,0,0,0,0,0,0
1,579.0,119.0,698.0,115,1,55.56691507878254,546.0,27,93,0.15280087595737593,0.14812398021168127,0,0,119.97100096830671,0.7242274423099561,0,21,698.0,0.008695652173913044,4.442651256490317,0,0,0,1,0,0,0,0,0,0,1,0,0,0,1,1,0,0,0,0,0,0,0,0,0,0,1,0,0,0,0,0,0,0,0,0,0,0,0,0,0,0,0,0,0,0,0,0,0,0,0,0
1,154.0,6.0,160.0,7,0,62.393364047141716,202.0,7,5,0.03409489323350227,0.2516250515683365,0,0,141.6961511082536,0.34817676516642204,0,22,160.0,0.0,2.5649493574615367,0,0,0,1,0,0,0,0,0,0,1,0,1,0,0,1,0,0,0,0,0,0,0,0,0,0,0,1,0,0,0,0,0,0,0,0,0,0,0,0,0,0,0,0,0,0,0,0,0,0,0,0
1,234.0,1054.0,1288.0,71,0,66.5561779700209,84.0,21,63,0.1707118533948576,0.05526775447527996,0,0,131.17169351728597,0.8238575070580783,0,23,1288.0,0.0,3.295836866004329,0,0,0,0,0,0,0,1,0,0,1,0,0,1,0,1,0,0,0,0,0,0,0,0,0,0,0,0,0,0,0,1,0,0,0,0,0,0,0,0,0,0,0,0,0,0,0,0,0,0,0,0
2,160.0,41.0,201.0,34,0,63.30807676059707,184.0,2,158,0.25758000837878076,0.21940800419442055,0,0,82.855742358886,0.6804025030137952,0,0,100.5,0.0,1.791759469228055,0,0,1,0,0,1,0,0,0,1,0,0,1,0,0,0,0,1,0,0,0,0,0,0,0,0,0,0,0,0,0,0,0,0,0,0,0,1,0,0,0,0,0,0,0,0,0,0,0,0,0,0
2,377.0,1050.0,1427.0,21,2,76.12393017173825,200.0,10,167,0.3204748699661044,0.29442105155085513,0,0,132.68586174713042,0.6437158750415638,0,1,713.5,0.09523809523809523,2.1972245773362196,0,0,1,0,0,1,0,0,0,0,0,1,1,0,0,0,0,1,0,0,0,0,0,0,0,0,0,0,0,0,1,0,0,0,0,0,0,0,0,0,0,0,0,0,0,0,0,0,0,0,0,0
2,69.0,22.0,91.0,58,1,90.03185886668426,95.0,6,199,0.04546701621184294,0.297844313750411,0,0,95.55248761502818,0.5428621742445476,0,2,45.5,0.017241379310344827,4.248495242049359,0,0,1,0,1,0,0,0,0,0,1,0,0,1,0,0,0,1,0,0,0,0,0,0,0,0,0,0,0,0,0,0,0,0,1,0,0,0,0,0,0,0,0,0,0,0,0,0,0,0,0,0
8,50.0,44.0,94.0,119,0,93.47590887563898,249.0,13,21,0.4711659143069989,0.2811408837625035,0,0,161.87660082856667,0.5864643928005769,0,3,11.75,0.0,2.8903717578961645,0,0,1,1,0,0,0,0,1,0,0,0,0,1,0,0,0,1,0,0,0,0,0,0,0,0,0,0,0,0,0,0,0,0,0,0,0,0,0,0,1,0,0,0,0,0,0,0,0,0,0,0
6,73.0,9.0,82.0,102,0,74.15899438766813,391.0,11,53,0.08515739418610807,0.16865563579556772,0,0,122.25186409139071,0.44197688949833064,0,4,13.666666666666666,0.0,2.302585092994046,0,0,1,0,0,1,0,0,0,0,1,0,1,0,0,0,0,1,0,0,0,0,0,0,0,0,0,0,0,0,0,0,0,0,0,0,0,0,0,0,0,0,0,0,0,1,0,0,0,0,0,0
3,165.0,163.0,328.0,40,0,100.0,236.0,11,154,0.12350951314150255,0.16995746045559937,0,0,89.62663608711958,0.5297632573467662,0,5,109.33333333333333,0.0,3.5263605246161616,0,0,1,0,1,0,0,0,1,0,0,0,1,0,0,0,0,1,0,0,0,0,0,0,0,0,0,0,0,0,0,0,0,0,0,0,0,0,0,0,0,0,0,0,0,0,1,0,0,0,0,0
2,116.0,32.0,148.0,90,1,74.15899438766813,137.0,4,75,0.16875060589198826,0.19212909234488243,0,0,147.55816505028008,0.6145528828906816,0,6,74.0,0.011111111111111112,2.833213344056216,0,0,1,0,0,1,0,0,1,0,0,0,1,0,0,0,0,1,0,0,0,0,0,0,0,0,0,0,0,0,0,0,0,0,0,0,1,0,0,0,0,0,0,0,0,0,0,0,0,0,0,0
7,324.0,33.0,357.0,89,2,55.40977149597089,180.0,8,53,0.08766278426368698,0.31927378100313125,0,0,135.32979879140095,0.41304737466045655,0,7,51.0,0.02247191011235955,3.332204510175204,0,0,1,1,0,0,0,0,0,0,1,0,0,0,1,0,0,1,0,0,0,0,0,0,0,0,0,0,0,0,0,0,0,0,0,0,0,0,0,0,0,0,0,0,0,0,0,0,0,1,0,0
3,623.0,24.0,647.0,41,0,87.63813681465803,199.0,7,59,0.113147557010177,0.23973718316238404,0,0,101.0053720198996,0.4661183257387092,0,8,215.66666666666666,0.0,3.970291913552122,1,0,1,0,0,1,0,0,0,0,1,0,0,1,0,0,0,1,0,0,0,0,0,0,0,0,0,0,0,0,0,0,0,0,0,0,0,0,0,0,0,0,0,0,0,0,0,0,1,0,0,0
1,50.0,258.0,308.0,25,0,52.93686729901125,233.0,12,184,0.18626271059688887,0.47836776644087975,1,0,149.20368216887354,0.5723192840946884,0,9,308.0,0.0,2.302585092994046,0,0,1,1,0,0,0,0,1,0,0,0,1,0,0,0,0,1,0,0,0,0,0,0,0,0,0,0,0,0,0,0,0,0,0,0,0,0,1,0,0,0,0,0,0,0,0,0,0,0,0,0
1,66.0,240.0,306.0,26,0,65.93996372760235,435.0,18,172,0.16667070000266465,0.3517442702776072,0,1,145.1646844125588,0.5633851727014482,0,10,306.0,0.0,2.5649493574615367,1,0,1,0,0,0,0,1,1,0,0,0,0,1,0,0,0,1,0,0,0,0,0,0,0,0,0,0,0,0,0,0,0,0,0,0,0,0,0,0,0,0,0,0,1,0,0,0,0,0,0,0
2,30.0,806.0,836.0,87,0,81.24134678907356,242.0,10,6,0.14811738550307632,0.2591396507453735,0,0,168.0728879363803,0.8325100463063219,0,11,418.0,0.0,3.4657359027997265,0,0,1,0,0,0,1,0,0,0,0,1,0,1,0,0,0,1,0,0,0,0,0,0,0,0,0,0,0,0,0,0,0,0,0,0,0,0,0,0,1,0,0,0,0,0,0,0,0,0,0,0
6,1384.0,51.0,1435.0,43,0,73.77142223941463,75.0,3,168,0.2448096763763901,0.3433091297771808,1,0,148.4055412862471,0.6169801393057531,0,12,239.16666666666666,0.0,4.174387269895637,0,1,1,0,1,0,0,0,0,0,1,0,1,0,0,0,0,1,0,0,0,0,0,0,0,0,0,0,0,0,0,0,0,0,0,0,0,0,1,0,0,0,0,0,0,0,0,0,0,0,0,0
20,207.0,139.0,346.0,19,0,72.70856684554192,135.0,9,113,0.10562181876931323,0.07094904076921987,0,0,111.44212478391069,0.4108655315636123,0,13,17.3,0.0,4.418840607796598,0,1,1,0,0,0,0,1,0,0,0,1,0,0,1,0,0,1,0,0,0,0,0,0,0,0,0,0,0,0,0,0,0,0,0,0,0,0,0,0,0,0,0,0,0,1,0,0,0,0,0,0
3,251.0,26.0,277.0,11,0,60.830519606159925,225.0,56,169,0.18759247113405153,0.32376327513390407,2,2,52.37880629078127,0.8676474967902285,0,14,92.33333333333333,0.0,2.70805020110221,0,0,1,0,0,0,0,1,0,0,1,0,1,0,0,0,0,1,0,0,0,0,0,0,0,0,0,0,0,0,0,0,0,0,0,1,0,0,0,0,0,0,0,0,0,0,0,0,0,0,0,0
1,33.0,76.0,109.0,86,0,74.87037132679995,440.0,28,126,0.2146255775260819,0.192592280859962,1,0,127.46586379386821,0.7724483193566091,0,15,109.0,0.0,4.1588830833596715,0,0,1,0,0,0,1,0,0,0,1,0,1,0,0,0,0,1,0,0,0,0,0,0,0,0,0,0,0,0,0,0,0,0,0,0,0,0,0,0,0,1,0,0,0,0,0,0,0,0,0,0
1,148.0,62.0,210.0,28,2,87.0439498648535,496.0,1,139,0.23960608410398182,0.388735646179861,0,0,133.67216900398702,0.6236025674425181,0,16,210.0,0.07142857142857142,2.6390573296152584,0,0,1,0,0,1,0,0,1,0,0,0,1,0,0,0,0,1,0,0,0,0,0,0,0,0,0,0,0,0,0,0,0,0,0,0,0,0,0,0,0,0,0,0,0,0,1,0,0,0,0,0
5,259.0,183.0,442.0,58,0,75.23961499843223,693.0,9,117,0.06449271038574611,0.15875396204738512,0,0,122.0478776741889,0.5155685149783477,1,17,88.4,0.0,4.948759890378168,0,0,1,0,0,0,1,0,1,0,0,0,1,0,0,0,0,1,0,0,0,0,0,0,0,0,0,0,0,0,0,0,0,0,0,0,0,0,0,0,0,1,0,0,0,0,0,0,0,0,0,0
1,112.0,336.0,448.0,120,0,65.03728944430728,219.0,17,148,0.1319640568102779,0.15061884249868318,1,0,31.42118862216706,0.6317676510060904,0,18,448.0,0.0,2.302585092994046,0,0,1,0,0,0,0,1,0,1,0,0,0,0,1,0,0,1,0,0,0,0,0,0,0,0,0,0,0,0,0,0,0,0,0,0,0,0,0,0,0,0,0,0,0,0,0,1,0,0,0,0
5,484.0,327.0,811.0,15,1,60.02953847283203,341.0,7,163,0.4034350708417251,0.4091630772499037,0,1,147.153198334162,0.5989279288993388,1,19,162.2,0.06666666666666667,4.499809670330265,0,0,1,0,0,0,0,1,1,0,0,0,1,0,0,0,0,1,0,0,0,0,0,1,0,0,0,0,0,0,0,0,0,0,0,0,0,0,0,0,0,0,0,0,0,0,0,0,0,0,0,0
6,1887.0,43.0,1930.0,43,2,65.28486500453306,72.0,6,104,0.1469452251509038,0.06842352472045753,0,1,83.5179896788451,0.5779997232521639,0,20,321.6666666666667,0.046511627906976744,2.772588722239781,0,1,1,0,0,0,0,1,0,0,1,0,1,0,0,0,0,1,0,0,0,0,0,0,0,0,0,0,0,0,0,0,0,0,0,0,0,0,0,0,0,0,0,0,0,0,1,0,0,0,0,0
4,52.0,329.0,381.0,38,0,79.7080050289723,270.0,7,26,0.28170752182389064,0.15748947870494798,0,0,147.42891246177007,0.48301751887267114,0,21,95.25,0.0,5.111987788356544,0,0,1,0,0,1,0,0,0,0,0,1,0,1,0,0,0,1,0,0,0,0,0,0,0,0,1,0,0,0,0,0,0,0,0,0,0,0,0,0,0,0,0,0,0,0,0,0,0,0,0,0
2,48.0,104.0,152.0,60,0,79.12322714831652,94.0,13,23,0.19528066353555146,0.3325073462618273,0,1,188.0273890063686,0.8265132383368531,0,22,76.0,0.0,3.8501476017100584,0,0,1,1,0,0,0,0,0,0,1,0,0,0,1,0,0,1,0,0,0,0,0,0,0,0,0,0,0,0,0,0,0,0,0,0,0,1,0,0,0,0,0,0,0,0,0,0,0,0,0,0
5,56.0,76.0,132.0,120,1,65.39391479285197,191.0,4,86,0.09180024783508355,0.1796385811432405,1,0,109.88809676170993,0.3190444876978249,0,23,26.4,0.008333333333333333,2.3978952727983707,0,1,1,0,1,0,0,0,0,0,1,0,0,0,1,0,0,1,0,0,0,0,0,0,0,0,0,0,0,0,0,0,0,0,0,0,0,0,0,0,0,0,0,0,0,0,0,0,0,0,0,1
3,868.0,50.0,918.0,15,0,48.4708869362153,1056.3399999999997,20,97,0.08036197702024195,0.19775054372608555,0,0,137.5393612992846,0.3263132274242783,0,0,306.0,0.0,2.833213344056216,0,0,1,1,0,0,0,0,0,0,0,1,1,0,0,0,0,0,1,0,0,0,0,0,0,0,0,0,0,0,0,0,0,0,0,0,0,0,0,1,0,0,0,0,0,0,0,0,0,0,0,0
1,467.0,59.0,526.0,70,1,80.04015316406598,247.0,8,173,0.029160859212303752,0.4445542206106016,0,0,121.31111145180029,0.5070942619490789,0,1,526.0,0.014285714285714285,4.007333185232471,1,0,1,0,1,0,0,0,0,0,0,1,0,0,1,0,0,0,1,0,0,0,0,0,0,0,0,0,0,0,0,0,1,0,0,0,0,0,0,0,0,0,0,0,0,0,0,0,0,0,0,0
14,127.0,747.0,874.0,102,0,64.22751121229699,109.0,4,11,0.2950166740226476,0.24677389174062395,0,0,141.0233431941361,0.5844872707334219,0,2,62.42857142857143,0.0,4.248495242049359,0,0,1,0,1,0,0,0,0,1,0,0,0,1,0,0,0,0,1,0,0,0,0,0,0,0,0,0,0,0,0,0,1,0,0,0,0,0,0,0,0,0,0,0,0,0,0,0,0,0,0,0
2,154.0,154.0,308.0,38,0,83.26874974818341,266.0,19,178,0.36585372818596273,0.20845218809014482,0,0,124.13780418619903,0.6317676510060904,0,3,154.0,0.0,3.258096538021482,0,0,1,0,1,0,0,0,0,0,1,0,0,1,0,0,0,0,1,0,0,0,0,0,0,0,0,0,0,0,0,0,0,0,0,0,0,0,0,0,0,0,0,1,0,0,0,0,0,0,0,0
6,60.0,133.0,193.0,40,0,65.92668429446701,139.0,3,15,0.03513269390712523,0.15564614387064696,0,1,99.32078755327434,0.6317676510060904,0,4,32.166666666666664,0.0,3.367295829986474,0,0,1,0,0,0,1,0,0,0,0,1,1,0,0,0,0,0,1,0,0,0,0,0,0,0,1,0,0,0,0,0,0,0,0,0,0,0,0,0,0,0,0,0,0,0,0,0,0,0,0,0
1,395.0,82.0,477.0,62,1,63.14519455596229,102.0,6,102,0.18966949083206014,0.013022497836804632,0,1,83.80231128731617,0.4773864704278367,0,5,477.0,0.016129032258064516,3.9889840465642745,0,0,1,0,0,0,1,0,0,1,0,0,0,0,1,0,0,0,1,0,0,0,0,0,1,0,0,0,0,0,0,0,0,0,0,0,0,0,0,0,0,0,0,0,0,0,0,0,0,0,0,0
9,97.0,1292.3199999999988,1717.0,58,0,76.83806288711502,873.0,6,87,0.2837793434926286,0.015699143201758595,0,0,183.61862880630898,0.534265035287293,0,6,190.77777777777777,0.0,3.4339872044851463,0,1,1,0,0,0,1,0,0,1,0,0,0,1,0,0,0,0,1,0,0,0,0,0,0,0,0,0,0,0,0,0,0,0,0,0,0,0,0,0,0,0,0,0,0,1,0,0,0,0,0,0
10,111.0,461.0,572.0,71,0,100.0,422.0,40,113,0.08371592070312073,0.2847493415319311,0,0,137.54211938892448,0.6086713418637332,0,7,57.2,0.0,2.1972245773362196,1,0,1,0,0,0,0,1,0,1,0,0,1,0,0,0,0,0,1,0,0,0,0,0,0,0,0,0,0,0,1,0,0,0,0,0,0,0,0,0,0,0,0,0,0,0,0,0,0,0,0,0
3,289.0,49.0,338.0,70,0,83.98835989339888,255.0,5,13,0.13213713374425534,0.09464598854817588,1,0,153.22059674441172,0.4108947205891134,0,8,112.66666666666667,0.0,2.6390573296152584,0,0,1,0,0,0,1,0,0,0,0,1,0,0,1,0,0,0,1,0,0,0,0,0,0,0,0,0,0,0,0,0,1,0,0,0,0,0,0,0,0,0,0,0,0,0,0,0,0,0,0,0
5,120.0,81.0,201.0,20,1,74.15899438766813,152.0,1,153,0.3686196747377959,0.03851880039920586,0,0,135.96251611289335,0.736614346504426,0,9,40.2,0.05,3.5263605246161616,0,1,1,0,1,0,0,0,0,0,1,0,0,0,1,0,0,0,1,0,0,0,0,0,0,0,0,0,0,0,0,0,0,0,0,0,0,0,0,0,0,0,0,0,0,0,0,0,0,0,0,1
5,114.0,86.0,200.0,98,0,79.30621843657161,161.0,6,31,0.07786727151167581,0.15665687000811354,0,0,159.03072456197896,0.7706297884235194,1,10,40.0,0.0,4.394449154672439,0,1,1,0,0,1,0,0,0,0,0,1,0,0,1,0,0,0,1,0,0,0,0,0,0,0,0,0,0,0,0,0,0,0,0,0,0,0,0,0,0,0,0,0,0,0,0,0,0,1,0,0
1,150.0,129.0,279.0,113,1,53.98660966217283,589.0,12,157,0.0844677316104438,0.2695304378360905,0,0,84.16130870956873,0.6094938813164748,0,11,279.0,0.008849557522123894,4.762173934797756,0,0,1,0,0,0,0,1,0,0,0,1,0,1,0,0,0,0,1,0,0,0,0,0,0,0,0,0,0,0,0,0,0,0,0,0,0,0,0,0,0,0,0,0,0,0,0,0,1,0,0,0
5,355.0,50.0,405.0,51,1,61.53191555096932,248.0,15,115,0.03328366920095924,0.16073410265701,0,2,123.32725777878554,0.6616383749773538,0,12,81.0,0.0196078431372549,4.007333185232471,0,0,1,0,0,1,0,0,0,1,0,0,0,1,0,0,0,0,1,0,0,0,0,0,0,0,0,0,0,0,0,0,0,0,0,0,0,0,0,0,0,0,0,0,0,0,0,0,0,1,0,0
1,907.0,178.0,1085.0,13,0,44.86885361943433,40.0,44,178,0.15156843627613945,0.14220318892704228,0,0,140.21944458501355,0.3325273329970434,0,13,1085.0,0.0,3.58351893845611,0,0,1,0,1,0,0,0,0,0,0,1,1,0,0,0,0,0,1,0,0,0,0,0,0,0,0,0,0,0,0,0,0,0,0,0,0,0,0,0,0,0,0,0,0,0,0,0,1,0,0,0
2,282.0,543.0,825.0,40,2,95.75848673491947,1056.3399999999997,24,195,0.08048419108440956,0.513121946437386,0,0,171.7067838314906,0.4155176282593744,0,14,412.5,0.05,3.9889840465642745,0,0,1,0,0,0,0,1,0,1,0,0,1,0,0,0,0,0,1,0,0,0,0,0,0,0,0,0,0,0,0,0,0,0,0,0,0,1,0,0,0,0,0,0,0,0,0,0,0,0,0,0
8,359.0,25.0,384.0,52,1,93.32863234986898,227.0,10,169,0.13747475400549125,0.08933971650857976,1,1,219.40426096747103,0.6265635056197818,0,15,48.0,0.019230769230769232,2.70805020110221,0,0,1,0,0,0,1,0,0,0,1,0,1,0,0,0,0,0,1,0,0,0,0,0,0,0,0,0,0,0,0,0,0,1,0,0,0,0,0,0,0,0,0,0,0,0,0,0,0,0,0,0
7,119.0,31.0,150.0,17,0,79.71382231457892,254.0,4,93,0.1942827655455372,0.047163037433229776,0,2,136.3007448816967,0.6317676510060904,0,16,21.428571428571427,0.0,3.1780538303479458,0,1,1,0,0,0,0,1,0,0,0,1,1,0,0,0,0,0,1,0,0,0,0,0,0,0,0,0,0,0,0,0,1,0,0,0,0,0,0,0,0,0,0,0,0,0,0,0,0,0,0,0
1,68.0,64.0,132.0,33,0,76.62138123701045,428.0,28,85,0.4093963970419232,0.2489532014556838,0,1,93.55597039390994,0.8274104910859854,0,17,132.0,0.0,2.5649493574615367,0,0,1,0,0,0,0,1,0,0,0,1,0,0,1,0,0,0,1,0,0,0,0,0,0,0,0,0,0,0,0,0,0,0,0,0,0,0,0,0,0,0,0,1,0,0,0,0,0,0,0,0
1,304.0,68.0,372.0,14,0,56.38091997002904,277.0,6,134,0.22306039898517993,0.05751659693743367,0,0,72.1742765319546,0.8237579032210527,0,18,372.0,0.0,2.1972245773362196,0,0,1,0,1,0,0,0,0,0,1,0,0,0,1,0,0,0,1,0,0,0,0,0,0,0,0,0,0,0,0,0,0,0,0,0,0,1,0,0,0,0,0,0,0,0,0,0,0,0,0,0
1,179.0,990.0,1169.0,72,0,72.36840047699171,337.0,5,131,0.17560498646222206,0.03435202651800838,0,0,83.80741065522528,0.3280388068505854,0,19,1169.0,0.0,3.6109179126442243,0,0,1,1,0,0,0,0,0,0,1,0,1,0,0,0,0,0,1,0,0,0,0,0,0,0,1,0,0,0,0,0,0,0,0,0,0,0,0,0,0,0,0,0,0,0,0,0,0,0,0,0
5,31.0,330.0,361.0,51,0,96.50870254084671,148.0,6,159,0.18603359976134753,0.2727699235909085,0,0,89.0352222264265,0.6008993736145741,0,20,72.2,0.0,3.4965075614664802,0,0,1,1,0,0,0,0,0,0,0,1,0,1,0,0,0,0,1,0,0,0,0,0,0,0,0,0,0,0,0,0,0,1,0,0,0,0,0,0,0,0,0,0,0,0,0,0,0,0,0,0
1,103.0,310.0,413.0,11,2,76.57699197834857,84.0,3,99,0.3521280915811349,0.15909002417777315,2,0,31.42118862216706,0.6317676510060904,0,21,413.0,0.18181818181818182,3.9318256327243257,0,0,1,1,0,0,0,0,0,0,1,0,1,0,0,0,0,0,1,0,0,0,0,0,0,0,0,0,0,0,0,0,0,0,0,0,0,0,0,0,1,0,0,0,0,0,0,0,0,0,0,0
4,135.0,82.0,217.0,59,1,68.22424240545725,243.0,6,95,0.3396702596985282,0.3151928022453364,0,0,92.9737995176068,0.20660137704275952,0,22,54.25,0.01694915254237288,3.8066624897703196,0,0,1,0,0,0,1,0,0,0,1,0,0,1,0,0,0,0,1,0,0,0,1,0,0,0,0,0,0,0,0,0,0,0,0,0,0,0,0,0,0,0,0,0,0,0,0,0,0,0,0,0
6,84.0,80.0,164.0,42,0,53.90315207995664,545.0,7,28,0.3864837937755637,0.14073178073979206,0,0,148.66962805352566,0.6893432940976312,0,23,27.333333333333332,0.0,3.5263605246161616,0,0,1,0,0,0,1,0,0,1,0,0,0,1,0,0,0,0,1,0,0,0,0,0,0,0,0,0,0,0,0,0,0,0,0,1,0,0,0,0,0,0,0,0,0,0,0,0,0,0,0,0
3,757.0,22.0,779.0,67,0,91.56366873276966,127.0,15,37,0.11774789329226842,0.05315843942454603,0,0,123.01598956752522,0.5622914548752906,0,0,259.6666666666667,0.0,3.8066624897703196,0,0,0,0,0,0,1,0,1,0,0,0,0,0,1,0,1,0,0,0,0,0,0,0,0,0,0,0,0,0,0,0,0,0,0,1,0,0,0,0,0,0,0,0,0,0,0,0,0,0,0,0
7,251.0,259.0,510.0,32,0,74.15899438766813,120.0,6,165,0.14533799628816907,0.08142291757423718,0,0,109.6550159878444,0.8039528216302368,0,1,72.85714285714286,0.0,3.295836866004329,0,0,0,1,0,0,0,0,0,0,1,0,1,0,0,0,1,0,0,0,0,0,0,0,0,0,0,0,0,0,0,0,0,0,0,0,0,0,0,0,0,0,0,0,0,0,0,0,1,0,0,0
2,672.0,188.0,860.0,23,0,53.91919375964605,470.0,3,197,0.10727990227244835,0.35261169329592434,0,0,55.121893970450884,0.9498495637910617,0,2,430.0,0.0,3.6888794541139363,0,0,0,0,0,1,0,0,0,0,1,0,0,0,1,0,1,0,0,0,0,0,0,0,0,0,0,0,0,0,0,0,0,0,0,0,0,1,0,0,0,0,0,0,0,0,0,0,0,0,0,0
2,198.0,452.0,650.0,24,0,63.9088118151415,145.0,2,122,0.1273441997767773,0.19982174596890473,0,0,162.01639918341192,0.7225415115097307,0,3,325.0,0.0,2.70805020110221,0,1,0,0,1,0,0,0,0,0,0,1,1,0,0,0,1,0,0,0,0,0,0,0,0,0,0,0,0,0,0,0,0,0,0,0,0,0,0,0,0,0,0,0,0,0,0,0,1,0,0,0
1,162.0,87.0,249.0,29,2,59.66954379170244,150.0,10,72,0.12582465014455108,0.24343938608744883,0,0,140.47253163681583,0.6345626648995187,0,4,249.0,0.06896551724137931,3.6375861597263857,0,0,0,1,0,0,0,0,0,0,0,1,1,0,0,0,1,0,0,0,0,0,0,0,0,0,0,0,0,0,0,0,0,0,0,0,0,0,0,0,0,0,0,0,0,0,0,0,0,1,0,0
7,52.0,94.0,146.0,45,1,73.41907769145634,154.0,9,16,0.29075174224216727,0.16620831401637898,1,0,119.48273421586181,0.41466716689484023,0,5,20.857142857142858,0.022222222222222223,3.912023005428146,0,0,0,0,1,0,0,0,0,0,1,0,1,0,0,0,1,0,0,0,0,0,0,0,0,0,0,0,0,0,0,0,0,0,0,0,0,0,0,1,0,0,0,0,0,0,0,0,0,0,0,0
1,150.0,132.0,282.0,50,0,77.48806763535383,191.0,6,13,0.03294851588842287,0.08834443950448219,1,1,31.899231504781724,0.8625157734044522,0,6,282.0,0.0,2.70805020110221,0,1,0,1,0,0,0,0,1,0,0,0,1,0,0,0,1,0,0,0,0,0,0,0,0,0,0,0,0,0,0,0,0,0,0,0,0,0,0,0,0,0,0,0,0,1,0,0,0,0,0,0
4,150.0,293.0,443.0,38,1,68.96139522865771,66.0,6,136,0.18445227948707069,0.18631049942039132,0,0,100.36909985528044,0.5037098086700185,1,7,110.75,0.02631578947368421,3.367295829986474,0,0,0,0,0,1,0,0,1,0,0,0,0,1,0,0,1,0,0,0,0,0,0,0,0,0,0,0,0,0,0,0,0,0,0,0,0,0,0,0,0,0,0,0,0,0,0,0,0,0,1,0
3,32.0,21.0,53.99,31,0,84.32455915784259,137.0,11,130,0.17660131148418515,0.49019455497808334,0,0,137.34873540097374,0.40201927562452167,0,8,17.996666666666666,0.0,2.772588722239781,0,0,0,1,0,0,0,0,0,1,0,0,1,0,0,0,1,0,0,0,0,0,0,0,0,0,0,0,0,0,0,0,0,0,0,0,0,0,0,0,0,0,1,0,0,0,0,0,0,0,0,0
1,81.0,247.0,328.0,33,1,75.9456268856693,235.0,23,60,0.3044350491086806,0.11274062865424092,0,1,118.8573049079678,0.8604872264474309,0,9,328.0,0.030303030303030304,2.833213344056216,0,0,0,0,0,1,0,0,1,0,0,0,0,0,1,0,1,0,0,0,0,0,0,0,0,0,0,0,0,0,0,0,0,0,0,0,0,0,0,0,0,0,1,0,0,0,0,0,0,0,0,0
2,103.0,107.0,210.0,332,0,87.74774862326555,234.0,5,41,0.12234287938171576,0.43392605856014754,0,0,127.67752272681363,0.8138654937361588,0,10,105.0,0.0,2.302585092994046,0,0,0,0,0,0,0,1,0,0,0,1,0,1,0,0,1,0,0,0,0,0,0,0,0,0,0,0,0,0,0,0,0,0,0,0,0,0,1,0,0,0,0,0,0,0,0,0,0,0,0,0
10,233.0,34.0,267.0,24,0,70.71367106303137,450.0,9,18,0.274119301922661,0.2848255668221838,0,0,147.41784646272816,0.6317676510060904,0,11,26.7,0.0,4.442651256490317,0,0,0,0,0,0,1,0,0,1,0,0,1,0,0,0,1,0,0,0,0,0,0,0,0,0,0,0,0,0,0,0,0,0,0,0,0,0,0,0,0,0,0,0,0,0,0,1,0,0,0,0
3,246.0,11.0,257.0,28,1,74.15899438766813,726.0,17,138,0.14642244244646124,0.43152226921416365,0,0,126.1895590141957,0.6982733951091846,0,12,85.66666666666667,0.03571428571428571,4.2626798770413155,0,0,0,0,0,0,0,1,0,1,0,0,0,1,0,0,1,0,0,0,0,0,0,0,0,0,0,0,0,0,0,0,0,0,0,0,0,0,0,0,0,0,0,0,0,0,0,0,0,0,0,1
1,78.0,94.0,172.0,623,0,68.22613531831252,577.0,5,123,0.12671248092400442,0.447203651820618,0,0,145.98700131968255,0.7138905278248862,0,13,172.0,0.0,3.784189633918261,0,0,0,1,0,0,0,0,0,0,1,0,0,0,1,0,1,0,0,0,0,0,0,0,0,0,0,0,0,0,0,0,0,0,0,1,0,0,0,0,0,0,0,0,0,0,0,0,0,0,0,0
4,248.0,540.0,788.0,62,0,64.16004009892954,380.0,8,69,0.12738712363045854,0.10274962220480975,0,0,86.2580363885867,0.4868231298233624,0,14,197.0,0.0,5.075173815233827,0,0,0,0,0,0,1,0,0,0,0,1,0,0,1,0,1,0,0,0,0,0,0,0,0,0,0,0,0,0,0,0,0,0,0,0,0,0,0,0,0,0,0,0,0,1,0,0,0,0,0,0
2,121.0,693.0,814.0,14,0,62.68439339885091,180.0,8,147,0.07661504550164028,0.05385925065854003,0,0,71.089129743879,0.594589344928161,0,15,407.0,0.0,3.1354942159291497,0,0,0,0,0,1,0,0,0,0,0,1,0,1,0,0,1,0,0,0,0,0,0,0,0,0,0,0,0,0,0,0,0,0,0,0,0,0,0,1,0,0,0,0,0,0,0,0,0,0,0,0
52,12.99,162.0,168.0,87,1,72.46871128134833,129.0,3,169,0.06076999885751253,0.3192088345242851,0,0,139.09442729093178,0.4365730880158517,0,16,3.230769230769231,0.011494252873563218,6.030685260261263,0,0,0,1,0,0,0,0,1,0,0,0,0,0,1,0,1,0,0,0,0,0,0,0,0,0,1,0,0,0,0,0,0,0,0,0,0,0,0,0,0,0,0,0,0,0,0,0,0,0,0,0
4,87.0,951.0,1038.0,21,1,54.36556690961059,202.0,10,105,0.2961243013059369,0.2718088164039625,0,0,147.29633846152657,0.9141189524591417,0,17,259.5,0.047619047619047616,3.1354942159291497,0,1,0,0,0,0,1,0,0,1,0,0,0,1,0,0,1,0,0,0,0,0,0,0,0,0,0,0,0,0,0,0,0,0,0,0,0,0,0,0,0,0,0,0,0,0,0,0,0,0,1,0
2,486.0,104.0,590.0,92,0,78.53475412593373,301.0,9,56,0.08872438226207659,0.07289707763304024,1,0,140.75895183310428,0.7441425348324026,0,18,295.0,0.0,3.5553480614894135,0,0,0,1,0,0,0,0,0,1,0,0,1,0,0,0,1,0,0,0,0,0,0,0,0,0,0,0,0,0,0,0,0,0,0,0,0,0,0,0,0,0,0,1,0,0,0,0,0,0,0,0
10,23.0,313.0,336.0,37,0,52.136354765222315,356.0,13,6,0.05215391980024814,0.3314949248499115,0,0,125.26344714886639,0.5040284062411585,0,19,33.6,0.0,2.9444389791664403,0,0,0,0,0,0,1,0,0,0,1,0,1,0,0,0,1,0,0,0,0,0,0,0,0,0,0,0,0,0,0,0,0,0,0,0,0,0,0,0,0,0,0,0,0,0,0,0,0,0,0,1
1,167.0,66.0,233.0,31,1,76.94005108868677,309.0,3,160,0.21537260275110848,0.2642161194822797,0,0,107.03836247866806,0.7668827745586096,0,20,233.0,0.03225806451612903,3.6375861597263857,0,0,0,0,0,0,1,0,0,0,1,0,1,0,0,0,1,0,0,0,0,0,0,0,1,0,0,0,0,0,0,0,0,0,0,0,0,0,0,0,0,0,0,0,0,0,0,0,0,0,0,0
3,848.0,62.0,910.0,161,0,58.78497907084376,184.0,9,117,0.2483285748794398,0.17466278075593547,0,0,128.43944028874358,0.8109987260396573,0,21,303.3333333333333,0.0,4.060443010546419,0,1,0,0,0,0,0,1,0,0,0,1,0,0,1,0,1,0,0,0,0,0,0,0,0,0,0,0,0,0,0,0,0,0,0,0,0,0,0,0,0,0,0,1,0,0,0,0,0,0,0,0
16,64.0,52.0,116.0,70,0,74.15899438766813,347.0,23,72,0.08956872098577202,0.05754214965504236,0,0,135.17199754662022,0.5570351482305124,0,22,7.25,0.0,3.2188758248682006,0,1,0,0,0,0,1,0,0,0,1,0,0,1,0,0,1,0,0,0,0,0,0,0,0,0,0,0,0,0,1,0,0,0,0,0,0,0,0,0,0,0,0,0,0,0,0,0,0,0,0,0
3,148.0,11.0,159.0,97,1,82.25448478958832,484.0,38,6,0.18653064734500255,0.3877468889061554,0,0,137.5718979048941,0.648146029234464,0,23,53.0,0.010309278350515464,4.90527477843843,0,1,0,1,0,0,0,0,0,1,0,0,1,0,0,0,1,0,0,0,0,0,0,0,0,0,0,0,0,0,0,0,0,0,0,0,0,0,0,0,0,0,0,0,0,0,0,0,0,0,1,0
1,35.0,452.0,487.0,63,0,100.0,370.0,22,163,0.19157771269553955,0.5056746985148868,0,0,219.40426096747103,0.7066334333528128,0,0,487.0,0.0,3.5263605246161616,0,0,0,0,1,0,0,0,1,0,0,0,0,1,0,0,0,0,0,0,1,0,1,0,0,0,0,0,0,0,0,0,0,0,0,0,0,0,0,0,0,0,0,0,0,0,0,0,0,0,0,0
2,888.0,54.0,942.0,31,1,62.06399375062612,195.0,3,185,0.42328345579697185,0.1882946277292835,0,0,83.16784857991536,0.5499584203396057,1,1,471.0,0.03225806451612903,3.5553480614894135,1,0,0,0,1,0,0,0,0,0,1,0,0,0,1,0,0,0,0,0,1,0,0,0,0,0,1,0,0,0,0,0,0,0,0,0,0,0,0,0,0,0,0,0,0,0,0,0,0,0,0,0
10,135.0,45.0,180.0,72,0,73.19619060688329,111.0,12,98,0.28964921323950893,0.21506116856587199,2,0,219.40426096747103,0.7998727469505309,0,2,18.0,0.0,2.4849066497880004,0,0,0,0,0,0,0,1,1,0,0,0,0,1,0,0,0,0,0,0,1,0,0,0,0,0,0,0,0,0,0,0,0,0,0,0,0,0,0,0,0,0,0,0,0,1,0,0,0,0,0,0
4,156.0,30.0,186.0,117,1,66.3148959026935,109.0,6,57,0.45304448854625506,0.15270165264178406,0,0,69.72715632686842,0.6317676510060904,0,3,46.5,0.008547008547008548,3.6888794541139363,0,1,0,0,0,1,0,0,0,0,1,0,1,0,0,0,0,0,0,0,1,0,0,0,0,0,1,0,0,0,0,0,0,0,0,0,0,0,0,0,0,0,0,0,0,0,0,0,0,0,0,0
1,658.0,87.0,745.0,49,0,64.56155612927046,124.0,11,125,0.12531030421875375,0.28580018124120216,0,0,135.42674905642411,0.9121287021364712,0,4,745.0,0.0,3.2188758248682006,0,0,0,0,1,0,0,0,0,1,0,0,0,1,0,0,0,0,0,0,1,0,0,0,0,0,0,0,0,0,0,0,0,0,0,1,0,0,0,0,0,0,0,0,0,0,0,0,0,0,0,0
1,307.0,764.0,1071.0,188,0,66.42032004036547,239.0,5,174,0.3431561402942027,0.021829007014683884,0,0,72.20629676287874,0.6451462756193048,0,5,1071.0,0.0,2.772588722239781,1,0,0,0,0,0,0,1,0,0,1,0,0,1,0,0,0,0,0,0,1,0,0,0,0,0,0,0,0,0,0,0,0,0,0,0,0,0,0,0,0,0,0,0,0,0,0,0,0,0,1,0
2,56.0,1100.0,1156.0,88,0,74.15899438766813,288.0,2,119,0.195456330293183,0.1644256501550475,0,0,132.24975109589315,0.8961743679888104,0,6,578.0,0.0,2.6390573296152584,0,1,0,0,0,0,1,0,0,1,0,0,1,0,0,0,0,0,0,0,1,0,0,0,0,0,0,0,0,0,0,0,0,0,0,0,0,0,1,0,0,0,0,0,0,0,0,0,0,0,0,0
4,72.0,17.0,89.0,52,1,69.14332962923544,74.0,7,7,0.23319614218208148,0.3166068819561397,0,0,159.28491299415003,0.8486423071317596,0,7,22.25,0.019230769230769232,5.707110264748875,0,0,0,1,0,0,0,0,0,0,0,1,1,0,0,0,0,0,0,0,1,0,0,0,0,0,0,0,0,0,0,0,0,0,0,0,0,0,1,0,0,0,0,0,0,0,0,0,0,0,0,0
9,255.0,74.0,329.0,54,1,100.0,140.0,14,43,0.030256814912487818,0.13426834442256697,0,0,121.30330719372091,0.9490809392174403,0,8,36.55555555555556,0.018518518518518517,3.091042453358316,0,0,0,0,0,0,1,0,0,0,1,0,1,0,0,0,0,0,0,0,1,0,0,0,0,0,0,0,0,0,0,0,1,0,0,0,0,0,0,0,0,0,0,0,0,0,0,0,0,0,0,0
7,74.0,35.0,109.0,49,1,79.99175107073681,237.0,11,23,0.2382982466792525,0.3786542291342296,0,0,158.92321715860848,0.7444766166604783,0,9,15.571428571428571,0.02040816326530612,2.0794415416798357,0,0,0,1,0,0,0,0,0,0,1,0,1,0,0,0,0,0,0,0,1,0,0,0,0,0,0,0,0,0,0,0,0,0,0,0,0,0,1,0,0,0,0,0,0,0,0,0,0,0,0,0
4,14.0,326.0,340.0,16,0,62.8798720659111,106.0,11,85,0.08812406838392033,0.42356093680524415,0,0,103.0527115439092,0.7252448638479028,0,10,85.0,0.0,2.70805020110221,1,0,0,0,0,1,0,0,0,0,0,1,0,1,0,0,0,0,0,0,1,0,0,0,0,0,0,0,0,0,0,1,0,0,0,0,0,0,0,0,0,0,0,0,0,0,0,0,0,0,0,0
1,139.0,150.0,289.0,41,0,70.59953781425907,271.0,10,93,0.06135921997724579,0.348688041549483,0,0,38.005434360449925,0.8964623120118896,0,11,289.0,0.0,3.258096538021482,0,0,0,0,0,0,0,1,0,0,1,0,0,0,1,0,0,0,0,0,1,0,0,0,0,1,0,0,0,0,0,0,0,0,0,0,0,0,0,0,0,0,0,0,0,0,0,0,0,0,0,0
1,29.0,54.0,83.0,53,1,65.37783611952013,161.0,11,109,0.06334679428727427,0.18647866526617954,0,2,145.06836530157014,0.25644385618120374,0,12,83.0,0.018867924528301886,3.332204510175204,0,0,0,0,0,0,0,1,0,1,0,0,1,0,0,0,0,0,0,0,1,0,0,0,0,0,0,0,0,0,0,0,0,0,0,0,0,1,0,0,0,0,0,0,0,0,0,0,0,0,0,0
5,878.0,119.0,997.0,32,1,84.60082383536056,120.0,13,152,0.06715978470255474,0.29496384019811356,0,0,121.22553298060676,0.5805983382901463,0,13,199.4,0.03125,3.8066624897703196,0,0,0,0,1,0,0,0,1,0,0,0,0,1,0,0,0,0,0,0,1,0,0,0,0,0,0,0,0,0,0,0,0,0,0,0,0,0,0,0,1,0,0,0,0,0,0,0,0,0,0,0
1,180.0,65.0,245.0,58,0,55.33464412121697,207.0,7,26,0.27214792543771366,0.1340280404470481,0,0,100.81544152479968,0.5666830748645607,0,14,245.0,0.0,3.912023005428146,0,0,0,0,0,0,0,1,0,1,0,0,1,0,0,0,0,0,0,0,1,0,0,0,0,0,0,0,0,0,0,0,0,0,0,0,0,0,0,0,1,0,0,0,0,0,0,0,0,0,0,0
2,54.0,649.0,703.0,45,1,58.90858343477028,263.0,9,188,0.4857842492533711,0.5818597060365835,0,1,103.57753870232385,0.6918069693318947,0,15,351.5,0.022222222222222223,2.772588722239781,0,0,0,0,0,1,0,0,1,0,0,0,1,0,0,0,0,0,0,0,1,0,0,0,0,0,0,0,0,0,0,0,0,0,0,0,0,0,0,0,0,0,0,0,0,0,0,0,0,1,0,0
4,68.0,200.0,268.0,83,0,67.9014465750103,110.0,30,56,0.21890469989489575,0.0709619676953948,0,0,136.26326940714466,0.5263115102026571,0,16,67.0,0.0,3.6109179126442243,0,0,0,0,1,0,0,0,0,0,1,0,1,0,0,0,0,0,0,0,1,0,0,0,0,0,0,0,0,0,0,0,0,0,0,1,0,0,0,0,0,0,0,0,0,0,0,0,0,0,0,0
1,18.0,229.0,247.0,75,0,83.1953615176599,169.0,9,106,0.12266652570566679,0.5336483850416025,0,1,87.41868411288213,0.6755040353018156,0,17,247.0,0.0,2.5649493574615367,0,0,0,0,0,0,1,0,1,0,0,0,1,0,0,0,0,0,0,0,1,0,1,0,0,0,0,0,0,0,0,0,0,0,0,0,0,0,0,0,0,0,0,0,0,0,0,0,0,0,0,0
1,44.0,6.0,53.99,51,1,89.79672329787327,277.0,9,46,0.14182114539637256,0.3560936548356544,0,1,135.00979238247038,0.3190958293950139,0,18,53.99,0.0196078431372549,2.772588722239781,0,0,0,0,0,0,0,1,1,0,0,0,1,0,0,0,0,0,0,0,1,0,0,0,0,0,0,0,0,0,0,1,0,0,0,0,0,0,0,0,0,0,0,0,0,0,0,0,0,0,0,0
3,453.0,102.0,555.0,14,0,91.56650628927412,117.0,9,74,0.0757176614418257,0.0814455841660642,1,0,167.5454807582782,0.30281791977359784,0,19,185.0,0.0,2.4849066497880004,0,0,0,0,0,0,1,0,0,0,0,1,0,0,1,0,0,0,0,0,1,0,0,0,0,0,0,0,0,0,0,1,0,0,0,0,0,0,0,0,0,0,0,0,0,0,0,0,0,0,0,0
4,1728.0,1087.0,2506.4799999999996,187,0,81.35761823937037,62.0,7,167,0.23389733247003527,0.32650877829212654,0,1,202.40280578452223,0.820578967261669,0,20,626.6199999999999,0.0,2.302585092994046,0,0,0,0,0,0,1,0,0,0,1,0,0,1,0,0,0,0,0,0,1,0,0,0,1,0,0,0,0,0,0,0,0,0,0,0,0,0,0,0,0,0,0,0,0,0,0,0,0,0,0,0
7,329.0,472.0,801.0,39,0,74.00532556370376,68.0,6,13,0.1848277494344667,0.2314043374918087,1,0,176.18106151049054,0.6317676510060904,0,21,114.42857142857143,0.0,4.2626798770413155,0,0,0,0,0,0,0,1,0,0,0,1,0,0,1,0,0,0,0,0,1,0,0,0,0,0,0,0,0,0,0,0,0,0,0,0,0,0,0,0,0,0,0,0,0,1,0,0,0,0,0,0
5,134.0,14.0,148.0,41,2,84.53550974776792,149.0,10,99,0.38831386206110485,0.15227307018139924,0,0,126.46981731866414,0.6317676510060904,0,22,29.6,0.04878048780487805,3.9318256327243257,0,0,0,1,0,0,0,0,0,0,1,0,1,0,0,0,0,0,0,0,1,0,0,0,0,0,0,0,0,0,0,0,0,0,0,0,0,0,0,0,0,1,0,0,0,0,0,0,0,0,0,0
3,92.0,77.0,169.0,33,0,61.26599259081947,79.0,6,118,0.21535463140470879,0.15482629346805396,0,0,130.30660399619077,0.8163567071153084,0,23,56.333333333333336,0.0,4.189654742026425,0,0,0,0,0,0,1,0,1,0,0,0,1,0,0,0,0,0,0,0,1,0,0,0,0,0,0,0,0,0,0,0,0,1,0,0,0,0,0,0,0,0,0,0,0,0,0,0,0,0,0,0
1,51.0,29.0,80.0,30,1,52.864113335805285,157.0,8,116,0.0900079610676704,0.16316832466381134,0,0,103.99005891419428,0.8010489455463456,0,0,80.0,0.03333333333333333,3.367295829986474,0,0,0,0,1,0,0,0,1,0,0,0,0,1,0,0,0,0,0,0,0,1,0,0,0,0,0,0,0,0,0,0,0,0,0,0,0,0,0,0,0,0,0,0,0,0,0,0,0,1,0,0
1,1430.0,722.0,2152.0,153,0,80.23965093223786,642.0,5,79,0.4492499808926981,0.1977896075628059,0,0,101.37426093536163,0.5583155104448027,0,1,2152.0,0.0,4.007333185232471,0,0,0,0,0,0,0,1,0,0,1,0,1,0,0,0,0,0,0,0,0,1,0,0,0,0,0,0,0,0,0,0,0,0,0,0,0,0,0,0,0,0,0,0,0,0,0,0,0,1,0,0
2,120.0,143.0,263.0,135,0,62.9318589942138,76.0,9,78,0.34156156538739674,0.48120320042693054,1,0,154.8812719384182,0.6776414714395324,0,2,131.5,0.0,1.791759469228055,0,0,0,0,1,0,0,0,0,1,0,0,0,1,0,0,0,0,0,0,0,1,0,0,0,0,0,0,0,0,0,0,0,0,0,0,0,0,0,0,0,1,0,0,0,0,0,0,0,0,0,0
4,1521.0,47.0,1568.0,63,0,74.21631921401423,164.0,13,182,0.31153115765994666,0.03275847193678759,0,0,107.69959766702911,0.3334311076433294,0,3,392.0,0.0,4.07753744390572,0,0,0,0,0,0,1,0,0,1,0,0,0,0,1,0,0,0,0,0,0,1,0,0,0,0,0,0,0,1,0,0,0,0,0,0,0,0,0,0,0,0,0,0,0,0,0,0,0,0,0,0
4,687.0,114.0,801.0,41,0,76.43552419047377,891.0,7,51,0.38763340618516084,0.06884536568296179,0,0,134.6439856435876,0.7173148549688892,0,4,200.25,0.0,3.4657359027997265,0,1,0,0,0,0,1,0,0,0,1,0,0,0,1,0,0,0,0,0,0,1,0,0,0,0,0,0,0,0,0,0,0,0,0,0,1,0,0,0,0,0,0,0,0,0,0,0,0,0,0,0
1,21.0,6.0,53.99,73,0,77.97743471013956,266.0,2,98,0.06884483426625039,0.05937882319908596,1,1,81.49961970376735,0.5984785995219253,0,5,53.99,0.0,3.871201010907891,0,1,0,0,1,0,0,0,0,0,0,1,0,0,1,0,0,0,0,0,0,1,0,0,0,0,0,0,0,0,0,0,0,0,0,0,0,0,0,1,0,0,0,0,0,0,0,0,0,0,0,0
1,71.0,33.0,104.0,47,0,86.25349846230063,154.0,13,76,0.27335770020851397,0.37601979570623123,0,0,174.81250597222083,0.7646236816181188,0,6,104.0,0.0,3.6635616461296463,0,0,0,0,0,0,1,0,1,0,0,0,0,0,1,0,0,0,0,0,0,1,0,0,0,0,0,0,0,0,0,0,0,0,0,0,0,0,1,0,0,0,0,0,0,0,0,0,0,0,0,0
8,71.0,114.0,185.0,38,1,84.98490225950079,179.0,9,154,0.41298228327103625,0.2231326614694836,0,1,107.1017334539897,0.5093243670486813,0,7,23.125,0.02631578947368421,2.4849066497880004,0,0,0,0,0,0,0,1,1,0,0,0,0,1,0,0,0,0,0,0,0,1,0,0,0,0,0,0,0,0,0,0,0,0,0,0,0,0,0,0,0,0,0,0,1,0,0,0,0,0,0,0
3,135.0,278.0,413.0,58,0,77.34000080601228,270.0,4,162,0.16274861587005748,0.08811444255789214,0,0,163.51916682659842,0.5211825874694449,0,8,137.66666666666666,0.0,2.0794415416798357,0,0,0,0,0,0,1,0,0,0,1,0,0,1,0,0,0,0,0,0,0,1,0,0,0,0,0,0,0,0,0,0,0,0,0,0,0,0,0,0,0,0,0,0,0,0,0,1,0,0,0,0
1,138.0,12.0,150.0,31,1,69.69581663436713,656.0,15,170,0.2885586952258173,0.17904754704277434,1,0,91.84707290902278,0.46770484762100356,0,9,150.0,0.03225806451612903,2.70805020110221,0,0,0,0,1,0,0,0,0,1,0,0,1,0,0,0,0,0,0,0,0,1,0,0,0,1,0,0,0,0,0,0,0,0,0,0,0,0,0,0,0,0,0,0,0,0,0,0,0,0,0,0
21,2143.49,72.0,2506.4799999999996,54,1,76.29314506411585,138.0,3,21,0.12030390772613714,0.25806814824248164,0,1,89.7315802948508,0.7197687587661571,0,10,119.35619047619045,0.018518518518518517,3.828641396489095,0,0,0,0,1,0,0,0,0,1,0,0,0,0,1,0,0,0,0,0,0,1,0,0,1,0,0,0,0,0,0,0,0,0,0,0,0,0,0,0,0,0,0,0,0,0,0,0,0,0,0,0
3,45.0,333.0,378.0,52,0,67.84547499990094,117.0,18,24,0.32358231343957244,0.08383597000208862,0,0,173.12127125431476,0.5488583187448736,0,11,126.0,0.0,3.9318256327243257,0,0,0,0,0,0,0,1,0,0,1,0,1,0,0,0,0,0,0,0,0,1,0,0,0,0,0,0,0,0,0,0,0,0,0,0,0,1,0,0,0,0,0,0,0,0,0,0,0,0,0,0
4,190.0,22.0,212.0,72,0,72.64285293592594,76.0,8,78,0.35937264334919167,0.22511536446024322,0,1,94.95969941257906,0.5286606170443149,0,12,53.0,0.0,2.0794415416798357,0,1,0,0,1,0,0,0,1,0,0,0,1,0,0,0,0,0,0,0,0,1,0,0,0,0,0,0,0,0,0,0,0,0,0,0,0,0,0,0,0,0,0,0,0,0,0,1,0,0,0,0
4,292.0,141.0,433.0,27,0,100.0,215.0,1,90,0.16006216485149805,0.2536079844545135,2,0,57.28398998513211,0.4576037246079945,0,13,108.25,0.0,2.4849066497880004,0,0,0,1,0,0,0,0,0,0,1,0,0,0,1,0,0,0,0,0,0,1,0,0,0,1,0,0,0,0,0,0,0,0,0,0,0,0,0,0,0,0,0,0,0,0,0,0,0,0,0,0
2,148.0,118.0,266.0,78,0,77.18627641060249,74.0,10,17,0.09421664879330403,0.022206368186978635,2,0,78.40237853034436,0.8670118680728283,0,14,133.0,0.0,2.70805020110221,0,0,0,0,0,0,1,0,0,0,1,0,0,1,0,0,0,0,0,0,0,1,0,0,0,0,0,0,0,0,0,0,0,0,0,0,0,0,0,0,0,0,0,0,0,0,0,0,0,0,1,0
1,167.0,724.0,891.0,21,0,80.40294020445059,144.0,6,179,0.05611072312843649,0.3015726572526707,1,0,154.2683472399308,0.57983615230427,0,15,891.0,0.0,2.995732273553991,0,0,0,0,1,0,0,0,0,0,1,0,0,1,0,0,0,0,0,0,0,1,0,0,0,0,0,0,0,0,0,0,0,0,0,0,0,0,0,0,0,0,0,0,0,0,0,0,1,0,0,0
18,47.0,85.0,132.0,28,0,66.53423221163565,106.0,6,179,0.2809530296552718,0.3895611599106868,0,0,150.42482173007426,0.6758322088344251,0,16,7.333333333333333,0.0,2.0794415416798357,0,0,0,0,0,0,1,0,0,0,0,1,0,0,1,0,0,0,0,0,0,1,0,0,0,0,0,0,0,0,0,0,0,0,0,0,0,0,0,0,0,0,0,0,0,0,0,0,1,0,0,0
7,166.0,91.0,257.0,29,0,87.24088099715841,424.0,5,87,0.06869350142946676,0.2740967270173276,0,0,89.49995668134729,0.49272657737377146,0,17,36.714285714285715,0.0,2.0794415416798357,0,0,0,0,1,0,0,0,0,1,0,0,0,1,0,0,0,0,0,0,0,1,0,0,0,0,0,0,0,0,0,0,0,0,0,0,0,0,0,0,0,0,0,0,0,0,0,0,1,0,0,0
6,260.0,281.0,541.0,18,0,84.12326907196109,140.0,8,155,0.23090997936627933,0.1151913224756834,1,0,94.7312519520415,0.5871843397137874,0,18,90.16666666666667,0.0,2.5649493574615367,0,0,0,0,1,0,0,0,0,0,1,0,0,0,1,0,0,0,0,0,0,1,0,0,0,0,0,0,0,0,1,0,0,0,0,0,0,0,0,0,0,0,0,0,0,0,0,0,0,0,0,0
5,212.0,25.0,237.0,100,2,84.20823065586102,264.0,6,115,0.10417291697875149,0.20040503156600753,0,0,146.9206330517053,0.4855099459293154,0,19,47.4,0.02,3.4011973816621555,0,0,0,0,0,0,0,1,1,0,0,0,0,1,0,0,0,0,0,0,0,1,0,0,0,0,1,0,0,0,0,0,0,0,0,0,0,0,0,0,0,0,0,0,0,0,0,0,0,0,0,0
1,277.0,86.0,363.0,20,0,77.57869496104156,65.0,2,133,0.232560106201428,0.10132145779801717,1,1,172.6368218077095,0.7260405026739772,0,20,363.0,0.0,2.302585092994046,0,0,0,0,0,0,1,0,0,0,1,0,0,0,1,0,0,0,0,0,0,1,0,0,0,0,0,1,0,0,0,0,0,0,0,0,0,0,0,0,0,0,0,0,0,0,0,0,0,0,0,0
9,701.0,66.0,767.0,25,0,87.41028114920125,219.0,21,175,0.2084422571123482,0.2551609484577102,1,0,117.2480184211292,0.7423520437473602,0,21,85.22222222222223,0.0,3.2188758248682006,1,0,0,0,1,0,0,0,0,0,1,0,1,0,0,0,0,0,0,0,0,1,0,0,0,0,0,0,1,0,0,0,0,0,0,0,0,0,0,0,0,0,0,0,0,0,0,0,0,0,0,0
1,415.0,94.0,509.0,122,0,74.15899438766813,86.0,7,22,0.1734374383063994,0.3930525134756131,0,0,142.16953661747303,0.5068721598631626,0,22,509.0,0.0,4.2626798770413155,0,0,0,1,0,0,0,0,1,0,0,0,0,0,1,0,0,0,0,0,0,1,0,0,0,0,0,0,0,0,0,0,0,0,0,0,0,1,0,0,0,0,0,0,0,0,0,0,0,0,0,0
4,160.0,279.0,439.0,28,1,78.39718703219154,148.0,5,50,0.024288051161088217,0.12513243368852422,0,2,154.93732266191955,0.6546408771344542,0,23,109.75,0.03571428571428571,2.1972245773362196,1,1,0,0,0,1,0,0,0,0,1,0,1,0,0,0,0,0,0,0,0,1,0,0,0,0,0,0,0,0,0,0,0,0,0,0,0,0,0,0,1,0,0,0,0,0,0,0,0,0,0,0
1,40.0,202.0,242.0,38,0,73.62465169199612,941.0,4,88,0.16838915266924417,0.22423106225675057,0,0,206.1201292738615,0.424509652863671,0,0,242.0,0.0,3.1354942159291497,0,0,0,0,0,1,0,0,0,0,1,0,0,0,1,0,0,0,0,1,0,0,0,0,0,0,0,0,0,1,0,0,0,0,0,0,0,0,0,0,0,0,0,0,0,0,0,0,0,0,0,0
1,76.0,48.0,124.0,19,0,85.73485188137712,384.0,15,179,0.2652494539749758,0.19221945211664537,0,0,73.7713607519814,0.7361629607563427,0,1,124.0,0.0,4.23410650459726,1,0,0,0,0,0,0,1,0,0,1,0,0,0,1,0,0,0,0,1,0,0,0,0,0,0,0,0,0,0,0,0,0,0,1,0,0,0,0,0,0,0,0,0,0,0,0,0,0,0,0,0
4,116.0,127.0,243.0,87,1,64.15049632128307,183.0,3,120,0.1523313187067071,0.21908024057285694,0,0,93.25106366944793,0.211189875803942,0,2,60.75,0.011494252873563218,2.9444389791664403,0,1,0,0,0,0,0,1,0,0,0,1,0,0,1,0,0,0,0,1,0,0,0,0,0,0,0,0,0,0,0,0,0,0,0,0,0,1,0,0,0,0,0,0,0,0,0,0,0,0,0,0
1,195.0,566.0,761.0,88,0,66.38447663261609,1056.3399999999997,9,82,0.1721052896022208,0.320709543732752,0,0,99.74106663540938,0.8129774190548571,0,3,761.0,0.0,2.833213344056216,0,0,0,1,0,0,0,0,0,0,1,0,0,1,0,0,0,0,0,1,0,0,0,0,0,0,0,0,0,0,0,0,0,0,0,1,0,0,0,0,0,0,0,0,0,0,0,0,0,0,0,0
1,87.0,44.0,131.0,80,0,74.36039588538118,105.0,5,10,0.06245135637028318,0.1762883227124276,0,0,153.10096594858982,0.5685849843334375,0,4,131.0,0.0,4.356708826689592,0,1,0,0,0,0,1,0,0,0,0,1,0,0,1,0,0,0,0,1,0,0,0,0,0,0,0,0,0,0,0,0,0,0,0,0,0,0,0,0,0,0,0,0,0,0,0,1,0,0,0,0
5,53.0,128.0,181.0,68,0,54.103715178742256,452.0,6,120,0.25153241784086644,0.08247297387094439,0,0,109.92329111795338,0.8605562704490419,0,5,36.2,0.0,3.044522437723423,0,0,0,0,0,0,0,1,0,0,0,1,0,1,0,0,0,0,0,1,0,0,0,0,0,0,0,0,0,0,0,0,0,0,0,0,0,0,0,0,0,0,0,0,0,1,0,0,0,0,0,0
18,40.0,88.0,128.0,47,1,84.9311432827611,68.0,4,57,0.19391640536996813,0.13187043569364168,0,0,132.48983354897592,0.7975906442104806,1,6,7.111111111111111,0.02127659574468085,4.30406509320417,0,0,0,1,0,0,0,0,0,0,0,1,0,1,0,0,0,0,0,1,0,0,0,0,0,0,0,0,0,0,0,0,0,0,0,0,0,0,0,0,0,0,0,0,0,0,0,1,0,0,0,0
10,24.0,102.0,126.0,29,2,63.44503335041012,168.0,5,68,0.04077678076810426,0.20569300220745323,0,0,124.87371812699052,0.7750572945141592,0,7,12.6,0.06896551724137931,3.6888794541139363,0,1,0,0,1,0,0,0,0,0,1,0,1,0,0,0,0,0,0,1,0,0,0,0,0,0,1,0,0,0,0,0,0,0,0,0,0,0,0,0,0,0,0,0,0,0,0,0,0,0,0,0
2,114.0,18.0,132.0,23,1,69.34210774197892,77.0,9,199,0.17300645691996563,0.29126769063272673,0,0,120.06948503562728,0.7307331824134807,0,8,66.0,0.043478260869565216,2.995732273553991,0,0,0,0,1,0,0,0,0,0,1,0,0,1,0,0,0,0,0,1,0,0,0,0,0,0,0,0,0,0,0,0,0,0,1,0,0,0,0,0,0,0,0,0,0,0,0,0,0,0,0,0
3,29.0,518.0,547.0,125,0,72.44064485184275,239.0,10,107,0.19795789579954898,0.4380068599658852,0,1,124.29586297545457,0.5485655790925492,0,9,182.33333333333334,0.0,3.7376696182833684,0,1,0,0,0,1,0,0,0,1,0,0,0,1,0,0,0,0,0,1,0,0,0,0,0,0,1,0,0,0,0,0,0,0,0,0,0,0,0,0,0,0,0,0,0,0,0,0,0,0,0,0
6,49.0,46.0,95.0,82,0,75.4714418588466,208.0,5,32,0.1594083771697595,0.48096267537033643,0,0,161.19602859715042,0.8127967580073912,0,10,15.833333333333334,0.0,3.6109179126442243,0,0,0,0,0,0,0,1,0,0,1,0,0,0,1,0,0,0,0,1,0,0,0,0,0,0,0,0,0,0,0,0,0,0,0,0,0,0,0,0,0,0,0,0,0,0,0,0,0,0,1,0
8,96.0,339.0,435.0,25,0,70.8761606829235,161.0,8,14,0.14919648804554234,0.052477644396836075,1,0,81.17657404243766,0.637064230391619,0,11,54.375,0.0,3.332204510175204,0,0,0,0,0,0,0,1,0,0,0,1,0,0,1,0,0,0,0,1,0,0,0,0,0,0,0,0,0,0,0,0,0,0,0,0,0,0,0,0,0,0,1,0,0,0,0,0,0,0,0,0
2,34.0,55.0,89.0,46,1,74.19154743323581,430.0,16,80,0.21937607941683607,0.31139155856763107,0,0,114.0617523627638,0.49508102878058996,0,12,44.5,0.021739130434782608,2.833213344056216,0,0,0,0,0,0,0,1,0,0,1,0,0,1,0,0,0,0,0,1,0,0,0,0,0,0,0,0,0,0,0,0,0,0,0,0,0,0,0,0,0,0,0,0,1,0,0,0,0,0,0,0
3,225.0,55.0,280.0,35,2,74.28446841131503,134.0,2,17,0.1167737151933296,0.18800648070096826,1,0,71.38889016801951,0.5544595120934053,0,13,93.33333333333333,0.05714285714285714,3.367295829986474,0,1,0,0,0,0,1,0,1,0,0,0,1,0,0,0,0,0,0,1,0,0,0,0,0,0,0,0,0,0,0,0,0,0,0,0,0,0,0,0,0,0,0,0,0,0,0,0,0,0,1,0
4,335.0,417.0,752.0,18,1,69.63562850847448,251.0,8,88,0.21406980792401303,0.5785613716035359,0,0,129.06227712526578,0.7108342903099246,0,14,188.0,0.05555555555555555,3.258096538021482,1,0,0,0,1,0,0,0,1,0,0,0,1,0,0,0,0,0,0,1,0,0,0,0,0,0,0,0,0,0,0,0,0,0,0,0,0,0,0,0,0,0,0,0,0,1,0,0,0,0,0,0
5,81.0,328.0,409.0,51,0,65.72166650833482,355.0,4,85,0.4144081364521092,0.16909767764518902,0,0,112.17884557038239,0.5181958388120912,0,15,81.8,0.0,3.9512437185814275,0,1,0,0,1,0,0,0,0,1,0,0,0,0,1,0,0,0,0,1,0,0,0,0,0,0,0,0,0,0,0,0,0,0,0,0,1,0,0,0,0,0,0,0,0,0,0,0,0,0,0,0
2,91.0,138.0,229.0,32,1,87.97768709226722,70.0,4,176,0.22911851526130791,0.311421903613511,0,1,162.7697253027158,0.6737578610941388,0,16,114.5,0.03125,2.3978952727983707,0,0,0,1,0,0,0,0,0,0,0,1,0,0,1,0,0,0,0,1,0,0,0,0,0,0,0,0,0,0,0,0,0,0,0,0,0,0,0,0,0,0,0,0,1,0,0,0,0,0,0,0
3,268.0,253.0,521.0,20,1,49.74713157279957,118.0,10,70,0.11597456168714236,0.3073460234675366,0,0,119.80707117802415,0.606784145307943,0,17,173.66666666666666,0.05,4.219507705176107,0,0,0,0,0,0,0,1,0,0,0,1,1,0,0,0,0,0,0,1,0,0,0,0,0,0,0,0,0,0,0,0,0,0,0,0,0,1,0,0,0,0,0,0,0,0,0,0,0,0,0,0
10,67.0,80.0,147.0,13,1,72.53141809188621,208.0,6,58,0.1660411928370428,0.17298621348201215,0,0,102.24643466387974,0.913640032473343,0,18,14.7,0.07692307692307693,3.7376696182833684,0,0,0,0,0,0,1,0,0,0,1,0,1,0,0,0,0,0,0,1,0,0,0,0,0,0,0,0,0,0,0,0,0,0,0,0,0,0,0,0,0,0,0,0,0,1,0,0,0,0,0,0
8,62.0,108.0,170.0,12,1,69.37320633738942,311.0,3,125,0.17423018337265356,0.31684548423510994,1,0,110.1315980770911,0.9516377781388404,0,19,21.25,0.08333333333333333,2.1972245773362196,0,0,0,0,0,0,0,1,0,1,0,0,0,1,0,0,0,0,0,1,0,0,0,0,0,0,0,0,0,0,0,0,0,0,0,0,0,0,0,0,0,0,0,0,1,0,0,0,0,0,0,0
4,553.0,53.0,606.0,33,0,80.02549784071783,541.0,22,129,0.2289873275821663,0.02670186883651838,0,0,188.93696854428697,0.5823793982858205,1,20,151.5,0.0,4.394449154672439,0,0,0,0,0,0,0,1,0,0,0,1,0,1,0,0,0,0,0,1,0,0,0,0,0,0,1,0,0,0,0,0,0,0,0,0,0,0,0,0,0,0,0,0,0,0,0,0,0,0,0,0
13,392.0,297.0,689.0,41,1,57.5484864417719,172.0,17,12,0.06465626141442815,0.1222349966102294,1,1,57.19677556245129,0.5598142507527857,0,21,53.0,0.024390243902439025,5.313205979041787,0,0,0,0,0,1,0,0,0,1,0,0,0,1,0,0,0,0,0,1,0,0,0,0,0,0,0,0,1,0,0,0,0,0,0,0,0,0,0,0,0,0,0,0,0,0,0,0,0,0,0,0
2,287.0,51.0,338.0,22,0,69.00257590507675,160.0,2,21,0.09256302452601518,0.15454266569993552,0,0,94.89935597537637,0.9497415401805457,0,22,169.0,0.0,4.204692619390966,0,0,0,0,1,0,0,0,0,0,1,0,0,1,0,0,0,0,0,1,0,0,0,0,0,0,0,0,0,0,0,0,0,0,0,0,0,0,0,0,0,0,0,0,0,0,1,0,0,0,0,0
12,410.0,563.0,973.0,75,0,73.77168319212294,108.0,3,37,0.1735242957631376,0.13746756200269336,0,0,121.4403217600027,0.7498562158881709,0,23,81.08333333333333,0.0,4.584967478670572,0,0,0,0,0,0,0,1,0,1,0,0,1,0,0,0,0,0,0,1,0,0,0,0,0,0,0,0,0,0,0,0,0,0,0,0,0,0,0,0,0,0,0,0,0,0,0,0,0,1,0,0
5,16.0,77.0,93.0,42,1,87.84088332444551,252.0,13,156,0.4477891028076459,0.09412923602185705,0,0,94.54294213679732,0.6062863176916915,0,0,18.6,0.023809523809523808,3.4011973816621555,0,0,0,0,0,0,0,1,1,0,0,0,0,0,1,1,0,0,0,0,0,0,0,0,0,0,0,0,0,0,0,0,0,0,0,0,0,0,0,0,0,0,0,0,0,0,0,0,1,0,0,0
45,658.0,112.0,770.0,70,2,78.98621960154509,162.0,7,45,0.14843558911107782,0.08554506368084089,0,0,139.62726691055835,0.5194513290907764,0,1,17.11111111111111,0.02857142857142857,1.9459101490553132,1,0,0,0,0,0,0,1,0,0,1,0,1,0,0,1,0,0,0,0,0,0,0,0,0,0,0,0,0,0,0,0,0,0,0,0,0,0,0,0,0,0,0,0,0,0,0,0,1,0,0,0
1,228.0,253.0,481.0,38,1,60.79814146957366,165.0,25,198,0.45215539773132934,0.36868896479465574,0,0,117.7405824755634,0.6290151469399791,0,2,481.0,0.02631578947368421,1.791759469228055,0,0,0,0,0,1,0,0,0,1,0,0,1,0,0,1,0,0,0,0,0,0,0,0,0,0,1,0,0,0,0,0,0,0,0,0,0,0,0,0,0,0,0,0,0,0,0,0,0,0,0,0
1,451.0,112.0,563.0,23,0,69.15027937535208,187.0,13,90,0.15404460379559162,0.2363047346540347,0,0,130.2393961052138,0.3169929871642131,0,3,563.0,0.0,3.5553480614894135,0,0,0,1,0,0,0,0,0,0,1,0,1,0,0,1,0,0,0,0,0,0,0,0,0,0,0,1,0,0,0,0,0,0,0,0,0,0,0,0,0,0,0,0,0,0,0,0,0,0,0,0
4,227.0,79.0,306.0,48,0,85.6326162319283,294.0,11,187,0.0497557032839436,0.03421082260135106,1,0,124.71312541113139,0.6583900883168148,0,4,76.5,0.0,2.772588722239781,0,0,0,0,0,1,0,0,0,0,1,0,1,0,0,1,0,0,0,0,0,0,0,0,0,0,0,0,0,0,0,0,0,0,0,0,0,0,0,0,0,0,0,0,0,0,0,0,0,0,1,0
4,156.0,106.0,262.0,16,0,60.59070160892319,135.0,4,53,0.22933755041810228,0.19201697084284922,0,0,115.87818428410732,0.6633783189133037,0,5,65.5,0.0,2.4849066497880004,0,0,0,1,0,0,0,0,0,0,1,0,0,0,1,1,0,0,0,0,0,0,0,0,0,0,0,0,0,0,0,0,0,0,0,0,0,0,0,0,0,0,0,0,0,0,0,0,0,0,0,1
15,109.0,293.0,402.0,68,1,74.15899438766813,116.0,12,87,0.24507171825420748,0.13578700535533006,0,0,68.36705059106046,0.710865713317331,0,6,26.8,0.014705882352941176,3.258096538021482,0,0,0,0,0,0,0,1,0,0,1,0,1,0,0,1,0,0,0,0,0,0,0,0,0,0,0,0,0,0,0,0,0,0,0,0,0,0,0,0,0,0,0,0,0,0,0,0,1,0,0,0
1,222.0,53.0,275.0,21,1,74.8905545696847,271.0,3,31,0.22761694463703946,0.23614149481750185,0,1,127.04369716774558,0.7316357774442686,0,7,275.0,0.047619047619047616,3.332204510175204,0,0,0,0,0,0,0,1,0,0,1,0,0,1,0,1,0,0,0,0,0,0,0,0,0,0,0,0,0,0,0,0,0,0,0,0,0,0,1,0,0,0,0,0,0,0,0,0,0,0,0,0
6,105.0,95.0,200.0,93,2,70.37060328095083,40.0,22,169,0.13961796725100709,0.5530607471409795,0,0,49.46364656423714,0.6591456646440654,0,8,33.333333333333336,0.021505376344086023,2.0794415416798357,0,0,0,0,0,1,0,0,0,1,0,0,0,1,0,1,0,0,0,0,0,0,0,0,0,0,0,0,0,0,0,0,0,0,0,0,0,0,0,0,0,0,0,0,0,0,0,0,0,1,0,0
8,385.0,111.0,496.0,34,0,100.0,131.0,12,121,0.13138306775409372,0.08612884936656413,0,0,93.12156073480627,0.5169580622546999,0,9,62.0,0.0,2.9444389791664403,0,0,0,0,0,0,0,1,0,0,1,0,0,0,1,1,0,0,0,0,0,0,0,0,0,0,0,0,0,0,0,0,0,0,0,0,0,0,0,0,0,0,1,0,0,0,0,0,0,0,0,0
5,25.0,284.0,309.0,104,0,70.04722248662941,89.0,5,19,0.19623298601812397,0.08589308990839592,0,0,139.56821144090623,0.3800605565247482,0,10,61.8,0.0,3.332204510175204,0,0,0,1,0,0,0,0,0,0,1,0,1,0,0,1,0,0,0,0,0,0,0,0,0,0,0,0,0,0,1,0,0,0,0,0,0,0,0,0,0,0,0,0,0,0,0,0,0,0,0,0
1,81.0,98.0,179.0,18,1,80.39718191241357,465.0,15,150,0.03162449390460706,0.1127795221568953,0,0,167.5875014283372,0.7554461778085501,0,11,179.0,0.05555555555555555,2.3978952727983707,0,0,0,0,1,0,0,0,1,0,0,0,0,1,0,1,0,0,0,0,0,0,0,0,0,0,0,0,0,0,0,0,0,0,0,0,0,0,0,1,0,0,0,0,0,0,0,0,0,0,0,0
10,1407.0,803.0,2210.0,25,0,65.80438655736859,147.0,43,178,0.10258891143715324,0.12309475513541723,3,0,213.9766450112735,0.3278728593225269,0,12,221.0,0.0,4.0943445622221,0,0,0,1,0,0,0,0,0,0,0,1,0,0,1,1,0,0,0,0,0,0,0,0,0,0,0,0,0,0,0,0,0,0,1,0,0,0,0,0,0,0,0,0,0,0,0,0,0,0,0,0
8,74.0,92.0,166.0,60,2,81.33297590399285,135.0,7,138,0.36036546141771486,0.04107606818348784,1,0,102.86984086383771,0.41003696710215765,0,13,20.75,0.03333333333333333,2.8903717578961645,0,0,0,0,0,1,0,0,0,0,0,1,0,1,0,1,0,0,0,0,0,0,0,0,0,0,0,0,0,0,0,0,0,0,0,0,0,0,0,0,0,0,0,0,0,0,0,0,0,0,1,0
5,114.0,84.0,198.0,114,0,85.44945116222323,193.0,13,162,0.18644505666941943,0.23358702250687738,0,0,85.39501479119565,0.8565815313572959,0,14,39.6,0.0,3.8066624897703196,0,0,0,0,1,0,0,0,0,0,1,0,1,0,0,1,0,0,0,0,0,0,0,0,0,0,0,0,0,0,0,0,1,0,0,0,0,0,0,0,0,0,0,0,0,0,0,0,0,0,0,0
3,56.0,91.0,147.0,169,0,67.94443155904682,132.0,6,58,0.2085186092396052,0.11322941168444195,0,1,140.89134203440753,0.5988432567117739,0,15,49.0,0.0,4.290459441148391,0,0,0,0,0,1,0,0,0,0,1,0,0,0,1,1,0,0,0,0,0,0,0,0,0,0,0,0,0,0,0,0,0,0,0,0,0,0,0,0,0,0,0,0,0,0,0,0,0,0,0,1
3,214.0,25.0,239.0,46,0,74.34357821737761,151.0,9,89,0.13154051387762847,0.17472602475643004,0,1,194.79875259314602,0.6559578872242764,0,16,79.66666666666667,0.0,3.970291913552122,0,0,0,0,0,0,0,1,0,0,1,0,0,1,0,1,0,0,0,0,0,0,0,0,0,0,0,0,0,0,0,0,0,0,0,0,0,0,0,0,0,0,0,0,0,0,1,0,0,0,0,0
3,66.0,35.0,101.0,194,1,64.25664276130952,214.0,3,171,0.026488124458713,0.1357008761755093,0,1,181.3097917104363,0.4561629552247848,0,17,33.666666666666664,0.005154639175257732,4.127134385045092,0,0,0,0,1,0,0,0,0,0,1,0,0,1,0,1,0,0,0,0,0,0,0,0,0,0,0,0,0,0,0,0,0,0,0,0,0,0,0,0,0,0,0,0,0,0,0,0,0,0,1,0
5,121.0,61.0,182.0,35,1,61.2671542554013,149.0,9,123,0.10439459341565965,0.5562876333663406,0,0,78.59683179032474,0.8414974983022917,0,18,36.4,0.02857142857142857,2.302585092994046,0,1,0,1,0,0,0,0,1,0,0,0,0,0,1,1,0,0,0,0,0,0,0,0,0,0,0,0,0,0,0,0,0,0,0,0,0,0,0,0,0,0,0,0,0,0,0,0,0,0,0,1
3,377.0,383.0,760.0,107,1,87.44154519000247,148.0,9,124,0.3809787350861935,0.21970138551045482,1,0,114.37963250150797,0.881253590875014,0,19,253.33333333333334,0.009345794392523364,4.30406509320417,0,0,0,0,0,0,0,1,1,0,0,0,0,1,0,1,0,0,0,0,0,0,0,0,0,0,0,0,0,0,0,0,0,0,0,0,0,0,0,0,0,0,0,0,0,0,0,1,0,0,0,0
1,68.0,106.0,174.0,21,1,68.35198864939622,98.0,31,154,0.047632473832766996,0.2377666737464941,1,0,154.01469132581695,0.8001086663032392,0,20,174.0,0.047619047619047616,2.5649493574615367,1,0,0,1,0,0,0,0,0,0,0,1,0,1,0,1,0,0,0,0,0,0,1,0,0,0,0,0,0,0,0,0,0,0,0,0,0,0,0,0,0,0,0,0,0,0,0,0,0,0,0,0
1,353.0,64.0,417.0,62,0,46.036652057903154,89.0,2,124,0.48766341683836556,0.3099114788087748,0,0,156.78844609745445,0.7579389238647476,0,21,417.0,0.0,3.5553480614894135,0,0,0,0,1,0,0,0,0,0,1,0,0,1,0,1,0,0,0,0,0,0,0,0,0,0,0,0,0,0,0,0,0,0,0,0,0,0,0,0,0,0,0,1,0,0,0,0,0,0,0,0
1,366.0,423.0,789.0,6,1,96.18427387792347,209.0,7,29,0.347638958788168,0.24780064561035156,0,0,143.67447695382842,0.7211986915322128,1,22,789.0,0.16666666666666666,3.5553480614894135,0,0,0,0,0,0,1,0,0,0,0,1,0,1,0,1,0,0,0,0,0,0,0,0,0,0,0,0,0,1,0,0,0,0,0,0,0,0,0,0,0,0,0,0,0,0,0,0,0,0,0,0
3,473.0,605.0,1078.0,18,2,65.37485612324872,248.0,22,46,0.22626589784228113,0.581867649998401,0,1,102.05005663963514,0.4830030263449114,0,23,359.3333333333333,0.1111111111111111,3.7376696182833684,0,1,0,0,0,0,1,0,0,0,1,0,0,0,1,1,0,0,0,0,0,0,0,0,0,0,1,0,0,0,0,0,0,0,0,0,0,0,0,0,0,0,0,0,0,0,0,0,0,0,0,0
3,173.0,437.0,610.0,64,0,72.04352347502363,73.0,7,156,0.27219438673278934,0.2348352170886931,0,1,143.3186087162931,0.5170546196760168,0,0,203.33333333333334,0.0,3.6109179126442243,0,0,1,0,1,0,0,0,0,0,1,0,1,0,0,0,0,1,0,0,0,0,0,0,0,0,0,0,0,0,0,0,0,0,0,0,0,0,0,0,0,0,1,0,0,0,0,0,0,0,0,0
3,2143.49,43.0,2506.4799999999996,15,1,94.69087806593177,341.0,8,52,0.15874983776051468,0.12296712369405728,0,0,157.17403219507972,0.6959172038441848,0,1,835.4933333333332,0.06666666666666667,2.5649493574615367,0,0,1,1,0,0,0,0,0,0,1,0,1,0,0,0,0,1,0,0,0,0,0,0,0,0,0,0,0,0,0,0,0,0,0,0,0,0,0,0,0,0,0,0,0,0,0,0,0,1,0,0
4,473.0,63.0,536.0,62,0,73.29909486974832,342.0,5,134,0.3845749543887002,0.14684809509013497,1,0,82.7191969739786,0.7444655887531269,0,2,134.0,0.0,2.1972245773362196,0,0,1,1,0,0,0,0,0,1,0,0,0,0,1,0,0,1,0,0,0,0,0,0,0,0,1,0,0,0,0,0,0,0,0,0,0,0,0,0,0,0,0,0,0,0,0,0,0,0,0,0
2,212.0,808.0,1020.0,92,0,73.03996077357763,396.0,4,97,0.30420549723906154,0.34427302718053515,1,0,173.20943596442208,0.47614831352826426,1,3,510.0,0.0,4.0943445622221,0,0,1,0,0,0,1,0,0,0,0,1,1,0,0,0,0,1,0,0,0,0,0,0,0,0,0,0,0,0,0,0,0,0,0,0,0,0,0,0,1,0,0,0,0,0,0,0,0,0,0,0
10,56.0,143.0,199.0,29,0,60.2619234653936,247.0,2,125,0.03386647773074128,0.09596146562919579,0,0,159.67838055858675,0.4646068842308618,0,4,19.9,0.0,3.4965075614664802,0,0,1,0,0,0,1,0,1,0,0,0,1,0,0,0,0,1,0,0,0,0,0,0,0,0,0,0,0,0,0,0,1,0,0,0,0,0,0,0,0,0,0,0,0,0,0,0,0,0,0,0
2,133.0,81.0,214.0,20,1,55.3819956044692,312.0,5,51,0.12535889125715724,0.019394511676194257,1,0,90.32154001873245,0.6078975027165645,0,5,107.0,0.05,4.343805421853684,0,0,1,0,0,0,1,0,0,0,1,0,0,1,0,0,0,1,0,0,0,0,0,0,0,1,0,0,0,0,0,0,0,0,0,0,0,0,0,0,0,0,0,0,0,0,0,0,0,0,0,0
2,712.0,242.0,954.0,30,0,73.00336482484646,924.0,4,65,0.16410637891155444,0.10617684329227178,0,0,156.9963931343779,0.5150880457660627,0,6,477.0,0.0,3.295836866004329,1,0,1,0,0,1,0,0,0,0,1,0,1,0,0,0,0,1,0,0,0,0,0,0,0,0,0,0,0,0,0,0,0,0,0,0,0,0,0,0,0,0,0,0,0,0,0,0,0,0,1,0
4,973.0,332.0,1305.0,20,0,79.35371728889874,162.0,9,139,0.16659809510438897,0.3646698184278819,0,0,152.524546219378,0.899407696190502,0,7,326.25,0.0,2.0794415416798357,0,0,1,0,0,0,1,0,0,0,1,0,0,1,0,0,0,1,0,0,0,0,0,0,0,0,0,0,0,0,0,0,0,1,0,0,0,0,0,0,0,0,0,0,0,0,0,0,0,0,0,0
1,754.0,58.0,812.0,41,1,78.66630489852928,96.0,5,38,0.35120671341071,0.25116528908754604,1,0,154.04610611094807,0.6453630809567773,0,8,812.0,0.024390243902439025,3.332204510175204,0,0,1,1,0,0,0,0,0,1,0,0,1,0,0,0,0,1,0,0,0,0,0,0,0,0,0,0,0,0,0,0,0,0,0,0,0,0,0,0,0,0,0,0,1,0,0,0,0,0,0,0
1,352.0,139.0,491.0,48,0,69.22486703436941,68.0,6,65,0.09822346399982441,0.284238359450876,0,1,183.03892217762723,0.5596447776520748,0,9,491.0,0.0,2.995732273553991,0,0,1,0,1,0,0,0,0,0,1,0,1,0,0,0,0,1,0,0,0,0,0,0,0,0,0,0,0,0,0,0,0,0,0,0,0,0,0,0,0,0,0,0,0,0,0,1,0,0,0,0
7,37.0,304.0,341.0,34,1,75.2430935921633,684.0,6,199,0.08353702243930838,0.0544607211406342,0,0,119.58152883720642,0.6085419448757616,0,10,48.714285714285715,0.029411764705882353,3.6109179126442243,0,0,1,0,0,0,1,0,0,1,0,0,0,1,0,0,0,1,0,0,0,0,0,0,0,0,0,0,0,0,0,0,0,0,0,0,0,0,1,0,0,0,0,0,0,0,0,0,0,0,0,0
1,253.0,30.0,283.0,170,2,52.95348005606439,691.0,8,34,0.4015686977043279,0.046169101870550504,0,0,133.2608526329163,0.6450948860649727,0,11,283.0,0.011764705882352941,2.772588722239781,0,0,1,0,0,1,0,0,0,0,0,1,0,1,0,0,0,1,0,0,0,0,0,0,0,0,0,0,0,0,0,0,0,0,1,0,0,0,0,0,0,0,0,0,0,0,0,0,0,0,0,0
8,37.0,111.0,148.0,25,0,80.52200424834574,104.0,6,117,0.07702132577488269,0.08945191602280833,0,0,31.42118862216706,0.4811326656081028,0,12,18.5,0.0,4.787491742782046,0,0,1,0,0,1,0,0,0,0,0,1,0,0,1,0,0,1,0,0,0,0,0,0,0,0,0,1,0,0,0,0,0,0,0,0,0,0,0,0,0,0,0,0,0,0,0,0,0,0,0,0
11,28.0,32.0,60.0,136,0,76.93687013724055,120.0,4,34,0.1407691161050094,0.25377056938805087,0,1,164.63290786297506,0.5863029908967096,0,13,5.454545454545454,0.0,2.5649493574615367,0,0,1,1,0,0,0,0,0,1,0,0,1,0,0,0,0,1,0,0,0,0,0,0,0,0,0,0,0,0,0,0,0,0,0,0,0,0,1,0,0,0,0,0,0,0,0,0,0,0,0,0
2,193.0,37.0,230.0,19,2,98.68393073019429,159.0,9,142,0.08336220312605581,0.2860737521077952,0,0,160.78345670360753,0.8370024499933263,0,14,115.0,0.10526315789473684,3.044522437723423,0,0,1,1,0,0,0,0,0,0,0,1,0,0,1,0,0,1,0,0,0,0,0,0,0,0,0,0,0,0,0,0,0,0,0,0,0,0,0,0,0,0,0,0,0,0,0,1,0,0,0,0
4,263.0,59.0,322.0,47,0,75.08975575714857,472.0,19,29,0.25581010854529124,0.041694923845279966,0,1,174.24137219138908,0.6317676510060904,0,15,80.5,0.0,3.4011973816621555,0,0,1,0,1,0,0,0,1,0,0,0,0,1,0,0,0,1,0,0,0,0,0,0,0,0,0,0,0,0,0,0,0,0,0,0,0,0,0,0,0,0,0,0,0,0,0,0,0,1,0,0
8,400.0,185.0,585.0,115,0,63.68796777424705,81.0,9,116,0.21578660562859353,0.24522279455342497,0,0,82.53278371321883,0.7572473467743539,0,16,73.125,0.0,2.3978952727983707,0,0,1,0,1,0,0,0,0,0,1,0,0,0,1,0,0,1,0,0,0,0,0,0,0,1,0,0,0,0,0,0,0,0,0,0,0,0,0,0,0,0,0,0,0,0,0,0,0,0,0,0
2,256.0,77.0,333.0,110,2,74.39132239093416,50.0,5,90,0.11817888904055697,0.32174966480162914,0,0,158.48181543180462,0.34248224136248584,0,17,166.5,0.01818181818181818,3.6109179126442243,0,0,1,0,0,0,0,1,0,0,1,0,0,0,1,0,0,1,0,0,0,0,0,0,0,0,0,0,0,0,0,0,0,0,0,0,0,0,0,0,0,0,1,0,0,0,0,0,0,0,0,0
6,266.0,53.0,319.0,31,1,71.06640239980996,913.0,8,139,0.146295270127535,0.5238495077330118,0,1,160.7499718575182,0.9162095984387914,0,18,53.166666666666664,0.03225806451612903,4.7535901911063645,1,0,1,0,0,0,0,1,0,0,1,0,1,0,0,0,0,1,0,0,0,0,0,0,0,0,0,0,0,0,0,0,1,0,0,0,0,0,0,0,0,0,0,0,0,0,0,0,0,0,0,0
1,50.0,116.0,166.0,69,1,80.21649442524478,249.0,2,5,0.16629070808239027,0.1685242505100249,1,0,93.96333549041724,0.479854902578008,0,19,166.0,0.014492753623188406,2.8903717578961645,0,0,1,1,0,0,0,0,0,0,1,0,0,1,0,0,0,1,0,0,0,0,0,0,0,0,0,0,0,0,0,0,0,0,0,0,0,0,0,0,1,0,0,0,0,0,0,0,0,0,0,0
2,132.0,31.0,163.0,62,0,75.32270474070224,275.0,8,105,0.168262448201776,0.07061630366387449,0,0,162.23857707856223,0.4888489905354565,1,20,81.5,0.0,3.6635616461296463,0,0,1,1,0,0,0,0,0,0,1,0,0,1,0,0,0,1,0,0,0,0,0,0,0,0,0,0,0,0,0,0,0,0,0,0,0,0,0,0,0,0,0,0,0,0,0,0,0,0,1,0
1,28.0,176.0,204.0,29,2,59.88063958736828,173.0,6,110,0.2932527261939273,0.1500785209628442,0,1,138.52162844131874,0.4859318262614083,0,21,204.0,0.06896551724137931,1.0986122886681098,0,0,1,0,0,1,0,0,0,0,1,0,1,0,0,0,0,1,0,0,0,0,0,0,0,0,0,0,0,0,0,0,0,0,0,0,0,0,0,0,1,0,0,0,0,0,0,0,0,0,0,0
4,16.0,381.0,397.0,73,1,74.15899438766813,277.0,4,51,0.078856129263181,0.2089935804512554,1,0,52.0795290508386,0.7045137253065427,0,22,99.25,0.0136986301369863,3.295836866004329,0,0,1,0,0,0,0,1,1,0,0,0,1,0,0,0,0,1,0,0,0,0,0,0,0,0,0,0,0,0,0,0,0,0,0,0,0,0,0,0,0,0,0,0,1,0,0,0,0,0,0,0
8,335.0,100.0,435.0,198,1,78.1548984315962,69.0,5,63,0.24245558163975095,0.5184240128643188,1,1,143.37923281879608,0.6209912671742429,0,23,54.375,0.005050505050505051,3.044522437723423,1,0,1,0,0,1,0,0,0,0,1,0,0,0,1,0,0,1,0,0,0,0,0,0,0,0,0,0,0,0,0,0,0,0,0,0,0,0,0,0,0,0,0,0,0,0,0,0,0,1,0,0
2,64.0,87.0,151.0,65,1,91.59737449283087,111.0,6,142,0.011724913616193357,0.07371283535310824,0,0,89.31172546286676,0.3837116645657621,0,0,75.5,0.015384615384615385,2.5649493574615367,0,0,1,0,0,1,0,0,0,0,1,0,1,0,0,0,0,0,1,0,0,0,0,0,0,0,0,0,0,1,0,0,0,0,0,0,0,0,0,0,0,0,0,0,0,0,0,0,0,0,0,0
1,387.0,165.0,552.0,70,1,75.95217460862064,215.0,18,112,0.268961511248553,0.4056631750497142,0,1,52.96272341553771,0.8986477839847389,0,1,552.0,0.014285714285714285,4.276666119016055,0,0,1,1,0,0,0,0,1,0,0,0,0,1,0,0,0,0,1,0,0,0,0,0,0,0,0,0,0,0,0,0,0,1,0,0,0,0,0,0,0,0,0,0,0,0,0,0,0,0,0,0
1,502.0,11.0,513.0,76,0,84.75956824704248,40.0,19,117,0.1596988380432517,0.18453665887175377,0,1,134.6621310226657,0.7914606662326549,0,2,513.0,0.0,3.044522437723423,0,0,1,1,0,0,0,0,0,0,1,0,0,1,0,0,0,0,1,0,0,0,0,0,0,0,0,0,0,0,0,0,0,0,0,0,0,0,0,0,1,0,0,0,0,0,0,0,0,0,0,0
4,75.0,198.0,273.0,13,0,87.1537098504432,162.0,4,187,0.04290469467573372,0.2572224909705037,0,0,117.38677187610155,0.2785090427229463,0,3,68.25,0.0,3.1780538303479458,0,1,1,0,0,1,0,0,0,1,0,0,0,0,1,0,0,0,1,0,0,0,0,0,0,0,0,0,0,0,0,0,0,0,0,0,0,0,0,0,0,1,0,0,0,0,0,0,0,0,0,0
14,284.0,1292.3199999999988,2506.4799999999996,64,0,78.20150214953603,155.0,6,83,0.1390908087410979,0.17893718189591676,0,0,176.15254284123628,0.7966789883100083,0,4,179.0342857142857,0.0,2.995732273553991,0,0,1,0,0,0,1,0,0,0,1,0,1,0,0,0,0,0,1,0,0,0,0,0,0,0,0,0,0,0,1,0,0,0,0,0,0,0,0,0,0,0,0,0,0,0,0,0,0,0,0,0
4,71.0,96.0,167.0,19,0,65.2261021456631,162.0,6,174,0.13963992667666558,0.7805239833531333,0,1,127.26876484161951,0.6350087878288776,0,5,41.75,0.0,1.6094379124341003,0,0,1,1,0,0,0,0,0,0,1,0,0,0,1,0,0,0,1,0,0,0,0,1,0,0,0,0,0,0,0,0,0,0,0,0,0,0,0,0,0,0,0,0,0,0,0,0,0,0,0,0
2,19.0,96.0,115.0,27,0,77.34369702054677,136.0,15,194,0.20358337253297162,0.17195980773742234,0,0,151.1407730694808,0.5964494535181405,0,6,57.5,0.0,2.302585092994046,0,0,1,0,0,0,1,0,1,0,0,0,0,0,1,0,0,0,1,0,0,0,0,0,0,0,0,0,0,0,0,0,0,0,0,0,0,0,0,0,0,0,0,0,1,0,0,0,0,0,0,0
6,169.0,249.0,418.0,252,0,89.48487465120577,99.0,9,117,0.014945593670096905,0.04430057066302288,0,0,140.352374642006,0.6317676510060904,0,7,69.66666666666667,0.0,4.174387269895637,0,0,1,0,0,0,0,1,0,0,1,0,1,0,0,0,0,0,1,0,0,0,0,0,0,0,0,0,0,0,0,0,1,0,0,0,0,0,0,0,0,0,0,0,0,0,0,0,0,0,0,0
2,88.0,671.0,759.0,36,1,81.35868659519898,55.0,9,46,0.3865681458066914,0.233274727138956,0,0,160.83829418771177,0.5919933673253102,0,8,379.5,0.027777777777777776,1.6094379124341003,0,0,1,0,0,1,0,0,0,1,0,0,0,1,0,0,0,0,1,0,0,0,0,0,0,0,0,0,0,0,1,0,0,0,0,0,0,0,0,0,0,0,0,0,0,0,0,0,0,0,0,0
2,91.0,321.0,412.0,24,0,74.15899438766813,221.0,13,86,0.09728141125060966,0.18597094106518658,0,0,84.5437061983902,0.328804095070423,0,9,206.0,0.0,2.6390573296152584,0,1,1,1,0,0,0,0,0,0,1,0,0,0,1,0,0,0,1,0,0,0,0,0,0,0,0,0,0,0,0,0,0,0,0,0,0,1,0,0,0,0,0,0,0,0,0,0,0,0,0,0
1,1303.0,10.0,1313.0,112,0,69.4494450996981,162.0,5,14,0.052372993856614425,0.1338026396834079,1,0,127.94146520450732,0.47298443270650753,0,10,1313.0,0.0,2.9444389791664403,0,0,1,0,0,1,0,0,0,0,0,1,1,0,0,0,0,0,1,0,0,0,0,0,0,0,0,0,0,0,0,0,1,0,0,0,0,0,0,0,0,0,0,0,0,0,0,0,0,0,0,0
10,27.0,204.0,231.0,20,0,72.57175488305421,76.0,23,141,0.1290407943489503,0.12403911457152611,0,0,114.3705638771121,0.5127364102337156,0,11,23.1,0.0,4.875197323201151,0,1,1,0,0,1,0,0,0,0,0,1,0,1,0,0,0,0,1,0,0,0,0,0,0,0,0,0,0,0,0,0,0,0,0,0,0,0,0,0,0,0,0,0,0,0,1,0,0,0,0,0
1,226.0,1292.3199999999988,2087.0,31,0,73.5752722691956,209.0,9,58,0.13783434083370838,0.28362088408253255,0,0,146.14733535355083,0.6833637960290322,0,12,2087.0,0.0,4.007333185232471,0,0,1,0,1,0,0,0,0,0,1,0,0,0,1,0,0,0,1,0,0,0,0,0,0,0,0,0,0,0,0,0,0,0,0,0,0,0,0,0,0,0,0,0,0,0,1,0,0,0,0,0
6,49.0,218.0,267.0,121,1,74.38394396955844,162.0,4,185,0.09452434203130337,0.45283194078541716,0,0,130.23252307056657,0.6018161174091047,0,13,44.5,0.008264462809917356,3.332204510175204,0,0,1,0,1,0,0,0,0,1,0,0,0,0,1,0,0,0,1,0,0,0,0,0,0,0,0,0,0,0,0,0,0,0,0,0,0,0,1,0,0,0,0,0,0,0,0,0,0,0,0,0
2,403.0,30.0,433.0,46,0,89.0154997921483,145.0,7,132,0.09976642811786542,0.09193960487336796,0,0,95.4384853605667,0.5090913693019622,0,14,216.5,0.0,4.477336814478207,0,0,1,0,0,0,0,1,0,0,1,0,0,1,0,0,0,0,1,0,0,0,0,0,0,0,0,0,0,0,0,0,0,0,0,0,0,0,0,0,0,0,0,0,0,0,0,1,0,0,0,0
2,206.0,149.0,355.0,12,0,46.83391525994199,44.0,21,100,0.02636642229862556,0.10721232196704268,0,0,106.48265840325938,0.560776991473516,0,15,177.5,0.0,2.6390573296152584,0,0,1,0,1,0,0,0,1,0,0,0,0,1,0,0,0,0,1,0,0,0,0,0,0,0,0,0,0,0,0,0,0,0,0,0,0,0,0,0,0,0,0,1,0,0,0,0,0,0,0,0
12,225.0,26.0,251.0,69,1,75.36645965498205,323.0,6,41,0.2506695669531935,0.27020441298050263,0,0,185.94010834155603,0.3345587906188542,0,16,20.916666666666668,0.014492753623188406,4.219507705176107,0,0,1,1,0,0,0,0,0,0,1,0,0,0,1,0,0,0,1,0,0,0,0,0,0,0,0,0,0,0,0,0,0,0,0,0,0,0,0,0,0,0,0,0,0,0,1,0,0,0,0,0
1,52.0,426.0,478.0,32,0,74.04604349166175,84.0,17,24,0.041330947287317295,0.3033941500416234,0,0,52.22595527154864,0.9548031090270303,0,17,478.0,0.0,2.0794415416798357,0,0,1,0,0,0,0,1,0,0,1,0,1,0,0,0,0,0,1,0,0,0,0,0,0,0,0,0,0,0,0,0,0,0,0,0,1,0,0,0,0,0,0,0,0,0,0,0,0,0,0,0
1,63.0,38.0,101.0,153,0,58.54198630267021,209.0,5,136,0.11648081010927183,0.3827015702831911,0,0,148.37458827461336,0.7881504296415436,0,18,101.0,0.0,4.276666119016055,0,1,1,0,0,1,0,0,0,0,1,0,0,0,1,0,0,0,1,0,0,0,0,0,0,0,0,0,0,0,0,0,0,0,0,0,0,0,0,0,0,0,0,0,0,1,0,0,0,0,0,0
2,411.0,119.0,530.0,27,1,83.06120659904958,113.0,5,154,0.3301996634948189,0.09666653764359585,0,0,169.6578518693206,0.6973609426187631,0,19,265.0,0.037037037037037035,2.9444389791664403,0,0,1,0,0,1,0,0,0,0,0,1,1,0,0,0,0,0,1,0,0,0,0,0,0,0,0,1,0,0,0,0,0,0,0,0,0,0,0,0,0,0,0,0,0,0,0,0,0,0,0,0
4,1040.0,42.0,1082.0,103,0,66.30599769666091,152.0,14,56,0.07523576127939885,0.25939232844556104,0,0,143.15348610009548,0.7755160668436887,1,20,270.5,0.0,2.3978952727983707,1,0,1,0,1,0,0,0,0,0,1,0,1,0,0,0,0,0,1,0,0,0,0,0,0,0,0,0,0,0,0,0,0,1,0,0,0,0,0,0,0,0,0,0,0,0,0,0,0,0,0,0
2,251.0,60.0,311.0,185,1,70.71560820776209,448.0,4,7,0.21127897099219808,0.208804762008941,0,1,198.8403300519198,0.778434763060123,0,21,155.5,0.005405405405405406,3.1354942159291497,0,1,1,0,0,1,0,0,0,0,0,1,0,1,0,0,0,0,1,0,0,0,0,0,0,0,0,0,0,0,0,0,0,0,0,0,0,0,0,0,0,1,0,0,0,0,0,0,0,0,0,0
1,55.0,563.0,618.0,22,1,97.18538289304851,290.0,16,67,0.1223342971596576,0.2033773188268429,0,0,157.5406258830089,0.555560199879989,0,22,618.0,0.045454545454545456,3.5553480614894135,1,0,1,0,1,0,0,0,0,0,1,0,1,0,0,0,0,0,1,0,0,0,0,0,0,0,0,0,0,0,0,0,0,0,0,0,0,0,0,0,0,0,0,0,0,0,0,0,1,0,0,0
1,215.0,123.0,338.0,38,2,87.11968379446867,441.0,11,154,0.2430327731755039,0.38000817705249124,0,0,135.3649485495079,0.43328236954140986,0,23,338.0,0.05263157894736842,2.8903717578961645,0,0,1,0,0,0,1,0,0,0,0,1,0,0,1,0,0,0,1,0,0,0,0,0,0,0,0,0,0,1,0,0,0,0,0,0,0,0,0,0,0,0,0,0,0,0,0,0,0,0,0,0
9,2143.0,59.0,2202.0,61,0,81.8938432697414,252.0,4,118,0.2598428836053643,0.21795965835626296,1,0,101.33081766328445,0.5269701004716174,0,0,244.66666666666666,0.0,3.8066624897703196,0,0,0,0,0,1,0,0,1,0,0,0,0,0,1,0,1,0,0,0,0,0,0,0,0,0,0,0,0,0,0,0,0,0,0,0,0,0,0,0,0,0,0,0,0,1,0,0,0,0,0,0
3,166.0,31.0,197.0,22,1,79.56932321573285,264.0,8,21,0.25042773481583863,0.0627727279935441,0,1,136.10669788723737,0.2275672288211966,0,1,65.66666666666667,0.045454545454545456,2.833213344056216,0,0,0,0,0,1,0,0,1,0,0,0,1,0,0,0,1,0,0,0,0,0,0,0,0,0,0,0,0,0,0,0,0,0,0,0,0,1,0,0,0,0,0,0,0,0,0,0,0,0,0,0
4,741.0,14.0,755.0,55,1,73.0238397306559,57.0,6,27,0.3514966869254846,0.4018902301165416,0,1,147.26727680752376,0.750638461173004,0,2,188.75,0.01818181818181818,3.871201010907891,0,0,0,1,0,0,0,0,0,0,0,1,0,1,0,0,1,0,0,0,0,0,0,0,0,0,0,0,0,0,0,0,0,1,0,0,0,0,0,0,0,0,0,0,0,0,0,0,0,0,0,0
2,65.0,27.0,92.0,37,0,98.99252718444122,160.0,11,25,0.09498111385896504,0.059088099090662385,0,0,120.1400169744111,0.8392799199113122,0,3,46.0,0.0,3.713572066704308,0,0,0,0,0,1,0,0,0,0,1,0,0,1,0,0,1,0,0,0,0,0,0,0,0,0,0,0,0,0,0,0,0,0,0,0,0,0,0,1,0,0,0,0,0,0,0,0,0,0,0,0
1,141.0,124.0,265.0,36,2,84.62601157728287,171.0,33,152,0.13102203427541653,0.16279742078771786,0,0,90.28693563021727,0.6976292730800594,0,4,265.0,0.05555555555555555,3.258096538021482,0,0,0,0,1,0,0,0,0,0,1,0,1,0,0,0,1,0,0,0,0,0,0,0,0,0,0,0,0,0,0,0,0,0,0,0,0,0,0,0,0,0,0,0,0,0,0,1,0,0,0,0
12,293.0,323.0,616.0,46,0,66.00540103241697,471.0,6,157,0.21637057514539257,0.3743945455855218,1,0,71.83109335974218,0.4745086539286765,0,5,51.333333333333336,0.0,2.9444389791664403,0,0,0,0,0,0,0,1,0,0,1,0,0,0,1,0,1,0,0,0,0,0,0,0,0,0,0,0,0,0,0,0,0,0,0,0,0,1,0,0,0,0,0,0,0,0,0,0,0,0,0,0
2,229.0,59.0,288.0,47,1,58.19877266138815,140.0,13,84,0.05124548564976795,0.17640882099563962,0,0,127.41627541523891,0.7352081134178652,0,6,144.0,0.02127659574468085,3.4657359027997265,0,0,0,0,0,0,0,1,0,1,0,0,0,0,1,0,1,0,0,0,0,0,0,0,0,0,0,0,0,0,0,0,1,0,0,0,0,0,0,0,0,0,0,0,0,0,0,0,0,0,0,0
2,63.0,618.0,681.0,50,1,81.80205602387123,241.0,9,139,0.14014435034066894,0.07768147331582245,1,0,60.78735168873716,0.6267487822312833,0,7,340.5,0.02,3.8066624897703196,1,0,0,1,0,0,0,0,1,0,0,0,0,0,1,0,1,0,0,0,0,0,0,0,0,0,0,0,0,0,0,0,0,0,0,0,0,0,0,0,0,0,0,0,0,0,0,0,0,0,0,1
7,60.0,49.0,109.0,27,0,74.32957044145866,234.0,9,9,0.08112931502835682,0.16104716547857156,0,0,101.13829242169936,0.847442212098885,0,8,15.571428571428571,0.0,5.159055299214529,0,1,0,0,1,0,0,0,1,0,0,0,0,0,1,0,1,0,0,0,0,0,0,0,0,0,1,0,0,0,0,0,0,0,0,0,0,0,0,0,0,0,0,0,0,0,0,0,0,0,0,0
1,440.0,84.0,524.0,28,0,57.85274199664599,450.0,8,114,0.5039452871549696,0.2916713032304016,0,0,31.42118862216706,0.9461589431518411,0,9,524.0,0.0,4.1588830833596715,0,0,0,0,0,0,1,0,0,0,0,1,0,0,1,0,1,0,0,0,0,0,0,0,0,0,0,0,0,0,0,0,0,0,0,0,0,0,0,0,0,0,0,0,0,0,1,0,0,0,0,0
2,550.0,33.0,583.0,40,2,80.14303398853899,182.0,4,58,0.47108431479634205,0.08337680444143798,0,0,153.32074118484985,0.5555678049218136,0,10,291.5,0.05,4.189654742026425,0,0,0,1,0,0,0,0,0,0,0,1,0,0,1,0,1,0,0,0,0,0,0,0,0,0,0,0,0,0,0,0,0,0,0,0,0,0,0,0,0,0,0,0,0,1,0,0,0,0,0,0
3,783.0,326.0,1109.0,43,0,71.77167407626175,357.0,11,165,0.05989456369822789,0.28646320202657494,1,0,166.1618683668475,0.39920482757838344,0,11,369.6666666666667,0.0,6.07993319509559,0,0,0,0,0,0,1,0,0,0,0,1,0,0,1,0,1,0,0,0,0,0,0,0,0,0,0,0,0,0,0,0,0,0,0,0,0,0,0,0,0,0,0,0,0,0,0,0,0,0,1,0
3,1079.0,1104.0,2183.0,31,0,81.36797910632964,60.0,7,100,0.2936060043286992,0.29618282579153693,0,0,123.15792241049758,0.7285883108114203,0,12,727.6666666666666,0.0,3.784189633918261,0,0,0,0,0,0,0,1,0,0,1,0,0,1,0,0,1,0,0,0,0,0,0,1,0,0,0,0,0,0,0,0,0,0,0,0,0,0,0,0,0,0,0,0,0,0,0,0,0,0,0,0
4,172.0,15.0,187.0,57,0,80.30088257497088,64.0,4,171,0.13398739297612214,0.15712253240812551,0,0,193.25836127439197,0.517828739898332,0,13,46.75,0.0,3.7376696182833684,0,0,0,1,0,0,0,0,0,1,0,0,0,0,1,0,1,0,0,0,0,0,0,0,0,0,0,0,0,1,0,0,0,0,0,0,0,0,0,0,0,0,0,0,0,0,0,0,0,0,0,0
17,105.0,75.0,180.0,10,1,67.70083174147393,40.0,18,114,0.3389016998862497,0.19866712323866392,1,0,173.8954700886509,0.4684858525872969,0,14,10.588235294117647,0.1,3.9512437185814275,0,0,0,0,0,1,0,0,0,0,1,0,1,0,0,0,1,0,0,0,0,0,0,0,0,0,0,0,0,0,0,0,0,0,0,1,0,0,0,0,0,0,0,0,0,0,0,0,0,0,0,0
4,655.0,441.0,1096.0,24,0,82.59413717309046,347.0,9,94,0.2044027853942073,0.3712705165928454,0,1,139.1914286058884,0.6957620527687232,0,15,274.0,0.0,2.3978952727983707,1,0,0,0,1,0,0,0,0,0,1,0,1,0,0,0,1,0,0,0,0,0,0,0,0,0,0,0,0,1,0,0,0,0,0,0,0,0,0,0,0,0,0,0,0,0,0,0,0,0,0,0
1,325.0,22.0,347.0,35,1,69.02513900838122,321.0,7,189,0.18440254619248592,0.4073227511241513,0,0,115.4714255635113,0.6752313141667592,0,16,347.0,0.02857142857142857,2.9444389791664403,0,1,0,0,0,0,1,0,1,0,0,0,0,0,1,0,1,0,0,0,0,0,0,0,0,0,0,0,0,1,0,0,0,0,0,0,0,0,0,0,0,0,0,0,0,0,0,0,0,0,0,0
4,50.0,205.0,255.0,22,1,69.80541752182835,375.0,23,199,0.15948234074469286,0.24546161319471413,0,0,106.02407524467009,0.2790360051575007,0,17,63.75,0.045454545454545456,2.8903717578961645,0,0,0,0,0,0,1,0,1,0,0,0,0,0,1,0,1,0,0,0,0,0,0,0,0,0,0,0,0,0,0,1,0,0,0,0,0,0,0,0,0,0,0,0,0,0,0,0,0,0,0,0
3,47.0,421.0,468.0,164,0,68.61274312054347,124.0,2,93,0.0834058963766207,0.3485096406687345,1,2,142.49964297439956,0.6304489578974053,0,18,156.0,0.0,3.8918202981106265,1,0,0,1,0,0,0,0,1,0,0,0,0,0,1,0,1,0,0,0,0,0,0,0,0,0,0,0,0,0,0,0,0,0,0,0,0,0,0,0,1,0,0,0,0,0,0,0,0,0,0,0
3,254.0,119.0,373.0,45,0,88.57169313367525,135.0,21,74,0.21128823939753855,0.1747986497376825,0,0,114.3509263642285,0.6279104763927551,0,19,124.33333333333333,0.0,3.1780538303479458,0,0,0,1,0,0,0,0,0,0,0,1,1,0,0,0,1,0,0,0,0,0,0,0,0,1,0,0,0,0,0,0,0,0,0,0,0,0,0,0,0,0,0,0,0,0,0,0,0,0,0,0
4,122.0,201.0,323.0,51,0,71.63313134334767,184.0,4,131,0.35902922388385994,0.011423858023422545,0,0,141.929208066298,0.8285928059990347,0,20,80.75,0.0,3.4339872044851463,0,0,0,0,1,0,0,0,1,0,0,0,0,1,0,0,1,0,0,0,0,0,0,0,0,0,0,0,0,0,0,0,0,0,0,0,0,0,0,1,0,0,0,0,0,0,0,0,0,0,0,0
3,144.0,762.0,906.0,30,2,91.46931816677102,550.0,10,38,0.13310762897834083,0.09392009028454391,1,0,144.89814455331384,0.6038567056468016,0,21,302.0,0.06666666666666667,4.290459441148391,0,0,0,0,0,1,0,0,0,0,0,1,0,0,1,0,1,0,0,0,0,0,0,0,0,0,0,0,0,0,0,0,0,0,0,0,0,0,1,0,0,0,0,0,0,0,0,0,0,0,0,0
3,482.0,937.0,1419.0,44,1,96.40181844224232,655.0,5,80,0.24203161964953956,0.01742102977642868,0,0,110.81683008759418,0.7339194877148034,0,22,473.0,0.022727272727272728,4.07753744390572,0,1,0,0,0,1,0,0,0,0,0,1,1,0,0,0,1,0,0,0,0,0,0,0,0,0,0,0,0,0,0,0,0,0,0,0,0,0,0,0,0,0,0,1,0,0,0,0,0,0,0,0
5,342.0,102.0,444.0,16,0,66.13537035774661,349.0,4,169,0.39485378010436684,0.18936996894093372,0,0,163.83143262491956,0.5073338005105873,0,23,88.8,0.0,3.332204510175204,0,0,0,1,0,0,0,0,0,0,1,0,0,0,1,0,1,0,0,0,0,0,0,0,0,0,0,0,0,0,0,0,0,0,0,0,0,0,0,0,0,0,1,0,0,0,0,0,0,0,0,0
2,640.0,61.0,701.0,39,0,39.9480562236368,252.0,22,179,0.4224122326449512,0.0211867522018646,0,0,110.85794972110347,0.2954591820053895,0,0,350.5,0.0,2.70805020110221,0,0,0,0,1,0,0,0,1,0,0,0,0,0,1,0,0,0,0,0,1,0,0,0,0,0,0,0,0,0,0,0,0,0,0,0,0,0,1,0,0,0,0,0,0,0,0,0,0,0,0,0
1,17.0,39.0,56.0,21,0,87.53411451925527,510.0,33,86,0.1776097673222768,0.058222123987257214,0,0,120.85354194581299,0.3671478001387365,0,1,56.0,0.0,4.330733340286331,0,0,0,0,1,0,0,0,1,0,0,0,0,1,0,0,0,0,0,0,1,0,0,0,0,0,0,0,0,0,0,0,0,0,0,0,0,0,0,0,0,0,0,0,0,0,0,0,0,0,1,0
37,196.0,322.0,518.0,35,2,70.8963372316783,167.0,7,81,0.06317503090488039,0.14815466270542257,0,0,80.89901598702534,0.8252874191142352,0,2,14.0,0.05714285714285714,4.007333185232471,0,0,0,0,1,0,0,0,0,0,1,0,1,0,0,0,0,0,0,0,1,0,0,0,0,0,0,0,0,0,0,0,0,0,0,0,0,0,1,0,0,0,0,0,0,0,0,0,0,0,0,0
1,318.0,24.0,342.0,5,0,64.6057630424161,152.0,11,175,0.3862434139464186,0.5190621972160556,0,0,109.17533060028296,0.6887610218512809,0,3,342.0,0.0,1.9459101490553132,0,0,0,0,0,1,0,0,0,1,0,0,0,0,1,0,0,0,0,0,1,0,0,0,0,0,0,0,0,0,0,0,0,0,0,0,0,1,0,0,0,0,0,0,0,0,0,0,0,0,0,0
3,27.0,83.0,110.0,18,0,67.93538272616438,183.0,9,44,0.2233274660490019,0.31781224501979366,0,0,206.3279382390165,0.3508552100693956,0,4,36.666666666666664,0.0,3.044522437723423,0,0,0,0,0,1,0,0,0,0,0,1,0,0,1,0,0,0,0,0,1,0,0,0,0,0,0,0,0,0,0,0,0,0,0,0,0,0,0,0,0,0,0,0,0,0,0,0,0,0,0,1
1,72.0,123.0,195.0,144,2,70.02223414360765,100.0,30,16,0.1442027735218612,0.18041561735576098,0,0,83.98453724519123,0.7015148807673172,0,5,195.0,0.013888888888888888,3.4657359027997265,1,0,0,0,1,0,0,0,1,0,0,0,0,0,1,0,0,0,0,0,1,0,0,0,0,0,0,0,0,0,0,0,0,0,0,1,0,0,0,0,0,0,0,0,0,0,0,0,0,0,0,0
3,58.0,63.0,121.0,86,0,90.56631708832488,177.0,2,19,0.14154659887168317,0.27995696894914857,0,0,137.5084944149641,0.4902009607635706,0,6,40.333333333333336,0.0,4.007333185232471,0,0,0,0,0,0,1,0,1,0,0,0,1,0,0,0,0,0,0,0,1,0,0,0,0,0,0,0,0,0,0,0,0,0,0,0,0,0,0,0,0,0,0,0,0,0,0,0,0,0,1,0
1,151.0,149.0,300.0,128,0,76.91893487181018,91.0,11,26,0.03369107681021252,0.14693023090218088,0,0,101.82035391021734,0.19419197828042545,0,7,300.0,0.0,4.127134385045092,0,1,0,0,1,0,0,0,0,0,1,0,0,1,0,0,0,0,0,0,1,0,0,0,0,0,0,0,0,1,0,0,0,0,0,0,0,0,0,0,0,0,0,0,0,0,0,0,0,0,0,0
2,889.0,1292.3199999999988,2506.4799999999996,135,0,90.40318356129762,410.0,5,176,0.28046807347657543,0.3745467080193489,0,0,31.443939939362323,0.5185670737119381,0,8,1253.2399999999998,0.0,3.58351893845611,0,0,0,1,0,0,0,0,1,0,0,0,1,0,0,0,0,0,0,0,1,0,0,0,0,0,0,0,0,0,0,0,0,0,0,0,0,0,1,0,0,0,0,0,0,0,0,0,0,0,0,0
7,1373.0,96.0,1469.0,76,1,80.93064143134194,293.0,1,12,0.09652244237181162,0.0319110862490822,0,1,142.35881693147365,0.6987841645650917,0,9,209.85714285714286,0.013157894736842105,3.332204510175204,1,0,0,0,0,0,0,1,0,0,1,0,0,1,0,0,0,0,0,0,1,0,0,0,0,0,0,0,0,0,0,0,0,0,0,0,0,0,0,0,0,0,0,0,0,0,0,0,1,0,0,0
4,60.0,68.0,128.0,31,0,71.28923131259418,544.0,7,69,0.12907879529703825,0.20979631796978768,1,1,97.75502964238389,0.6839875047911032,0,10,32.0,0.0,3.367295829986474,1,1,0,0,0,0,1,0,0,0,0,1,0,1,0,0,0,0,0,0,1,0,0,0,1,0,0,0,0,0,0,0,0,0,0,0,0,0,0,0,0,0,0,0,0,0,0,0,0,0,0,0
5,264.0,335.0,599.0,19,2,74.15899438766813,64.0,32,122,0.1882598326720064,0.2677214396659767,1,0,132.76164865365357,0.8400518772082228,0,11,119.8,0.10526315789473684,2.70805020110221,0,0,0,0,0,1,0,0,1,0,0,0,0,0,1,0,0,0,0,0,1,0,0,0,0,0,0,0,0,0,0,0,0,0,0,0,0,0,1,0,0,0,0,0,0,0,0,0,0,0,0,0
1,274.0,143.0,417.0,111,0,81.73930500899522,758.0,5,123,0.4544664469842136,0.15417982381622325,1,1,159.58875850287487,0.5382207244068705,0,12,417.0,0.0,3.091042453358316,0,0,0,0,1,0,0,0,0,1,0,0,1,0,0,0,0,0,0,0,1,0,0,0,0,0,0,1,0,0,0,0,0,0,0,0,0,0,0,0,0,0,0,0,0,0,0,0,0,0,0,0
14,227.0,535.0,762.0,47,0,84.8451075519925,66.0,15,167,0.2551944969364436,0.18721244074920518,1,0,129.38393536752352,0.6099116653991679,1,13,54.42857142857143,0.0,3.332204510175204,0,0,0,0,1,0,0,0,0,0,1,0,0,1,0,0,0,0,0,0,1,0,0,0,0,0,0,0,0,0,0,0,0,0,0,0,0,0,0,0,0,0,0,1,0,0,0,0,0,0,0,0
1,230.0,131.0,361.0,328,1,86.96151222841043,86.0,20,196,0.28224987600934676,0.24342631759567268,1,1,133.13195383617983,0.5666364153131395,0,14,361.0,0.003048780487804878,3.295836866004329,0,1,0,1,0,0,0,0,1,0,0,0,1,0,0,0,0,0,0,0,1,0,1,0,0,0,0,0,0,0,0,0,0,0,0,0,0,0,0,0,0,0,0,0,0,0,0,0,0,0,0,0
11,207.0,83.0,290.0,33,1,71.86153786349108,129.0,8,83,0.2487556109303843,0.03981228442213407,0,0,85.282403047717,0.4796082746369259,0,15,26.363636363636363,0.030303030303030304,1.6094379124341003,0,0,0,1,0,0,0,0,0,1,0,0,0,0,1,0,0,0,0,0,1,0,0,0,0,0,0,0,0,0,0,0,0,0,0,0,1,0,0,0,0,0,0,0,0,0,0,0,0,0,0,0
7,949.0,15.0,964.0,216,1,77.10247027685367,500.0,9,50,0.18618350399828415,0.4761412395027568,0,1,148.27301443431838,0.42031602717519584,0,16,137.71428571428572,0.004629629629629629,2.9444389791664403,0,0,0,0,0,1,0,0,0,0,1,0,0,1,0,0,0,0,0,0,1,0,0,0,0,0,0,0,0,0,0,0,0,0,0,0,0,0,0,1,0,0,0,0,0,0,0,0,0,0,0,0
5,499.0,18.0,517.0,39,1,82.00848491106392,234.0,2,22,0.05856336743368017,0.05934632219224794,0,0,112.41263944838914,0.6075542934582453,0,17,103.4,0.02564102564102564,3.367295829986474,1,0,0,0,0,0,1,0,0,0,1,0,0,0,1,0,0,0,0,0,1,0,0,0,0,0,0,0,0,0,0,0,0,0,0,0,0,0,0,0,0,0,1,0,0,0,0,0,0,0,0,0
1,46.0,14.0,60.0,130,0,70.39241968875766,168.0,5,178,0.12230884273192745,0.3653219858775878,0,0,40.06285570797874,0.5910912255872848,0,18,60.0,0.0,3.091042453358316,0,0,0,1,0,0,0,0,0,1,0,0,0,0,1,0,0,0,0,0,1,0,0,0,0,0,0,0,0,0,0,0,0,0,0,0,0,0,0,0,0,0,0,0,0,0,0,1,0,0,0,0
3,356.0,166.0,522.0,173,1,61.380719594366795,115.0,17,77,0.3419082502377705,0.2789872834653305,0,0,153.0897771484772,0.6317676510060904,0,19,174.0,0.005780346820809248,3.091042453358316,0,0,0,0,0,1,0,0,1,0,0,0,0,0,1,0,0,0,0,0,1,0,0,0,0,0,0,0,0,0,0,0,0,0,0,0,0,0,0,0,0,0,0,0,0,1,0,0,0,0,0,0
2,396.0,24.0,420.0,19,0,65.32474719957452,76.0,9,180,0.17926401944717454,0.05157327284704121,0,0,165.31931411730056,0.761885002187531,0,20,210.0,0.0,3.7612001156935624,0,0,0,0,0,0,0,1,0,1,0,0,1,0,0,0,0,0,0,0,1,0,0,0,0,1,0,0,0,0,0,0,0,0,0,0,0,0,0,0,0,0,0,0,0,0,0,0,0,0,0,0
3,209.0,437.0,646.0,30,0,72.10757468942417,442.0,11,72,0.11067119294698365,0.06205531212553292,0,0,179.2448982223389,0.86506995080276,0,21,215.33333333333334,0.0,2.3978952727983707,0,1,0,0,0,0,0,1,0,0,1,0,1,0,0,0,0,0,0,0,1,0,0,0,1,0,0,0,0,0,0,0,0,0,0,0,0,0,0,0,0,0,0,0,0,0,0,0,0,0,0,0
2,515.0,113.0,628.0,19,2,82.94648567064361,350.0,9,152,0.48047204414251654,0.07697636359100526,0,1,206.83292009624893,0.675145522408948,0,22,314.0,0.10526315789473684,1.9459101490553132,0,0,0,0,0,0,0,1,0,1,0,0,0,1,0,0,0,0,0,0,1,0,0,0,1,0,0,0,0,0,0,0,0,0,0,0,0,0,0,0,0,0,0,0,0,0,0,0,0,0,0,0
1,182.0,84.0,266.0,16,1,90.10772994686522,516.0,41,130,0.2572616559550647,0.10455509736922305,0,0,150.94138190511032,0.834318684874717,0,23,266.0,0.0625,2.995732273553991,0,1,0,0,1,0,0,0,0,0,1,0,1,0,0,0,0,0,0,0,1,0,0,0,0,0,0,0,0,0,0,0,0,0,1,0,0,0,0,0,0,0,0,0,0,0,0,0,0,0,0,0
8,185.0,43.0,228.0,76,0,58.727433495184556,264.0,6,144,0.25046559947583114,0.11440441139811161,0,0,140.55888471074158,0.564476302266259,0,0,28.5,0.0,3.9889840465642745,0,0,0,0,0,1,0,0,1,0,0,0,0,1,0,0,0,0,0,0,0,1,0,0,0,0,0,0,0,0,0,0,0,0,1,0,0,0,0,0,0,0,0,0,0,0,0,0,0,0,0,0
3,169.0,217.0,386.0,38,0,67.83185983284021,40.0,27,132,0.18730606620402318,0.43160815574949324,1,0,163.66190967820268,0.6161945894533386,0,1,128.66666666666666,0.0,4.820281565605037,0,0,0,0,1,0,0,0,0,1,0,0,1,0,0,0,0,0,0,0,0,1,0,0,0,0,0,0,1,0,0,0,0,0,0,0,0,0,0,0,0,0,0,0,0,0,0,0,0,0,0,0
2,16.0,45.0,61.0,46,2,70.70565003524098,83.0,9,64,0.12248633791306918,0.11153458723821794,0,0,84.52019413272464,0.8490734376926475,1,2,30.5,0.043478260869565216,4.007333185232471,0,0,0,0,1,0,0,0,0,0,1,0,1,0,0,0,0,0,0,0,0,1,0,0,0,0,0,0,0,0,0,0,0,0,0,0,0,0,0,0,0,0,0,0,1,0,0,0,0,0,0,0
2,135.0,37.0,172.0,69,0,84.53660438767973,277.0,29,25,0.18726677062148367,0.10477693383688046,0,1,53.12122275420596,0.6298354514504504,0,3,86.0,0.0,2.0794415416798357,1,0,0,1,0,0,0,0,1,0,0,0,1,0,0,0,0,0,0,0,0,1,0,0,0,0,0,0,0,0,0,0,0,0,0,0,0,0,0,0,0,0,0,0,0,1,0,0,0,0,0,0
4,71.0,406.0,477.0,10,0,68.662673575338,154.0,3,7,0.15888600210230958,0.07572384944874742,0,0,100.91964765982297,0.4153715732604586,0,4,119.25,0.0,3.091042453358316,0,0,0,1,0,0,0,0,1,0,0,0,0,1,0,0,0,0,0,0,0,1,0,0,0,0,0,0,0,0,0,0,0,0,0,0,0,0,0,0,0,0,0,0,0,0,0,0,0,1,0,0
1,40.0,162.0,202.0,125,0,69.84321198063034,135.0,10,86,0.1766692830548861,0.3854307538231484,0,1,171.08976709412062,0.8885510653935068,0,5,202.0,0.0,3.5553480614894135,0,0,0,0,1,0,0,0,0,1,0,0,0,1,0,0,0,0,0,0,0,1,0,0,0,0,0,0,0,0,0,0,0,0,0,0,0,0,0,0,0,0,0,0,1,0,0,0,0,0,0,0
1,718.0,84.0,802.0,33,0,58.05608907419732,92.0,6,178,0.032202250136951674,0.05567172655874634,1,0,93.55603471262228,0.6988270582707993,0,6,802.0,0.0,3.4657359027997265,0,0,0,0,1,0,0,0,0,1,0,0,1,0,0,0,0,0,0,0,0,1,0,0,0,0,0,0,0,0,0,1,0,0,0,0,0,0,0,0,0,0,0,0,0,0,0,0,0,0,0,0
4,258.0,222.0,480.0,68,0,80.8008877916791,388.0,9,130,0.2823173573668745,0.37836347120424463,0,1,138.62442350636476,0.6055033260449917,0,7,120.0,0.0,3.8066624897703196,0,0,0,0,0,0,1,0,1,0,0,0,0,1,0,0,0,0,0,0,0,1,0,0,0,0,1,0,0,0,0,0,0,0,0,0,0,0,0,0,0,0,0,0,0,0,0,0,0,0,0,0
5,143.0,111.0,254.0,73,2,73.06321110484134,275.0,21,136,0.20188779800854262,0.4596130231684987,1,1,142.93189210861937,0.4115173917905849,0,8,50.8,0.0273972602739726,2.4849066497880004,0,0,0,0,0,1,0,0,0,0,1,0,0,0,1,0,0,0,0,0,0,1,0,0,0,0,0,0,0,0,0,0,1,0,0,0,0,0,0,0,0,0,0,0,0,0,0,0,0,0,0,0
2,79.0,167.0,246.0,133,0,67.15145958024485,284.0,11,55,0.22621015042546383,0.13290138728896334,0,0,129.77060549767663,0.18661817352844465,0,9,123.0,0.0,3.367295829986474,0,0,0,0,1,0,0,0,0,1,0,0,0,1,0,0,0,0,0,0,0,1,0,0,0,0,0,0,0,0,0,0,0,0,0,0,0,0,0,0,0,1,0,0,0,0,0,0,0,0,0,0
1,205.0,44.0,249.0,41,0,71.88584130621484,128.0,21,99,0.23920311646067022,0.3513145736807315,1,0,68.89470579326235,0.9387730774288309,0,10,249.0,0.0,3.6888794541139363,0,0,0,1,0,0,0,0,0,0,1,0,0,1,0,0,0,0,0,0,0,1,0,0,0,0,0,0,0,0,0,0,0,0,0,0,0,0,0,0,0,0,0,0,1,0,0,0,0,0,0,0
3,441.0,1072.0,1513.0,8,1,88.52394602317516,226.0,5,84,0.4506469060137459,0.17097908549364327,0,0,133.70822984448728,0.8593302294471858,0,11,504.3333333333333,0.125,4.060443010546419,0,0,0,0,0,0,0,1,0,0,1,0,0,1,0,0,0,0,0,0,0,1,0,0,0,0,0,0,0,0,0,0,0,0,0,0,0,0,0,0,0,0,0,0,0,0,0,0,0,0,0,1
1,59.0,58.0,117.0,46,0,62.94135710016188,78.0,5,31,0.14906959423388466,0.07701833750648023,0,0,103.13786145007907,0.7654149860244346,0,12,117.0,0.0,2.6390573296152584,0,0,0,0,0,1,0,0,0,0,1,0,0,1,0,0,0,0,0,0,0,1,0,0,0,0,0,0,0,1,0,0,0,0,0,0,0,0,0,0,0,0,0,0,0,0,0,0,0,0,0,0
1,147.0,608.0,755.0,52,1,64.90008442675685,182.0,9,124,0.0887058835467958,0.2235761361353354,0,0,188.11444768822494,0.626559201166756,0,13,755.0,0.019230769230769232,2.995732273553991,0,0,0,0,0,0,1,0,0,0,1,0,1,0,0,0,0,0,0,0,0,1,0,0,0,0,0,0,0,0,0,0,0,0,0,0,0,0,1,0,0,0,0,0,0,0,0,0,0,0,0,0
1,385.0,89.0,474.0,19,1,90.02702936958745,40.0,8,75,0.34443556096630495,0.3011504465063261,0,0,165.47513851740854,0.6162066597301543,0,14,474.0,0.05263157894736842,1.0986122886681098,1,0,0,0,0,0,1,0,0,0,1,0,0,1,0,0,0,0,0,0,0,1,0,0,0,0,0,0,0,0,0,0,1,0,0,0,0,0,0,0,0,0,0,0,0,0,0,0,0,0,0,0
6,17.0,267.0,284.0,50,1,75.9092979362263,66.0,7,83,0.18103627528017727,0.32545559657969103,2,0,104.54827696343577,0.7870175237691123,0,15,47.333333333333336,0.02,2.772588722239781,0,0,0,0,0,0,0,1,1,0,0,0,1,0,0,0,0,0,0,0,0,1,0,0,0,1,0,0,0,0,0,0,0,0,0,0,0,0,0,0,0,0,0,0,0,0,0,0,0,0,0,0
2,139.0,246.0,385.0,33,1,83.037049160543,159.0,4,121,0.20000150745658773,0.1726827046413699,0,0,190.62945913965214,0.5411474115394279,0,16,192.5,0.030303030303030304,2.833213344056216,0,1,0,0,0,0,0,1,0,0,1,0,0,1,0,0,0,0,0,0,0,1,0,0,0,0,0,0,0,0,0,0,1,0,0,0,0,0,0,0,0,0,0,0,0,0,0,0,0,0,0,0
2,92.0,388.0,480.0,15,1,79.82102292006824,1056.0,20,11,0.044782228240545216,0.02782099736653865,0,0,133.74845637167442,0.6649766265967236,0,17,240.0,0.06666666666666667,2.3978952727983707,0,0,0,0,1,0,0,0,0,0,1,0,0,0,1,0,0,0,0,0,0,1,0,0,0,0,0,0,0,0,0,0,0,0,0,0,0,0,0,0,0,0,0,0,0,1,0,0,0,0,0,0
15,128.0,43.0,171.0,76,1,74.57598537247262,56.0,7,187,0.2675429059728853,0.03398966118271567,0,0,53.13453874231419,0.7110583457694966,0,18,11.4,0.013157894736842105,3.4657359027997265,0,0,0,0,0,1,0,0,0,0,1,0,0,1,0,0,0,0,0,0,0,1,0,0,0,0,0,0,1,0,0,0,0,0,0,0,0,0,0,0,0,0,0,0,0,0,0,0,0,0,0,0
4,85.0,358.0,443.0,28,1,70.82041057021732,83.0,24,48,0.14340774459147837,0.12224498831389906,0,1,116.86778868774533,0.702112856988869,0,19,110.75,0.03571428571428571,3.258096538021482,0,0,0,0,0,1,0,0,0,0,0,1,1,0,0,0,0,0,0,0,0,1,0,0,0,0,0,0,0,0,0,0,0,0,0,0,0,0,0,0,0,1,0,0,0,0,0,0,0,0,0,0
4,172.0,838.0,1010.0,32,0,74.15899438766813,233.0,9,137,0.31590797935593995,0.358863107502673,1,0,185.41111711849086,0.7964590325966694,0,20,252.5,0.0,1.3862943611198906,0,0,0,0,1,0,0,0,1,0,0,0,0,1,0,0,0,0,0,0,0,1,0,0,0,0,0,0,0,0,0,0,0,0,0,0,0,0,1,0,0,0,0,0,0,0,0,0,0,0,0,0
2,1231.0,82.0,1313.0,30,1,88.94803881373386,691.0,14,156,0.16434214629796998,0.1168223314553625,0,0,87.20645988738946,0.34188479350293943,0,21,656.5,0.03333333333333333,3.4965075614664802,0,0,0,0,0,0,1,0,0,0,1,0,1,0,0,0,0,0,0,0,0,1,0,1,0,0,0,0,0,0,0,0,0,0,0,0,0,0,0,0,0,0,0,0,0,0,0,0,0,0,0,0
2,103.0,114.0,217.0,120,1,88.01026016419316,230.0,13,35,0.23816845913329163,0.1987138741302519,0,0,117.27040379457073,0.26154729992869863,0,22,108.5,0.008333333333333333,2.4849066497880004,0,0,0,0,1,0,0,0,0,1,0,0,1,0,0,0,0,0,0,0,0,1,0,0,0,0,0,0,0,0,0,0,0,0,0,0,0,0,0,0,0,0,0,0,0,0,0,0,0,0,1,0
1,204.0,61.0,265.0,43,0,60.77434039622779,327.0,5,53,0.0674737029115884,0.15361035437679954,0,0,65.60614728944788,0.853379570498917,0,23,265.0,0.0,3.7376696182833684,0,0,0,0,0,0,1,0,1,0,0,0,0,0,1,0,0,0,0,0,0,1,0,0,0,0,0,0,0,0,0,0,0,0,0,0,0,0,1,0,0,0,0,0,0,0,0,0,0,0,0,0
7,1331.0,75.0,1406.0,47,1,90.65893221413195,158.0,11,85,0.10362413743833956,0.08594774060599857,0,0,71.95468133859414,0.8678027746235997,1,0,200.85714285714286,0.02127659574468085,2.1972245773362196,0,0,0,0,0,1,0,0,1,0,0,0,0,0,1,0,0,0,0,1,0,0,0,0,0,0,0,0,0,0,0,0,0,0,0,0,0,0,0,0,0,0,0,0,0,0,0,0,0,1,0,0
4,81.0,722.0,803.0,31,0,70.70477694962825,140.0,34,164,0.38604849705813693,0.12423346310152397,1,0,86.630410243842,0.6572862341472231,0,1,200.75,0.0,3.332204510175204,0,0,0,0,1,0,0,0,0,0,0,1,0,1,0,0,0,0,0,1,0,0,0,0,1,0,0,0,0,0,0,0,0,0,0,0,0,0,0,0,0,0,0,0,0,0,0,0,0,0,0,0
2,1092.0,36.0,1128.0,64,0,65.93964554946199,212.0,10,128,0.1969099163693324,0.23233227334207418,0,0,70.90407020834104,0.6058934502966696,0,2,564.0,0.0,3.091042453358316,0,0,0,0,0,0,0,1,0,0,0,1,1,0,0,0,0,0,0,1,0,0,0,0,0,0,0,0,0,0,0,0,0,0,0,0,0,0,0,0,0,0,0,0,0,0,0,0,0,0,1,0
2,149.0,39.0,188.0,131,1,72.96806763877832,126.0,16,96,0.3015381670036465,0.043655240875638004,0,1,95.26903661190187,0.6981598464359788,0,3,94.0,0.007633587786259542,3.58351893845611,0,1,0,0,1,0,0,0,0,1,0,0,1,0,0,0,0,0,0,1,0,0,0,0,0,0,0,0,0,0,0,0,1,0,0,0,0,0,0,0,0,0,0,0,0,0,0,0,0,0,0,0
5,1053.0,646.0,1699.0,75,0,84.97354122298478,332.0,14,170,0.04547241263285643,0.08394691366958172,1,0,189.53133138004125,0.6423525806223569,0,4,339.8,0.0,3.4339872044851463,0,0,0,0,0,0,0,1,0,0,1,0,0,0,1,0,0,0,0,1,0,0,0,0,0,0,0,0,0,0,0,0,0,0,0,0,0,0,0,0,0,0,0,0,0,0,0,0,0,0,0,1
1,338.0,218.0,556.0,77,0,81.48557020833675,65.0,11,97,0.17543588128424814,0.3504000370022961,0,0,118.55709736003625,0.7553111831101706,1,5,556.0,0.0,3.091042453358316,0,0,0,0,0,1,0,0,0,0,1,0,1,0,0,0,0,0,0,1,0,0,0,0,0,0,0,0,0,0,0,0,0,0,1,0,0,0,0,0,0,0,0,0,0,0,0,0,0,0,0,0
2,208.0,1132.0,1340.0,72,0,71.93536305774879,373.0,10,177,0.2009844370752878,0.058883178913133064,0,0,151.42086803648414,0.5406935363924933,0,6,670.0,0.0,1.9459101490553132,1,1,0,0,1,0,0,0,1,0,0,0,1,0,0,0,0,0,0,1,0,0,0,0,0,0,0,0,0,0,0,0,0,0,0,0,0,0,0,0,0,0,0,1,0,0,0,0,0,0,0,0
1,138.0,66.0,204.0,14,1,85.0519904025357,205.0,13,155,0.09710050481650087,0.26903917362014806,0,1,163.6627606763235,0.6186777971551992,0,7,204.0,0.07142857142857142,2.0794415416798357,0,1,0,1,0,0,0,0,0,0,0,1,0,0,1,0,0,0,0,1,0,0,0,0,0,0,0,0,0,0,0,0,0,0,0,0,0,0,0,1,0,0,0,0,0,0,0,0,0,0,0,0
13,74.0,126.0,200.0,22,0,76.67832696911321,172.0,15,38,0.12054421130425404,0.11019716609439136,0,0,75.66254140512754,0.5402453341545974,0,8,15.384615384615385,0.0,2.833213344056216,0,0,0,0,0,1,0,0,1,0,0,0,0,1,0,0,0,0,0,1,0,0,0,0,0,0,0,0,0,0,0,0,0,0,0,0,0,0,0,0,0,0,0,1,0,0,0,0,0,0,0,0
6,161.0,53.0,214.0,37,1,68.12434241352751,63.0,3,79,0.06766899529778668,0.057032095359422906,1,0,86.73950350296218,0.643525589734306,0,9,35.666666666666664,0.02702702702702703,3.295836866004329,1,0,0,1,0,0,0,0,0,0,0,1,0,1,0,0,0,0,0,1,0,0,1,0,0,0,0,0,0,0,0,0,0,0,0,0,0,0,0,0,0,0,0,0,0,0,0,0,0,0,0,0
1,398.0,128.0,526.0,25,1,66.50357660449808,100.0,10,9,0.1796126608459763,0.2002202960011749,0,0,150.63274909843454,0.3266473750081111,0,10,526.0,0.04,2.772588722239781,0,0,0,0,1,0,0,0,0,1,0,0,1,0,0,0,0,0,0,1,0,0,0,0,0,0,0,1,0,0,0,0,0,0,0,0,0,0,0,0,0,0,0,0,0,0,0,0,0,0,0,0
1,146.0,15.0,161.0,19,1,79.92281813305944,463.0,7,51,0.18469620378650364,0.29422310068740226,0,0,94.6286797794582,0.5784026713278702,0,11,161.0,0.05263157894736842,3.871201010907891,0,0,0,0,0,0,0,1,0,0,1,0,1,0,0,0,0,0,0,1,0,0,0,0,0,0,0,0,0,0,0,0,0,0,0,0,0,0,0,0,0,0,0,0,0,0,0,0,0,1,0,0
2,104.0,233.0,337.0,9,2,74.00978717021277,173.0,6,9,0.14921375233422515,0.06556969314598304,0,0,147.9834868649854,0.8666797080268146,0,12,168.5,0.2222222222222222,3.091042453358316,0,1,0,0,0,0,0,1,0,0,1,0,0,1,0,0,0,0,0,1,0,0,0,0,0,0,0,0,0,0,0,0,0,0,0,0,0,0,0,0,0,0,1,0,0,0,0,0,0,0,0,0
2,112.0,156.0,268.0,15,1,58.49393815903636,243.0,22,25,0.1946000610099118,0.27305396485654554,0,0,187.0928968415059,0.6070479155385019,0,13,134.0,0.06666666666666667,2.4849066497880004,0,0,0,0,0,0,1,0,0,1,0,0,1,0,0,0,0,0,0,1,0,0,0,0,0,0,0,0,0,0,0,0,0,0,0,0,1,0,0,0,0,0,0,0,0,0,0,0,0,0,0,0
1,442.0,103.0,545.0,36,0,85.16593791683404,108.0,5,5,0.09517722476651713,0.08479795296128345,0,0,61.78468450357073,0.8331232527732256,0,14,545.0,0.0,3.091042453358316,0,1,0,1,0,0,0,0,0,0,1,0,1,0,0,0,0,0,0,1,0,0,0,1,0,0,0,0,0,0,0,0,0,0,0,0,0,0,0,0,0,0,0,0,0,0,0,0,0,0,0,0
15,571.0,71.0,642.0,42,2,69.23669965650696,196.0,3,136,0.2604313141621217,0.23144808551547771,0,0,105.72263348626102,0.5635538467420137,0,15,42.8,0.047619047619047616,3.5263605246161616,0,0,0,0,0,1,0,0,0,0,0,1,0,0,1,0,0,0,0,1,0,0,0,0,0,0,0,0,0,0,1,0,0,0,0,0,0,0,0,0,0,0,0,0,0,0,0,0,0,0,0,0
4,71.0,41.0,112.0,23,0,94.10543577586553,76.0,15,84,0.1349887834750761,0.26565466092285694,0,0,112.06914509156235,0.40849616050197335,0,16,28.0,0.0,3.6109179126442243,0,0,0,0,0,0,0,1,1,0,0,0,0,0,1,0,0,0,0,1,0,0,0,0,0,0,0,0,0,0,0,0,1,0,0,0,0,0,0,0,0,0,0,0,0,0,0,0,0,0,0,0
4,71.0,244.0,315.0,47,0,58.16412017814347,214.0,3,96,0.11277182584936682,0.17034853568046907,0,1,98.94534195718316,0.6390227364923062,0,17,78.75,0.0,4.997212273764115,0,0,0,1,0,0,0,0,0,0,1,0,1,0,0,0,0,0,0,1,0,0,0,0,0,0,0,0,1,0,0,0,0,0,0,0,0,0,0,0,0,0,0,0,0,0,0,0,0,0,0,0
1,225.0,30.0,255.0,31,0,72.83149684331987,259.0,2,154,0.2308031816671828,0.249573619273243,1,0,95.68103973337796,0.2781837311810011,0,18,255.0,0.0,2.70805020110221,0,0,0,0,0,1,0,0,0,0,0,1,1,0,0,0,0,0,0,1,0,0,0,0,0,0,0,0,1,0,0,0,0,0,0,0,0,0,0,0,0,0,0,0,0,0,0,0,0,0,0,0
5,796.0,193.0,989.0,106,1,66.60026778672926,250.0,17,162,0.185689093347473,0.035142681085711024,0,0,100.31516741006563,0.3437245877695565,0,19,197.8,0.009433962264150943,3.258096538021482,0,1,0,0,0,1,0,0,0,0,1,0,0,0,1,0,0,0,0,1,0,0,0,0,0,0,0,0,0,0,0,0,0,1,0,0,0,0,0,0,0,0,0,0,0,0,0,0,0,0,0,0
2,523.0,1076.0,1599.0,39,0,63.294929755471934,106.0,10,108,0.3287524205458146,0.03908068371921886,1,1,119.38997096152745,0.6317676510060904,0,20,799.5,0.0,3.6888794541139363,1,0,0,0,0,0,0,1,0,0,1,0,0,0,1,0,0,0,0,1,0,0,0,0,0,0,0,1,0,0,0,0,0,0,0,0,0,0,0,0,0,0,0,0,0,0,0,0,0,0,0,0
2,37.0,563.0,600.0,78,0,69.15851139889948,157.0,12,94,0.17813030594211246,0.05513999046767049,0,0,126.59539206534855,0.6099979744460867,0,21,300.0,0.0,3.295836866004329,0,0,0,0,1,0,0,0,0,1,0,0,1,0,0,0,0,0,0,1,0,0,0,0,1,0,0,0,0,0,0,0,0,0,0,0,0,0,0,0,0,0,0,0,0,0,0,0,0,0,0,0
5,110.0,20.0,130.0,52,0,96.24681130844378,291.0,6,131,0.15144345196733733,0.13307935820761807,1,0,158.1364337057192,0.4526310998445926,0,22,26.0,0.0,2.8903717578961645,0,0,0,0,0,0,0,1,0,1,0,0,1,0,0,0,0,0,0,1,0,0,0,0,0,0,0,0,0,0,0,0,0,0,0,0,0,0,0,1,0,0,0,0,0,0,0,0,0,0,0,0
1,53.0,60.0,113.0,14,0,76.72044204095404,172.0,3,85,0.054160501472672234,0.38992118731984504,0,0,118.99525324759993,0.42919194450641657,0,23,113.0,0.0,1.9459101490553132,0,0,0,0,0,0,0,1,1,0,0,0,0,0,1,0,0,0,0,1,0,0,0,0,0,0,0,0,0,0,0,0,0,0,0,0,0,0,0,0,1,0,0,0,0,0,0,0,0,0,0,0
11,110.0,174.0,284.0,41,0,65.49950353443086,163.0,3,91,0.1226707148537521,0.18339635230009266,0,0,164.72699789203895,0.6191970290004026,0,0,25.818181818181817,0.0,2.8903717578961645,0,0,0,0,1,0,0,0,0,0,1,0,0,0,1,1,0,0,0,0,0,0,0,0,0,0,0,0,0,0,0,0,0,0,0,0,0,1,0,0,0,0,0,0,0,0,0,0,0,0,0,0
3,866.0,101.0,967.0,16,1,53.05645907595114,759.0,7,63,0.32218075921110845,0.10056367782945598,0,0,96.32799693006912,0.8296278410346912,0,1,322.3333333333333,0.0625,2.3978952727983707,0,0,0,0,0,0,1,0,0,1,0,0,1,0,0,1,0,0,0,0,0,0,1,0,0,0,0,0,0,0,0,0,0,0,0,0,0,0,0,0,0,0,0,0,0,0,0,0,0,0,0,0
9,31.0,23.0,54.0,40,0,54.343649443827765,102.0,3,41,0.1840904242137583,0.06149813869100564,1,0,71.94548649553522,0.5718589790239712,0,2,6.0,0.0,1.791759469228055,0,1,0,0,0,1,0,0,1,0,0,0,0,1,0,1,0,0,0,0,0,0,0,0,0,0,0,0,0,0,0,0,0,0,0,0,0,0,0,0,1,0,0,0,0,0,0,0,0,0,0,0
1,25.0,167.0,192.0,24,0,68.56244227057518,426.0,11,43,0.19323991966065496,0.544499482376751,1,0,107.80983862352325,0.9081556339361121,0,3,192.0,0.0,2.6390573296152584,0,0,0,0,1,0,0,0,1,0,0,0,1,0,0,1,0,0,0,0,0,0,0,0,0,1,0,0,0,0,0,0,0,0,0,0,0,0,0,0,0,0,0,0,0,0,0,0,0,0,0,0
1,59.0,108.0,167.0,60,0,67.39574419033607,89.0,6,132,0.22665097819510857,0.15521365199625572,0,0,138.4997061828796,0.894523536728273,0,4,167.0,0.0,2.3978952727983707,0,0,0,0,0,0,1,0,0,0,0,1,0,1,0,1,0,0,0,0,0,0,0,0,0,0,1,0,0,0,0,0,0,0,0,0,0,0,0,0,0,0,0,0,0,0,0,0,0,0,0,0
1,203.0,903.0,1106.0,15,0,72.31139152518618,316.0,10,166,0.17173013685396293,0.05087695655262438,0,0,154.4186681257903,0.6372915981543631,0,5,1106.0,0.0,3.828641396489095,0,0,0,0,1,0,0,0,0,0,1,0,1,0,0,1,0,0,0,0,0,0,0,0,0,0,0,0,0,0,0,0,0,0,0,0,0,0,0,0,0,0,0,1,0,0,0,0,0,0,0,0
4,293.0,83.0,376.0,45,1,47.73379439476978,328.0,10,87,0.22905241819899366,0.1373477588670789,0,0,178.40934342490158,0.514022282643054,0,6,94.0,0.022222222222222223,3.8501476017100584,0,0,0,0,0,0,1,0,0,0,1,0,1,0,0,1,0,0,0,0,0,0,0,0,0,0,0,0,0,0,0,0,0,0,0,0,0,0,0,0,0,1,0,0,0,0,0,0,0,0,0,0
3,240.0,397.0,637.0,70,0,73.8998208594416,140.0,11,23,0.04756184333529053,0.2665174848722983,0,0,131.60801215934748,0.550776022944785,0,7,212.33333333333334,0.0,2.5649493574615367,0,0,0,0,0,0,0,1,0,0,1,0,0,1,0,1,0,0,0,0,0,0,0,0,0,0,0,0,0,0,0,0,0,1,0,0,0,0,0,0,0,0,0,0,0,0,0,0,0,0,0,0
2,540.0,27.0,567.0,92,0,87.3327573017653,85.0,12,123,0.09807733015875611,0.249359068859298,0,1,150.1210402333532,0.5896388848532308,0,8,283.5,0.0,3.091042453358316,0,0,0,0,1,0,0,0,0,0,0,1,1,0,0,1,0,0,0,0,0,0,0,0,1,0,0,0,0,0,0,0,0,0,0,0,0,0,0,0,0,0,0,0,0,0,0,0,0,0,0,0
1,21.0,35.0,56.0,24,1,94.47409496837034,50.0,7,180,0.1072758460851551,0.3415765976116824,0,0,174.75117469525838,0.32027821917417315,0,9,56.0,0.041666666666666664,1.791759469228055,0,0,0,0,0,1,0,0,0,0,1,0,1,0,0,1,0,0,0,0,0,0,0,0,0,0,0,0,0,0,0,0,0,0,0,0,0,1,0,0,0,0,0,0,0,0,0,0,0,0,0,0
1,548.0,243.0,791.0,45,0,52.26664622499433,130.0,10,107,0.45475446413156606,0.14268306591877172,1,0,88.8301240744564,0.730364718860914,0,10,791.0,0.0,2.8903717578961645,0,0,0,0,1,0,0,0,0,0,1,0,0,0,1,1,0,0,0,0,0,0,0,0,0,0,0,0,0,0,1,0,0,0,0,0,0,0,0,0,0,0,0,0,0,0,0,0,0,0,0,0
3,105.0,362.0,467.0,51,0,65.38328688913013,289.0,10,10,0.147301776161968,0.19568946897868375,0,1,111.59436002436321,0.4655707341627894,0,11,155.66666666666666,0.0,3.6635616461296463,0,1,0,0,0,0,0,1,1,0,0,0,0,0,1,1,0,0,0,0,0,0,0,0,0,0,0,0,0,0,0,0,0,0,0,0,0,0,0,0,0,0,0,0,0,0,0,0,0,0,1,0
2,331.0,38.0,369.0,154,1,64.74919366830558,94.0,1,20,0.1281170724992254,0.24515007962284419,0,0,219.40426096747103,0.7295492261865782,1,12,184.5,0.006493506493506494,4.04305126783455,0,1,0,0,1,0,0,0,0,0,1,0,0,0,1,1,0,0,0,0,0,0,0,0,0,0,0,0,0,1,0,0,0,0,0,0,0,0,0,0,0,0,0,0,0,0,0,0,0,0,0,0
1,34.0,112.0,146.0,13,1,76.7486571303078,214.0,14,106,0.17707948932749965,0.11870769786520272,0,0,154.25555769210297,0.8576276287519997,0,13,146.0,0.07692307692307693,2.70805020110221,1,0,0,0,0,1,0,0,0,0,1,0,0,1,0,1,0,0,0,0,0,0,0,0,0,0,0,0,0,0,0,0,0,0,0,0,0,0,0,0,1,0,0,0,0,0,0,0,0,0,0,0
11,149.0,24.0,173.0,21,1,60.36273038548256,71.0,10,173,0.17306096394288709,0.2762079985076133,0,0,140.42801234785486,0.6270512971696339,0,14,15.727272727272727,0.047619047619047616,4.248495242049359,0,0,0,0,0,0,1,0,1,0,0,0,0,0,1,1,0,0,0,0,0,0,0,0,0,0,0,0,0,0,0,0,0,0,0,0,0,0,0,0,0,0,0,0,0,0,0,0,0,1,0,0
3,192.0,90.0,282.0,421,0,95.18715898472017,170.0,13,16,0.27685291860533917,0.09325556555333071,0,0,155.74763377302907,0.4297474904991767,0,15,94.0,0.0,1.9459101490553132,0,0,0,0,0,1,0,0,1,0,0,0,1,0,0,1,0,0,0,0,0,0,0,0,0,0,0,0,0,0,0,0,0,0,0,0,0,1,0,0,0,0,0,0,0,0,0,0,0,0,0,0
9,529.0,276.0,805.0,35,0,75.52226966022887,89.0,3,151,0.1136786224046743,0.24049309043664294,0,1,66.57291417442579,0.7426832467210993,0,16,89.44444444444444,0.0,2.1972245773362196,0,0,0,0,0,0,0,1,0,0,1,0,0,0,1,1,0,0,0,0,0,0,0,0,0,0,0,0,0,0,0,0,0,0,0,0,0,1,0,0,0,0,0,0,0,0,0,0,0,0,0,0
2,25.0,68.0,93.0,9,0,73.52224452840946,189.0,7,157,0.16854537004212733,0.46847395303267014,0,0,94.12694285673346,0.7795128818516579,0,17,46.5,0.0,3.9512437185814275,0,0,0,0,0,0,0,1,0,1,0,0,0,0,1,1,0,0,0,0,0,0,0,0,0,0,0,0,0,0,0,0,0,0,0,0,0,0,0,0,0,1,0,0,0,0,0,0,0,0,0,0
4,153.0,83.0,236.0,28,0,94.11256480539333,141.0,4,15,0.061280380388188574,0.3186835861841277,0,0,79.50808482087814,0.5754848446110659,0,18,59.0,0.0,4.804021044733257,0,0,0,0,0,0,1,0,0,0,1,0,0,0,1,1,0,0,0,0,0,0,0,0,0,0,0,0,0,0,0,0,0,0,0,0,0,0,0,0,0,0,0,0,0,0,0,0,0,0,0,1
3,44.0,31.0,75.0,4,0,74.80742851099983,87.0,15,46,0.2068507502771115,0.2053760914500145,0,1,136.74433278836665,0.7818786705828698,0,19,25.0,0.0,3.7612001156935624,1,0,0,0,0,0,1,0,1,0,0,0,0,0,1,1,0,0,0,0,0,0,0,0,0,0,0,0,0,0,0,0,0,0,0,0,0,0,0,0,0,0,0,0,0,0,0,0,0,1,0,0
1,258.0,53.0,311.0,54,2,79.80364087798426,126.0,3,5,0.19450341107487537,0.13956357324829596,0,0,105.24135740358892,0.813594189944593,0,20,311.0,0.037037037037037035,3.295836866004329,0,0,0,0,0,1,0,0,0,1,0,0,1,0,0,1,0,0,0,0,0,0,0,0,0,0,0,0,0,0,1,0,0,0,0,0,0,0,0,0,0,0,0,0,0,0,0,0,0,0,0,0
10,348.0,760.0,1108.0,85,1,65.99042072049541,104.0,4,115,0.09228240732994228,0.1224282745567112,0,0,123.8155395652168,0.4341913477740698,0,21,110.8,0.011764705882352941,1.3862943611198906,0,0,0,0,1,0,0,0,0,1,0,0,0,0,1,1,0,0,0,0,0,0,0,0,0,0,0,0,0,1,0,0,0,0,0,0,0,0,0,0,0,0,0,0,0,0,0,0,0,0,0,0
2,611.0,119.0,730.0,21,0,58.55397521934739,79.0,13,39,0.15440648233292983,0.06195736121373725,2,1,107.55935010804701,0.31360452158544294,0,22,365.0,0.0,1.6094379124341003,0,0,0,0,0,0,1,0,0,0,1,0,0,1,0,1,0,0,0,0,0,0,0,0,0,0,1,0,0,0,0,0,0,0,0,0,0,0,0,0,0,0,0,0,0,0,0,0,0,0,0,0
6,82.0,36.0,118.0,30,0,67.67566042194923,427.0,5,183,0.3452064057879542,0.2111856986247511,1,0,54.943762900574654,0.5884756185598458,0,23,19.666666666666668,0.0,3.4339872044851463,0,1,0,0,1,0,0,0,1,0,0,0,0,1,0,1,0,0,0,0,0,0,0,0,0,0,0,0,0,0,0,0,0,0,0,0,0,0,1,0,0,0,0,0,0,0,0,0,0,0,0,0
1,411.0,77.0,488.0,93,1,100.0,155.0,4,22,0.0857568810968945,0.16345756470650397,0,0,155.39905748616087,0.5208230176003668,0,0,488.0,0.010752688172043012,2.995732273553991,1,0,1,1,0,0,0,0,0,0,1,0,1,0,0,0,0,1,0,0,0,0,0,0,0,0,0,0,0,0,0,0,0,0,0,0,0,0,1,0,0,0,0,0,0,0,0,0,0,0,0,0
2,663.0,18.0,681.0,11,0,82.59625137944347,42.0,17,131,0.256466272037213,0.33211770252276923,0,0,49.51214251448235,0.6317676510060904,0,1,340.5,0.0,2.3978952727983707,0,1,1,0,0,1,0,0,0,0,1,0,0,1,0,0,0,1,0,0,0,0,0,0,0,0,0,0,0,0,0,0,0,0,0,0,0,0,0,0,0,0,0,0,0,0,0,0,0,0,1,0
1,24.0,36.0,60.0,15,0,78.2944180453326,129.0,17,158,0.22053073584524055,0.03843024744653923,1,0,90.8941304291475,0.7217210711598067,0,2,60.0,0.0,3.367295829986474,0,0,1,1,0,0,0,0,0,0,1,0,0,0,1,0,0,1,0,0,0,0,0,0,0,0,0,0,0,0,0,0,0,0,0,0,0,0,1,0,0,0,0,0,0,0,0,0,0,0,0,0
8,291.0,490.0,781.0,37,0,63.2835193177776,380.0,14,39,0.4428345576600722,0.14210947603732327,0,0,67.38110880047549,0.4709119277332659,0,3,97.625,0.0,3.4339872044851463,0,0,1,0,0,0,1,0,0,0,1,0,1,0,0,0,0,1,0,0,0,0,0,0,0,0,0,0,0,0,0,0,0,0,0,0,0,0,0,0,0,0,0,0,0,0,0,0,0,1,0,0
4,425.0,93.0,518.0,24,1,85.93500961180615,117.0,16,54,0.1830257380935761,0.22189120166410709,0,1,84.81035319172416,0.578909172791456,0,4,129.5,0.041666666666666664,4.1588830833596715,0,0,1,0,0,0,0,1,0,1,0,0,0,1,0,0,0,1,0,0,0,0,0,0,0,0,1,0,0,0,0,0,0,0,0,0,0,0,0,0,0,0,0,0,0,0,0,0,0,0,0,0
4,111.0,879.0,990.0,35,1,58.707680708234506,571.0,7,160,0.053689196540444545,0.18315147657012973,1,2,128.07434251278974,0.6726305804652335,0,5,247.5,0.02857142857142857,3.4339872044851463,0,0,1,1,0,0,0,0,1,0,0,0,0,1,0,0,0,1,0,0,0,0,1,0,0,0,0,0,0,0,0,0,0,0,0,0,0,0,0,0,0,0,0,0,0,0,0,0,0,0,0,0
9,39.0,98.0,137.0,16,0,56.19532260381143,109.0,7,23,0.3289513760668592,0.2150058420631799,1,0,169.4009184241128,0.6449390812387658,0,6,15.222222222222221,0.0,4.406719247264253,0,0,1,1,0,0,0,0,0,0,1,0,0,0,1,0,0,1,0,0,0,0,0,0,1,0,0,0,0,0,0,0,0,0,0,0,0,0,0,0,0,0,0,0,0,0,0,0,0,0,0,0
8,418.0,105.0,523.0,53,0,68.29335452542026,284.0,5,91,0.24173986386432994,0.10898913751802887,1,1,57.56020044265202,0.4922805407230347,0,7,65.375,0.0,3.332204510175204,0,1,1,0,0,0,0,1,0,1,0,0,0,0,1,0,0,1,0,0,0,0,0,0,0,0,0,0,0,0,0,0,0,0,0,0,0,0,0,0,0,0,0,1,0,0,0,0,0,0,0,0
6,39.0,222.0,261.0,39,1,98.45389094353737,413.0,10,53,0.2750839821595629,0.11398886960583433,1,0,97.71167926796286,0.4357223762606298,0,8,43.5,0.02564102564102564,3.2188758248682006,1,0,1,0,0,0,1,0,1,0,0,0,0,1,0,0,0,1,0,0,0,0,0,0,0,0,0,1,0,0,0,0,0,0,0,0,0,0,0,0,0,0,0,0,0,0,0,0,0,0,0,0
1,121.0,6.0,126.0,69,0,74.15899438766813,274.0,6,7,0.1511420607656882,0.3332113342609158,0,1,50.038228282294796,0.5259585117449779,0,9,126.0,0.0,4.2626798770413155,0,1,1,0,0,0,1,0,1,0,0,0,0,0,1,0,0,1,0,0,0,0,0,0,0,0,0,0,0,0,0,0,0,0,0,0,1,0,0,0,0,0,0,0,0,0,0,0,0,0,0,0
1,142.0,137.0,279.0,52,1,69.58515686099348,76.0,6,93,0.10207911510734746,0.2254659593325507,0,1,95.78351897223595,0.38098400533610655,0,10,279.0,0.019230769230769232,2.4849066497880004,0,0,1,0,0,1,0,0,1,0,0,0,1,0,0,0,0,1,0,0,0,0,0,0,0,0,0,0,0,0,0,0,0,0,0,0,0,0,0,0,0,0,0,0,0,0,1,0,0,0,0,0
1,326.0,104.0,430.0,52,0,66.90961178162419,103.0,13,99,0.4480731604244964,0.2861879454254879,1,0,122.8756827453179,0.7190213329991535,1,11,430.0,0.0,5.834810737062605,0,0,1,0,0,1,0,0,1,0,0,0,0,1,0,0,0,1,0,0,0,0,0,0,0,0,0,0,0,0,0,0,0,0,1,0,0,0,0,0,0,0,0,0,0,0,0,0,0,0,0,0
5,74.0,563.0,637.0,14,1,55.31565551328264,454.0,20,72,0.15425831035974447,0.35220765738484744,0,0,150.68310268610264,0.15199057315488357,0,12,127.4,0.07142857142857142,3.6635616461296463,0,0,1,0,0,0,1,0,0,1,0,0,0,0,1,0,0,1,0,0,0,0,0,0,0,1,0,0,0,0,0,0,0,0,0,0,0,0,0,0,0,0,0,0,0,0,0,0,0,0,0,0
3,69.0,317.0,386.0,66,2,75.93636870624101,114.0,11,163,0.6229015502998225,0.14799018126592134,0,0,35.25752054111584,0.7622385900048525,0,13,128.66666666666666,0.030303030303030304,3.6635616461296463,0,0,1,0,0,0,1,0,1,0,0,0,0,1,0,0,0,1,0,0,0,0,0,0,0,0,0,0,0,0,0,0,0,0,0,0,0,1,0,0,0,0,0,0,0,0,0,0,0,0,0,0
1,165.0,31.0,196.0,34,1,76.94415302385744,396.0,31,23,0.14114487386642768,0.2250353027336624,0,0,142.02207279698092,0.6619754670024656,0,14,196.0,0.029411764705882353,3.784189633918261,0,0,1,1,0,0,0,0,0,0,1,0,1,0,0,0,0,1,0,0,0,0,0,0,0,0,0,0,0,0,0,0,0,0,0,0,0,0,0,0,0,0,1,0,0,0,0,0,0,0,0,0
2,449.0,431.0,880.0,39,0,84.47467505036295,148.0,5,88,0.220534021139059,0.10780808308186131,0,1,81.09439963711945,0.7583771533904089,0,15,440.0,0.0,4.990432586778736,1,0,1,0,0,0,0,1,1,0,0,0,0,0,1,0,0,1,0,0,0,0,0,0,0,0,0,0,0,1,0,0,0,0,0,0,0,0,0,0,0,0,0,0,0,0,0,0,0,0,0,0
1,1837.0,82.0,1919.0,103,1,85.92849015990197,221.0,2,40,0.19917184874590277,0.32784908292676485,0,0,71.35236891225739,0.8657289439232331,0,16,1919.0,0.009708737864077669,4.02535169073515,0,1,1,0,1,0,0,0,1,0,0,0,1,0,0,0,0,1,0,0,0,0,0,0,0,0,0,0,0,0,0,0,0,0,0,0,0,0,0,0,0,0,0,0,0,0,1,0,0,0,0,0
3,28.0,40.0,68.0,25,0,72.6309369880244,75.0,14,152,0.1871433695366883,0.01138434182938926,1,0,122.69950780366987,0.8367946293969761,0,17,22.666666666666668,0.0,1.9459101490553132,0,0,1,1,0,0,0,0,1,0,0,0,1,0,0,0,0,1,0,0,0,0,0,0,0,0,0,0,1,0,0,0,0,0,0,0,0,0,0,0,0,0,0,0,0,0,0,0,0,0,0,0
1,209.0,136.0,345.0,131,0,81.67233449711502,130.0,5,113,0.09104477153663985,0.07501812425476713,0,0,145.0858521799027,0.8339681186856654,0,18,345.0,0.0,4.564348191467836,0,0,1,0,0,1,0,0,0,0,1,0,0,1,0,0,0,1,0,0,0,0,0,0,0,0,0,0,0,0,0,0,0,0,0,0,0,0,0,0,0,0,0,0,0,0,1,0,0,0,0,0
5,44.0,87.0,131.0,141,0,66.59233358584157,108.0,7,142,0.09468972776923298,0.2376879902625017,0,0,115.98181059468162,0.7946406102979973,0,19,26.2,0.0,2.995732273553991,0,1,1,0,0,0,0,1,0,0,1,0,1,0,0,0,0,1,0,0,0,0,0,0,0,0,0,1,0,0,0,0,0,0,0,0,0,0,0,0,0,0,0,0,0,0,0,0,0,0,0,0
4,455.0,597.0,1052.0,81,1,81.44451040032823,234.0,2,25,0.26577269281775123,0.3166027862484616,0,0,76.274774217116,0.6715013062638032,0,20,263.0,0.012345679012345678,3.332204510175204,0,0,1,0,1,0,0,0,0,0,0,1,0,1,0,0,0,1,0,0,0,0,0,0,0,0,0,0,0,0,0,0,0,1,0,0,0,0,0,0,0,0,0,0,0,0,0,0,0,0,0,0
15,52.0,159.0,211.0,20,0,68.9132150617853,213.0,4,94,0.3754994355262046,0.21979233678917326,1,0,115.96075995428556,0.768463537959816,0,21,14.066666666666666,0.0,2.1972245773362196,0,0,1,0,0,0,1,0,0,0,1,0,0,0,1,0,0,1,0,0,0,0,0,0,0,0,0,0,0,0,0,0,0,0,1,0,0,0,0,0,0,0,0,0,0,0,0,0,0,0,0,0
6,70.0,137.0,207.0,7,1,80.51350219160325,276.0,3,14,0.17415392111868574,0.20329600719513538,0,1,90.99285866001075,0.38595597908388285,0,22,34.5,0.14285714285714285,3.784189633918261,0,0,1,0,0,1,0,0,0,0,0,1,0,1,0,0,0,1,0,0,0,0,0,1,0,0,0,0,0,0,0,0,0,0,0,0,0,0,0,0,0,0,0,0,0,0,0,0,0,0,0,0
2,77.0,296.0,373.0,105,0,79.54201590342439,142.0,6,68,0.22027184034809433,0.18961503846611183,0,0,144.16129899819597,0.557680766048986,0,23,186.5,0.0,2.772588722239781,0,0,1,0,0,1,0,0,0,0,0,1,0,1,0,0,0,1,0,0,0,0,0,0,0,0,0,0,0,0,0,0,0,0,0,0,0,0,0,0,0,0,0,0,0,0,0,0,0,1,0,0
6,136.0,365.0,501.0,48,0,75.82564350834078,104.0,6,189,0.3475654273613549,0.2651035383390375,0,0,163.01431325210393,0.6317676510060904,0,0,83.5,0.0,3.4011973816621555,0,0,1,1,0,0,0,0,0,0,0,1,0,0,1,0,0,0,1,0,0,0,1,0,0,0,0,0,0,0,0,0,0,0,0,0,0,0,0,0,0,0,0,0,0,0,0,0,0,0,0,0
1,211.0,260.0,471.0,24,0,84.53447661791225,227.0,9,146,0.09578884624876575,0.16353166820727746,0,0,160.45847963539106,0.7489228988554779,0,1,471.0,0.0,3.044522437723423,0,0,1,0,0,0,0,1,1,0,0,0,0,0,1,0,0,0,1,0,0,0,0,0,0,0,0,0,0,0,0,0,0,0,0,0,0,0,0,0,0,1,0,0,0,0,0,0,0,0,0,0
1,252.0,523.0,775.0,114,1,56.15521114367178,97.0,21,20,0.4911843907443891,0.25832372876575876,0,1,119.2100600807995,0.4172572361677719,0,2,775.0,0.008771929824561403,5.0369526024136295,0,0,1,0,0,0,0,1,0,0,0,1,0,0,1,0,0,0,1,0,0,0,0,0,0,0,0,0,0,0,0,0,0,0,0,0,0,0,0,0,1,0,0,0,0,0,0,0,0,0,0,0
4,147.0,214.0,361.0,22,0,62.22100538134872,426.0,14,76,0.3907736820760279,0.27647640976577736,1,0,164.90642738248945,0.7842369511148298,0,3,90.25,0.0,5.087596335232384,1,0,1,1,0,0,0,0,0,1,0,0,0,0,1,0,0,0,1,0,0,0,0,0,0,0,0,0,0,0,0,0,0,0,0,0,0,0,0,1,0,0,0,0,0,0,0,0,0,0,0,0
1,34.0,132.0,166.0,31,0,74.15899438766813,184.0,2,174,0.38416829213632925,0.27351561364445404,0,0,79.16078853513605,0.4773558463567073,0,4,166.0,0.0,3.367295829986474,0,0,1,1,0,0,0,0,1,0,0,0,1,0,0,0,0,0,1,0,0,0,0,0,0,0,0,0,0,0,0,0,0,1,0,0,0,0,0,0,0,0,0,0,0,0,0,0,0,0,0,0
3,330.0,429.0,759.0,68,0,57.68083934792013,159.0,13,38,0.05934981943139674,0.2863938800287121,1,0,191.31465329699165,0.42768167459566236,0,5,253.0,0.0,3.367295829986474,0,0,1,1,0,0,0,0,0,1,0,0,0,0,1,0,0,0,1,0,0,0,0,0,1,0,0,0,0,0,0,0,0,0,0,0,0,0,0,0,0,0,0,0,0,0,0,0,0,0,0,0
1,140.0,99.0,239.0,18,0,70.11762582534354,276.0,9,152,0.1748605565856624,0.15050998336906704,0,0,78.93671690407514,0.6907605319224702,0,6,239.0,0.0,2.995732273553991,0,0,1,0,0,1,0,0,0,0,1,0,0,0,1,0,0,0,1,0,0,0,0,0,0,0,0,0,0,0,0,0,0,0,0,0,0,0,0,0,0,0,0,0,0,1,0,0,0,0,0,0
3,532.0,114.0,646.0,40,0,70.5044364590694,189.0,8,67,0.15179201248961327,0.18748308355080073,0,1,38.79523238597727,0.7623149304072593,0,7,215.33333333333334,0.0,4.30406509320417,0,0,1,0,0,0,1,0,0,1,0,0,0,0,1,0,0,0,1,0,0,0,0,0,0,0,0,0,0,0,0,1,0,0,0,0,0,0,0,0,0,0,0,0,0,0,0,0,0,0,0,0
1,68.0,730.0,798.0,106,0,90.71620544000032,62.0,8,98,0.026351000741228186,0.14779512690164665,0,0,174.61745637978805,0.6166878273218793,0,8,798.0,0.0,3.044522437723423,0,0,1,0,0,1,0,0,0,0,1,0,0,1,0,0,0,0,1,0,0,0,0,0,0,0,0,0,0,0,0,0,0,0,0,0,0,0,0,0,0,0,0,0,0,0,1,0,0,0,0,0
4,25.0,654.0,679.0,52,0,76.71040442749755,95.0,10,175,0.04223985545423695,0.1846228903436648,0,0,91.59462315189504,0.6281215967830898,0,9,169.75,0.0,2.9444389791664403,0,0,1,0,0,1,0,0,0,0,0,1,0,0,1,0,0,0,1,0,0,0,0,0,0,0,0,0,0,0,0,0,0,0,0,0,0,0,0,0,0,0,0,0,0,0,0,1,0,0,0,0
3,142.0,108.0,250.0,121,3,87.35315491276654,420.0,5,136,0.0784143357862204,0.0361528431971325,0,0,124.66955530020866,0.5386837100778408,0,10,83.33333333333333,0.024793388429752067,4.189654742026425,1,0,1,0,0,1,0,0,0,1,0,0,1,0,0,0,0,0,1,0,0,0,0,0,0,0,0,0,0,0,0,0,0,0,0,0,0,0,0,0,0,0,0,0,0,0,0,0,0,0,1,0
10,617.0,66.0,683.0,110,0,78.62009662571661,212.0,7,60,0.13637510104863745,0.18975768148221142,0,0,78.7676781230289,0.8529753082031546,0,11,68.3,0.0,2.833213344056216,0,0,1,0,1,0,0,0,0,1,0,0,0,1,0,0,0,0,1,0,0,0,0,0,0,0,0,0,0,0,0,0,0,0,0,0,0,0,0,0,0,0,0,0,0,1,0,0,0,0,0,0
3,177.0,549.0,726.0,44,0,68.57199274521521,61.0,20,6,0.138732238940539,0.273991601418068,0,0,214.54413629361818,0.19969566583816045,0,12,242.0,0.0,3.295836866004329,0,0,1,0,0,1,0,0,0,0,1,0,0,0,1,0,0,0,1,0,0,0,0,0,0,0,0,0,0,0,0,0,0,0,0,0,0,0,0,0,0,0,0,0,0,0,0,0,1,0,0,0
1,119.0,265.0,384.0,6,0,76.60460169295814,256.0,5,50,0.40365146476708946,0.24751494854375292,0,0,192.87270680230256,0.620402214888638,0,13,384.0,0.0,1.9459101490553132,0,0,1,0,1,0,0,0,1,0,0,0,1,0,0,0,0,0,1,0,0,0,0,0,0,0,0,0,0,0,0,0,0,0,0,0,0,0,0,0,0,0,1,0,0,0,0,0,0,0,0,0
2,56.0,155.0,211.0,18,0,83.75311600718608,135.0,4,86,0.016830189351172475,0.2877355318243204,0,0,181.86215724897448,0.6224181593559882,0,14,105.5,0.0,3.9512437185814275,0,0,1,0,0,0,0,1,1,0,0,0,0,1,0,0,0,0,1,0,0,0,0,0,0,0,0,0,0,0,0,0,0,0,0,1,0,0,0,0,0,0,0,0,0,0,0,0,0,0,0,0
1,1026.0,77.0,1103.0,82,1,89.32081591731097,108.0,8,31,0.342492392786806,0.22728309034735547,0,0,123.53430949097397,0.6047288388522601,0,15,1103.0,0.012195121951219513,5.049856007249537,1,0,1,0,0,0,0,1,1,0,0,0,0,0,1,0,0,0,1,0,0,0,0,0,0,0,0,0,0,0,0,0,0,0,0,0,0,0,0,0,0,0,1,0,0,0,0,0,0,0,0,0
4,47.0,158.0,205.0,12,0,73.4122792447868,89.0,4,177,0.05866108259110278,0.26345531492306884,0,0,159.2279691900144,0.6317676510060904,0,16,51.25,0.0,3.9512437185814275,0,1,1,1,0,0,0,0,0,0,1,0,0,1,0,0,0,0,1,0,0,0,0,0,0,0,0,0,0,0,0,0,0,0,0,0,0,0,0,1,0,0,0,0,0,0,0,0,0,0,0,0
5,66.0,107.0,173.0,34,0,55.22987227376467,403.0,2,15,0.12433713849632541,0.08254809408684012,0,0,117.87791745365236,0.730437109718119,0,17,34.6,0.0,4.624972813284271,0,0,1,0,1,0,0,0,1,0,0,0,0,0,1,0,0,0,1,0,0,0,0,1,0,0,0,0,0,0,0,0,0,0,0,0,0,0,0,0,0,0,0,0,0,0,0,0,0,0,0,0
23,277.0,52.0,329.0,58,1,54.386372910937176,50.0,7,110,0.2852696820465288,0.3839242223018081,0,0,164.8880538557383,0.6331060050249988,0,18,14.304347826086957,0.017241379310344827,2.5649493574615367,0,0,1,0,1,0,0,0,0,0,0,1,0,0,1,0,0,0,1,0,0,0,0,0,0,0,0,0,0,0,0,0,0,0,0,0,0,0,0,1,0,0,0,0,0,0,0,0,0,0,0,0
2,19.0,126.0,145.0,144,0,71.08304867859735,111.0,24,195,0.09324880424854945,0.025635604383585406,0,0,103.57562545273163,0.6847804049641462,0,19,72.5,0.0,3.5263605246161616,0,1,1,0,0,1,0,0,0,1,0,0,1,0,0,0,0,0,1,0,0,0,0,0,0,0,0,0,0,0,0,0,0,0,0,0,0,0,0,0,0,0,0,0,0,0,0,0,1,0,0,0
2,603.0,147.0,750.0,28,2,46.94518198622433,217.0,8,70,0.058679191200631,0.3479236425012836,0,0,183.38817662947665,0.6333149701896555,0,20,375.0,0.07142857142857142,2.4849066497880004,0,0,1,1,0,0,0,0,0,0,1,0,0,1,0,0,0,0,1,0,0,0,0,0,0,0,0,0,0,0,0,0,0,0,0,0,0,0,0,0,0,0,0,0,0,0,0,0,0,0,0,1
2,294.0,72.0,366.0,26,2,96.54125358884197,604.0,10,109,0.08789295072479665,0.01824012460215244,0,0,101.56510747003767,0.44585369744587616,0,21,183.0,0.07692307692307693,3.1354942159291497,0,1,1,1,0,0,0,0,1,0,0,0,0,0,1,0,0,0,1,0,0,0,0,0,0,0,0,0,0,0,0,0,0,0,0,0,0,0,0,0,0,0,0,0,0,0,0,0,0,1,0,0
3,399.0,297.0,696.0,42,0,82.1631987767968,295.0,2,19,0.14617764885482826,0.4335440536422294,0,0,106.10836382698757,0.8614147601006665,0,22,232.0,0.0,4.007333185232471,0,0,1,0,0,1,0,0,0,0,1,0,1,0,0,0,0,0,1,0,0,0,0,0,0,0,0,0,0,0,0,0,0,0,0,0,0,0,0,0,0,0,0,0,0,0,1,0,0,0,0,0
4,274.0,453.0,727.0,59,0,67.37199588603306,110.0,12,147,0.2645081204242686,0.2488654700799534,0,0,101.33884101232583,0.5311581569274806,0,23,181.75,0.0,3.4011973816621555,0,0,1,0,1,0,0,0,1,0,0,0,0,1,0,0,0,0,1,0,0,0,0,0,0,0,0,0,0,0,0,0,0,0,0,0,0,0,0,0,0,0,0,0,1,0,0,0,0,0,0,0
3,124.0,319.0,443.0,39,0,61.68422887189445,584.0,9,195,0.32227785358135674,0.19498662510270504,1,0,127.69809458866729,0.6756479868586762,0,0,147.66666666666666,0.0,2.0794415416798357,0,0,0,0,0,1,0,0,0,0,0,1,0,0,1,0,1,0,0,0,0,0,0,0,0,0,0,0,0,0,0,0,0,0,0,0,0,0,0,0,0,0,0,0,0,0,0,0,1,0,0,0
7,46.0,81.0,127.0,103,0,87.33742915171332,77.0,5,155,0.08652262766386654,0.20880066522247132,0,0,104.47216628296577,0.815253651126888,0,1,18.142857142857142,0.0,2.1972245773362196,0,0,0,0,0,1,0,0,0,0,1,0,0,1,0,0,1,0,0,0,0,0,0,0,0,0,0,0,0,0,0,0,0,0,0,0,0,0,0,0,0,0,0,0,0,0,1,0,0,0,0,0
2,127.0,252.0,379.0,23,0,74.15899438766813,241.0,10,34,0.31007298767534813,0.190971898292507,0,0,139.49022276827841,0.624212262521645,0,2,189.5,0.0,2.0794415416798357,0,0,0,0,0,0,0,1,1,0,0,0,0,0,1,0,1,0,0,0,0,0,0,0,0,1,0,0,0,0,0,0,0,0,0,0,0,0,0,0,0,0,0,0,0,0,0,0,0,0,0,0
7,50.0,119.0,169.0,49,0,62.78127883678737,281.0,10,73,0.20221500237941006,0.01240311001044294,0,0,100.76052066394595,0.7840943102431588,0,3,24.142857142857142,0.0,3.7612001156935624,0,0,0,0,1,0,0,0,0,1,0,0,1,0,0,0,1,0,0,0,0,0,0,0,0,0,0,0,0,0,0,0,0,0,0,0,0,0,0,0,0,0,0,0,1,0,0,0,0,0,0,0
5,253.0,28.0,281.0,63,0,65.8086487196797,108.0,4,146,0.04145882305760904,0.1787209355368965,0,0,151.6315408473613,0.6226035206624366,0,4,56.2,0.0,5.159055299214529,0,0,0,0,1,0,0,0,1,0,0,0,0,0,1,0,1,0,0,0,0,0,0,0,0,0,0,0,0,0,0,0,0,1,0,0,0,0,0,0,0,0,0,0,0,0,0,0,0,0,0,0
3,360.0,230.0,590.0,32,0,76.3690489748919,326.0,11,160,0.18750495220770266,0.2444642864351943,0,0,180.73468072434255,0.682291067085171,0,5,196.66666666666666,0.0,3.332204510175204,0,0,0,1,0,0,0,0,0,1,0,0,0,0,1,0,1,0,0,0,0,0,0,0,0,0,0,0,0,0,0,0,0,0,0,0,0,0,0,0,0,0,0,0,0,1,0,0,0,0,0,0
2,753.0,129.0,882.0,87,0,82.44956926976877,139.0,20,83,0.2759705276855839,0.4348443215041685,2,0,123.10188575180183,0.6317676510060904,0,6,441.0,0.0,1.6094379124341003,0,0,0,0,0,0,0,1,0,0,1,0,1,0,0,0,1,0,0,0,0,0,0,0,0,0,0,0,0,0,0,0,0,0,0,0,0,0,0,0,0,0,0,0,1,0,0,0,0,0,0,0
23,223.0,1292.3199999999988,2129.0,50,3,89.31206680098796,325.0,7,192,0.27184871486535933,0.19600227154584227,0,0,208.7331373907939,0.2308947222558369,0,7,92.56521739130434,0.06,4.584967478670572,0,0,0,0,1,0,0,0,0,0,1,0,0,0,1,0,1,0,0,0,0,0,0,0,0,0,0,0,0,0,0,0,0,0,0,0,0,0,0,0,0,0,0,0,1,0,0,0,0,0,0,0
1,410.0,546.0,956.0,84,2,87.53965558736041,55.0,4,44,0.3642102322194375,0.1452986461169225,0,0,165.101173714868,0.6317676510060904,0,8,956.0,0.023809523809523808,4.143134726391533,0,0,0,0,0,0,0,1,0,1,0,0,0,0,1,0,1,0,0,0,0,0,1,0,0,0,0,0,0,0,0,0,0,0,0,0,0,0,0,0,0,0,0,0,0,0,0,0,0,0,0,0
4,107.0,240.0,347.0,52,0,75.0092845108169,253.0,7,149,0.20517909013944666,0.0211009839993411,1,1,205.529460470996,0.6385305836787266,0,9,86.75,0.0,1.9459101490553132,0,0,0,0,1,0,0,0,0,1,0,0,0,1,0,0,1,0,0,0,0,0,0,0,0,0,0,0,0,0,0,0,0,0,0,0,0,0,0,0,0,0,0,0,0,0,1,0,0,0,0,0
1,87.0,144.0,231.0,60,1,87.246263685076,150.0,16,101,0.3894602811676319,0.12046854111927988,1,0,117.55204291792641,0.5328370487815364,0,10,231.0,0.016666666666666666,3.332204510175204,0,1,0,0,0,0,0,1,0,0,1,0,0,1,0,0,1,0,0,0,0,0,0,0,0,0,0,0,0,1,0,0,0,0,0,0,0,0,0,0,0,0,0,0,0,0,0,0,0,0,0,0
13,249.0,131.0,380.0,26,0,66.94800463228367,447.0,3,143,0.11251400367843585,0.1758482203237821,0,1,53.54163198866925,0.4096720707100137,0,11,29.23076923076923,0.0,4.290459441148391,0,0,0,0,1,0,0,0,0,0,1,0,0,1,0,0,1,0,0,0,0,0,0,0,0,0,0,0,0,0,0,0,0,0,0,0,0,0,0,1,0,0,0,0,0,0,0,0,0,0,0,0
6,97.0,36.0,133.0,26,1,53.1496078264564,194.0,13,121,0.23824608862043126,0.2622182989888459,0,0,91.75451102957123,0.7315223671281391,0,12,22.166666666666668,0.038461538461538464,3.8066624897703196,0,0,0,0,0,0,1,0,0,0,0,1,0,0,1,0,1,0,0,0,0,0,0,0,0,0,0,0,0,0,0,0,0,0,0,0,0,1,0,0,0,0,0,0,0,0,0,0,0,0,0,0
1,199.0,16.0,215.0,119,0,66.9464271394739,480.0,5,89,0.25191662029316664,0.0972997942977366,1,0,95.83453239330935,0.8169849226594537,0,13,215.0,0.0,2.1972245773362196,0,0,0,0,1,0,0,0,0,0,1,0,0,0,1,0,1,0,0,0,0,0,0,0,0,0,0,0,0,0,0,1,0,0,0,0,0,0,0,0,0,0,0,0,0,0,0,0,0,0,0,0
5,46.0,42.0,88.0,74,1,65.32487382868455,285.0,10,163,0.40171845257819294,0.3510656160564696,0,0,81.87898204951826,0.8261258537787843,0,14,17.6,0.013513513513513514,3.8501476017100584,1,0,0,0,1,0,0,0,0,0,0,1,0,0,1,0,1,0,0,0,0,0,0,0,0,0,0,0,0,0,0,0,0,0,0,0,0,0,0,0,0,0,0,0,1,0,0,0,0,0,0,0
4,56.0,104.0,160.0,19,0,67.41615513840988,183.0,6,169,0.11380709340862427,0.20888889848942382,0,0,32.1638141480403,0.5627286164254457,0,15,40.0,0.0,1.3862943611198906,0,0,0,0,1,0,0,0,0,0,1,0,0,0,1,0,1,0,0,0,0,0,0,0,0,0,0,0,0,0,0,0,0,0,0,0,0,0,1,0,0,0,0,0,0,0,0,0,0,0,0,0
2,298.0,10.0,308.0,51,0,63.48750324909733,347.0,6,164,0.06584908316022105,0.15442945962440796,1,0,160.98586962849026,0.4424218234778162,0,16,154.0,0.0,3.1354942159291497,0,0,0,0,0,1,0,0,0,0,1,0,1,0,0,0,1,0,0,0,0,0,0,0,0,0,0,0,0,0,0,0,0,1,0,0,0,0,0,0,0,0,0,0,0,0,0,0,0,0,0,0
6,393.0,60.0,453.0,6,2,69.46668506904345,349.0,26,22,0.25167895605718255,0.3345462293756404,0,0,45.59923352942354,0.6113786972938191,0,17,75.5,0.3333333333333333,4.330733340286331,0,0,0,0,1,0,0,0,0,0,0,1,0,0,1,0,1,0,0,0,0,0,0,0,0,0,0,0,0,0,0,0,1,0,0,0,0,0,0,0,0,0,0,0,0,0,0,0,0,0,0,0
4,50.0,83.0,133.0,28,0,82.44020656912294,278.0,3,87,0.06085598241534097,0.1631015367969076,0,0,157.15517135361233,0.751048750342676,0,18,33.25,0.0,3.332204510175204,0,0,0,0,0,0,0,1,0,0,1,0,0,0,1,0,1,0,0,0,0,0,0,0,0,0,1,0,0,0,0,0,0,0,0,0,0,0,0,0,0,0,0,0,0,0,0,0,0,0,0,0
3,310.0,86.0,396.0,96,0,95.58308523195086,40.0,12,151,0.029431025899165027,0.35596185805072295,0,0,207.42199877879398,0.8288159539350655,0,19,132.0,0.0,2.8903717578961645,0,0,0,0,0,0,0,1,1,0,0,0,0,0,1,0,1,0,0,0,0,0,0,0,0,0,0,0,0,0,0,0,0,0,0,0,0,0,0,0,0,1,0,0,0,0,0,0,0,0,0,0
3,82.0,53.0,135.0,40,1,54.29584230889172,100.0,30,174,0.11728937891847718,0.2309550187664123,0,0,88.86666910582571,0.6669605139041686,0,20,45.0,0.025,4.110873864173311,1,0,0,0,0,0,0,1,0,0,0,1,1,0,0,0,1,0,0,0,0,0,0,1,0,0,0,0,0,0,0,0,0,0,0,0,0,0,0,0,0,0,0,0,0,0,0,0,0,0,0,0
4,151.0,75.0,226.0,49,1,59.54718447719107,527.0,14,75,0.2659690269503697,0.19375353235096363,0,0,135.50281964536134,0.6186306493293806,0,21,56.5,0.02040816326530612,4.189654742026425,0,0,0,0,0,0,1,0,0,0,0,1,1,0,0,0,1,0,0,0,0,0,0,0,0,0,0,0,0,0,0,0,0,0,1,0,0,0,0,0,0,0,0,0,0,0,0,0,0,0,0,0
3,705.0,732.0,1437.0,4,1,65.502644895262,83.0,3,149,0.061498009381762274,0.16683260439060243,0,0,104.05470834821094,0.5029229841678567,0,22,479.0,0.25,4.48863636973214,0,0,0,0,0,1,0,0,0,0,0,1,1,0,0,0,1,0,0,0,0,0,0,0,0,0,0,1,0,0,0,0,0,0,0,0,0,0,0,0,0,0,0,0,0,0,0,0,0,0,0,0
3,360.0,227.0,587.0,32,1,84.18890252923912,371.0,3,115,0.14118082710980906,0.05170739235331218,0,0,153.08303787099112,0.8009038556059175,0,23,195.66666666666666,0.03125,4.0943445622221,0,0,0,1,0,0,0,0,0,0,1,0,0,0,1,0,1,0,0,0,0,0,0,0,0,0,0,0,0,1,0,0,0,0,0,0,0,0,0,0,0,0,0,0,0,0,0,0,0,0,0,0
1,356.0,59.0,415.0,58,1,72.5406306843234,328.0,5,48,0.13675657295007174,0.049511198301803123,1,0,72.22356853979466,0.6799681412619825,0,0,415.0,0.017241379310344827,4.276666119016055,0,0,0,0,0,1,0,0,0,0,1,0,1,0,0,0,0,0,0,0,1,0,0,0,0,0,0,0,0,0,0,0,0,0,0,0,0,0,0,0,0,0,0,1,0,0,0,0,0,0,0,0
12,1211.0,101.0,1312.0,64,0,66.31068932275653,120.0,10,179,0.5805245170488226,0.17758920031680547,0,0,114.72835681637892,0.673563436660168,0,1,109.33333333333333,0.0,3.970291913552122,0,0,0,1,0,0,0,0,0,0,1,0,0,0,1,0,0,0,0,0,1,0,0,0,0,0,0,0,0,0,0,0,0,0,0,0,1,0,0,0,0,0,0,0,0,0,0,0,0,0,0,0
1,68.0,106.0,174.0,96,1,74.15899438766813,49.0,10,91,0.047653951000444845,0.20657827932971248,0,1,164.84721054927655,0.6553246531800345,0,2,174.0,0.010416666666666666,3.5553480614894135,0,0,0,0,0,1,0,0,1,0,0,0,0,0,1,0,0,0,0,0,1,0,0,0,0,0,1,0,0,0,0,0,0,0,0,0,0,0,0,0,0,0,0,0,0,0,0,0,0,0,0,0
4,50.0,47.0,97.0,37,1,86.47668319610362,134.0,3,122,0.5217210606351498,0.10101939455784514,1,0,118.04517880688542,0.37381882291467966,0,3,24.25,0.02702702702702703,3.4011973816621555,1,1,0,0,0,0,0,1,0,0,0,1,0,0,1,0,0,0,0,0,1,0,0,0,0,0,0,1,0,0,0,0,0,0,0,0,0,0,0,0,0,0,0,0,0,0,0,0,0,0,0,0
2,67.0,47.0,114.0,39,1,74.77488048691644,858.0,4,61,0.14653611219458557,0.24895455319087154,0,0,54.85489248975988,0.7528906788713133,0,4,57.0,0.02564102564102564,3.332204510175204,0,1,0,0,0,0,1,0,1,0,0,0,0,0,1,0,0,0,0,0,1,0,0,0,0,0,0,0,0,0,0,0,0,0,0,0,1,0,0,0,0,0,0,0,0,0,0,0,0,0,0,0
13,112.0,334.0,446.0,15,0,65.20536928055347,109.0,5,9,0.11975988224145682,0.047865357285428387,0,0,169.66613668202638,0.7057683284318529,1,5,34.30769230769231,0.0,2.302585092994046,0,0,0,0,0,1,0,0,1,0,0,0,0,1,0,0,0,0,0,0,1,0,0,0,1,0,0,0,0,0,0,0,0,0,0,0,0,0,0,0,0,0,0,0,0,0,0,0,0,0,0,0
1,12.99,69.0,80.0,37,0,74.15899438766813,114.0,7,93,0.18357891683807168,0.14475370179485583,0,0,68.16096358534581,0.6317676510060904,0,6,80.0,0.0,2.4849066497880004,0,0,0,0,0,0,1,0,1,0,0,0,0,0,1,0,0,0,0,0,1,0,0,0,0,0,0,0,0,0,0,0,0,0,0,0,0,0,0,0,0,0,0,0,0,0,0,0,1,0,0,0
1,118.0,32.0,150.0,16,1,72.2007814985692,99.0,36,145,0.4416260534204536,0.24349327738861093,0,0,123.14936572856872,0.779380235426225,0,7,150.0,0.0625,3.332204510175204,0,0,0,0,0,1,0,0,1,0,0,0,0,0,1,0,0,0,0,0,1,0,0,0,0,0,0,0,1,0,0,0,0,0,0,0,0,0,0,0,0,0,0,0,0,0,0,0,0,0,0,0
1,81.0,104.0,185.0,10,0,72.10784107457448,468.0,4,68,0.1775164757441882,0.2217768319637476,0,0,143.30577187436035,0.13922010604215895,0,8,185.0,0.0,3.5263605246161616,0,0,0,0,0,0,0,1,0,1,0,0,0,0,1,0,0,0,0,0,1,0,0,0,0,0,0,0,0,0,0,0,0,0,0,0,0,0,0,0,0,0,0,0,1,0,0,0,0,0,0,0
4,351.0,125.0,476.0,18,0,68.85119737677796,169.0,4,186,0.34757879748183823,0.1267972874987475,0,0,124.79401272940629,0.8766122709407055,0,9,119.0,0.0,4.605170185988092,0,0,0,0,1,0,0,0,0,0,1,0,0,1,0,0,0,0,0,0,1,0,0,0,0,0,0,0,0,0,0,0,0,0,0,0,0,0,0,0,0,0,0,0,0,0,0,0,1,0,0,0
1,218.0,12.0,230.0,149,1,86.09979896786507,129.0,4,151,0.03771101940531145,0.2060568126853586,0,0,219.40426096747103,0.8112875764538254,0,10,230.0,0.006711409395973154,3.295836866004329,0,0,0,0,0,0,0,1,1,0,0,0,1,0,0,0,0,0,0,0,1,0,0,0,0,0,1,0,0,0,0,0,0,0,0,0,0,0,0,0,0,0,0,0,0,0,0,0,0,0,0,0
2,76.0,105.0,181.0,36,0,77.99856271592152,538.0,14,130,0.03161214651055181,0.07662983699051047,0,0,149.35253644287778,0.7324375402657732,0,11,90.5,0.0,4.204692619390966,0,0,0,0,1,0,0,0,0,1,0,0,1,0,0,0,0,0,0,0,1,0,0,0,0,0,0,0,0,0,0,0,0,0,0,0,0,0,1,0,0,0,0,0,0,0,0,0,0,0,0,0
1,283.0,285.0,568.0,53,0,87.42841058267557,300.0,8,162,0.33125771590860154,0.29845393907099577,0,1,111.90599517011947,0.6240571742734284,1,12,568.0,0.0,4.276666119016055,1,0,0,0,0,1,0,0,0,1,0,0,0,0,1,0,0,0,0,0,1,0,0,0,0,0,0,0,0,0,0,0,0,0,0,0,0,0,1,0,0,0,0,0,0,0,0,0,0,0,0,0
4,328.0,180.0,508.0,29,0,91.0359137457375,105.0,4,172,0.12342738675350556,0.26375783436238714,0,0,144.1065161839172,0.7729489831767332,0,13,127.0,0.0,3.1354942159291497,0,0,0,1,0,0,0,0,0,0,0,1,0,0,1,0,0,0,0,0,1,0,0,0,0,0,0,0,0,0,0,0,0,0,0,0,0,0,0,0,0,0,0,0,0,0,0,0,0,0,1,0
2,63.0,1277.0,1340.0,10,0,80.50776922639969,85.0,7,145,0.18171501149204533,0.1651241543562657,0,0,128.39778514429426,0.7106797334926825,0,14,670.0,0.0,3.8501476017100584,0,1,0,1,0,0,0,0,0,1,0,0,0,0,1,0,0,0,0,0,1,0,0,0,0,0,1,0,0,0,0,0,0,0,0,0,0,0,0,0,0,0,0,0,0,0,0,0,0,0,0,0
1,86.0,435.0,521.0,94,1,68.92227462137818,450.0,5,165,0.5143992239835711,0.07527313045977661,0,0,121.77477650421083,0.5780167172634982,0,15,521.0,0.010638297872340425,3.091042453358316,0,0,0,1,0,0,0,0,1,0,0,0,0,0,1,0,0,0,0,0,1,0,0,0,0,0,0,0,0,0,0,0,0,0,0,0,0,0,0,0,0,0,0,0,0,0,0,1,0,0,0,0
7,12.99,541.0,553.0,7,0,87.48391478663741,202.0,11,144,0.15712820582996279,0.14953922186654917,0,1,129.75148774930906,0.909031955815254,0,16,79.0,0.0,4.499809670330265,0,0,0,0,0,0,1,0,0,0,0,1,0,0,1,0,0,0,0,0,1,0,0,0,0,0,0,0,0,0,0,0,0,0,0,0,0,1,0,0,0,0,0,0,0,0,0,0,0,0,0,0
1,44.0,1292.3199999999988,2436.0,28,0,80.58797642734025,67.0,59,172,0.32416043372739584,0.3908895987921564,0,0,102.63652098351561,0.6317676510060904,0,17,2436.0,0.0,3.8918202981106265,1,0,0,0,0,0,0,1,0,0,1,0,1,0,0,0,0,0,0,0,1,0,0,0,0,0,0,0,0,0,0,0,0,0,0,0,0,0,0,0,0,0,0,0,0,0,0,0,0,0,1,0
6,65.0,253.0,318.0,42,0,100.0,57.0,13,25,0.12331923031361905,0.07083093682913705,0,0,128.51606654519622,0.5555193411531693,0,18,53.0,0.0,3.332204510175204,0,0,0,0,0,1,0,0,0,1,0,0,0,1,0,0,0,0,0,0,1,0,0,0,0,0,0,0,0,0,0,0,0,0,0,0,0,0,1,0,0,0,0,0,0,0,0,0,0,0,0,0
1,161.0,131.0,292.0,53,0,78.72123466193624,91.0,8,72,0.21045849804514422,0.16817659567023668,1,0,99.78035447376436,0.6629757876682644,0,19,292.0,0.0,3.4657359027997265,0,0,0,0,0,0,0,1,0,0,1,0,0,0,1,0,0,0,0,0,1,0,0,0,0,0,0,0,0,0,0,0,0,0,0,0,0,0,0,0,1,0,0,0,0,0,0,0,0,0,0,0
11,52.0,320.0,372.0,24,0,83.37225646816901,84.0,5,178,0.045072382488801965,0.008499306269833124,1,0,44.1521496870275,0.29397011862288974,0,20,33.81818181818182,0.0,4.787491742782046,0,0,0,1,0,0,0,0,0,0,1,0,0,0,1,0,0,0,0,0,1,0,0,0,0,0,0,0,0,0,0,0,0,0,0,1,0,0,0,0,0,0,0,0,0,0,0,0,0,0,0,0
6,84.0,59.0,143.0,10,0,78.48508669555238,47.0,3,97,0.36970006418777396,0.3182956329239937,0,0,165.60802443050812,0.5478261900869372,0,21,23.833333333333332,0.0,3.1780538303479458,0,0,0,0,1,0,0,0,0,1,0,0,0,1,0,0,0,0,0,0,1,0,0,1,0,0,0,0,0,0,0,0,0,0,0,0,0,0,0,0,0,0,0,0,0,0,0,0,0,0,0,0
1,38.0,123.0,161.0,23,0,73.81081689758258,92.0,15,7,0.35981969329081304,0.29494832797085946,0,0,97.38208690261573,0.5195275367665612,0,22,161.0,0.0,3.713572066704308,1,0,0,0,1,0,0,0,1,0,0,0,0,1,0,0,0,0,0,0,1,0,0,0,0,0,0,0,0,0,0,0,0,0,0,0,0,0,0,0,0,0,0,1,0,0,0,0,0,0,0,0
1,179.0,53.0,232.0,24,0,71.89450140494921,105.0,14,170,0.37577149165356327,0.1347643130782768,0,0,125.6554814933118,0.7068740683579612,0,23,232.0,0.0,3.8066624897703196,0,1,0,1,0,0,0,0,0,0,1,0,1,0,0,0,0,0,0,0,1,0,0,0,0,0,0,0,0,0,0,0,0,0,0,1,0,0,0,0,0,0,0,0,0,0,0,0,0,0,0,0
5,237.0,170.0,407.0,24,0,78.5309261359028,144.0,6,132,0.04971383515664617,0.26911728985420835,1,0,89.58310413948817,0.5983440452160181,0,0,81.4,0.0,2.3978952727983707,0,0,0,0,0,1,0,0,0,0,1,0,1,0,0,0,0,0,0,0,0,1,0,0,0,0,0,0,0,0,0,0,0,0,1,0,0,0,0,0,0,0,0,0,0,0,0,0,0,0,0,0
2,231.0,53.0,284.0,97,0,81.25410902176627,655.0,21,182,0.2955365156078522,0.2833382129883232,0,1,90.79055351272234,0.6383369496643263,0,1,142.0,0.0,3.7612001156935624,0,0,0,0,0,0,0,1,1,0,0,0,0,0,1,0,0,0,0,0,0,1,0,0,0,0,0,0,0,0,0,0,0,0,0,0,0,0,0,0,1,0,0,0,0,0,0,0,0,0,0,0
2,150.0,51.0,201.0,16,0,88.8526547957331,166.0,9,8,0.3425081676597859,0.12774207991615977,0,0,78.44043450924383,0.735255241444406,0,2,100.5,0.0,2.0794415416798357,1,0,0,0,0,1,0,0,0,0,1,0,0,1,0,0,0,0,0,0,0,1,0,0,0,0,0,0,0,0,0,0,0,0,0,0,0,0,0,0,0,1,0,0,0,0,0,0,0,0,0,0
9,27.0,173.0,200.0,56,0,78.70620669964516,178.0,15,33,0.08802002829631912,0.23246172756964228,1,0,157.93187831494004,0.940748793807073,0,3,22.22222222222222,0.0,2.772588722239781,0,0,0,0,1,0,0,0,1,0,0,0,0,0,1,0,0,0,0,0,0,1,0,0,0,0,0,0,0,0,0,0,0,0,0,0,0,0,0,0,0,0,0,0,1,0,0,0,0,0,0,0
1,75.0,94.0,169.0,50,0,69.44532989489726,286.0,11,104,0.26107701456866506,0.16677241015037286,0,0,167.58886389576674,0.5287999985675631,0,4,169.0,0.0,3.332204510175204,0,0,0,0,1,0,0,0,0,0,0,1,1,0,0,0,0,0,0,0,0,1,0,0,0,0,0,0,0,0,0,0,0,0,0,0,0,0,0,0,0,1,0,0,0,0,0,0,0,0,0,0
3,94.0,13.0,107.0,96,0,71.0777520408122,169.0,7,40,0.2419373496113159,0.28774932375386775,0,0,121.03738258262426,0.623137648999476,0,5,35.666666666666664,0.0,3.6375861597263857,0,0,0,0,0,1,0,0,0,0,1,0,0,1,0,0,0,0,0,0,0,1,0,0,0,0,0,0,0,0,0,0,0,0,0,0,0,1,0,0,0,0,0,0,0,0,0,0,0,0,0,0
7,95.0,22.0,117.0,40,0,59.12475668516183,265.0,4,106,0.011132649863534374,0.08333658757241386,0,0,98.53369079606946,0.6844760433623143,0,6,16.714285714285715,0.0,3.044522437723423,0,0,0,0,1,0,0,0,0,1,0,0,0,1,0,0,0,0,0,0,0,1,0,0,0,0,0,0,0,0,0,0,0,0,0,0,0,0,0,0,0,0,0,0,0,0,0,0,0,1,0,0
6,161.0,31.0,192.0,84,1,94.93456612286772,243.0,8,72,0.10290650026690618,0.2789936273904188,1,1,52.27719742595244,0.7345309454211948,0,7,32.0,0.011904761904761904,3.713572066704308,1,0,0,0,1,0,0,0,0,0,1,0,0,0,1,0,0,0,0,0,0,1,0,1,0,0,0,0,0,0,0,0,0,0,0,0,0,0,0,0,0,0,0,0,0,0,0,0,0,0,0,0
2,712.0,41.0,753.0,38,0,68.50591663774982,218.0,16,45,0.1702403957170847,0.11562246527756753,0,0,151.81724736687306,0.6324391669306442,0,8,376.5,0.0,3.332204510175204,0,1,0,0,0,0,0,1,0,0,1,0,0,0,1,0,0,0,0,0,0,1,0,0,0,0,0,0,0,0,0,0,0,0,0,0,0,1,0,0,0,0,0,0,0,0,0,0,0,0,0,0
2,362.0,173.0,535.0,63,1,86.60928552165488,1056.3399999999997,6,155,0.07944333211334122,0.08079463098865287,0,0,92.93771723362818,0.627439180429856,0,9,267.5,0.015873015873015872,3.332204510175204,0,0,0,0,0,1,0,0,0,1,0,0,0,0,1,0,0,0,0,0,0,1,0,0,0,0,0,0,0,0,0,0,0,0,0,0,0,0,0,0,0,0,0,0,0,0,0,0,0,1,0,0
1,50.0,139.0,189.0,13,1,78.3186102893104,379.0,12,12,0.032934508600907304,0.39461340812256906,0,0,75.30957310257762,0.7368230692783516,0,10,189.0,0.07692307692307693,3.8918202981106265,0,0,0,0,0,0,1,0,0,0,0,1,0,1,0,0,0,0,0,0,0,1,0,0,0,0,0,1,0,0,0,0,0,0,0,0,0,0,0,0,0,0,0,0,0,0,0,0,0,0,0,0
1,313.0,354.0,667.0,5,0,74.15899438766813,93.0,4,175,0.19713540389098755,0.28424841856609484,0,1,121.17053686016847,0.32858548490094774,0,11,667.0,0.0,2.70805020110221,0,0,0,0,1,0,0,0,1,0,0,0,1,0,0,0,0,0,0,0,0,1,0,0,0,0,0,0,0,0,0,0,0,0,0,1,0,0,0,0,0,0,0,0,0,0,0,0,0,0,0,0
4,300.0,251.0,551.0,60,0,73.59062549673196,259.0,15,34,0.04331392876322595,0.30650289528320707,3,0,106.6349723546526,0.6222250536469235,0,12,137.75,0.0,3.367295829986474,0,0,0,0,0,1,0,0,0,1,0,0,0,0,1,0,0,0,0,0,0,1,0,0,0,0,0,0,0,0,0,0,0,0,1,0,0,0,0,0,0,0,0,0,0,0,0,0,0,0,0,0
2,61.0,357.0,418.0,63,0,65.54641333647992,115.0,11,118,0.111418037337269,0.20439028849535595,0,0,59.27783202456507,0.41440335233040293,0,13,209.0,0.0,3.044522437723423,0,0,0,0,0,1,0,0,0,0,1,0,1,0,0,0,0,0,0,0,0,1,0,0,0,0,0,0,0,0,0,0,0,0,0,0,0,0,0,0,0,0,1,0,0,0,0,0,0,0,0,0
3,377.0,214.0,591.0,65,0,63.377575194096295,273.0,3,198,0.49619571291576525,0.14290840027202137,0,0,64.77117597581474,0.731790700122617,0,14,197.0,0.0,1.9459101490553132,0,0,0,0,0,1,0,0,0,0,1,0,1,0,0,0,0,0,0,0,0,1,0,0,0,0,0,0,0,0,0,0,0,0,0,0,0,0,0,0,0,0,0,0,0,0,1,0,0,0,0,0
7,124.0,138.0,262.0,29,0,95.74158466565925,76.0,7,27,0.0331697926304835,0.016794101734765605,1,1,133.4617269107117,0.5071118302706624,0,15,37.42857142857143,0.0,2.4849066497880004,0,0,0,0,0,1,0,0,0,1,0,0,0,0,1,0,0,0,0,0,0,1,0,0,0,0,0,0,0,0,0,0,0,0,0,0,0,0,0,0,0,0,0,0,0,0,0,0,0,0,0,1
1,31.0,368.0,399.0,147,0,74.15899438766813,92.0,17,185,0.25067690106438023,0.6408550265884524,0,0,93.77234657795465,0.47302962121743924,0,16,399.0,0.0,4.718498871295094,0,0,0,1,0,0,0,0,0,0,0,1,0,0,1,0,0,0,0,0,0,1,0,0,0,0,0,0,0,0,0,0,0,0,0,0,0,0,0,0,0,0,0,0,0,1,0,0,0,0,0,0
2,244.0,302.0,546.0,30,1,88.50321295425181,254.0,3,64,0.10965857561631756,0.18623478895022935,0,0,140.41034298785513,0.648979394523506,0,17,273.0,0.03333333333333333,3.6635616461296463,0,0,0,0,0,1,0,0,0,0,0,1,1,0,0,0,0,0,0,0,0,1,0,0,0,0,0,0,0,0,0,1,0,0,0,0,0,0,0,0,0,0,0,0,0,0,0,0,0,0,0,0
3,188.0,166.0,354.0,62,0,91.61888325174301,402.0,4,149,0.10565085754386037,0.20044007611404127,1,1,125.86125225906903,0.45025157341411104,0,18,118.0,0.0,2.1972245773362196,1,0,0,1,0,0,0,0,0,0,1,0,1,0,0,0,0,0,0,0,0,1,0,0,0,0,0,0,0,0,0,0,0,0,0,0,0,0,0,0,0,0,0,0,0,0,0,0,0,0,1,0
1,115.0,445.0,560.0,71,1,70.06983683880944,284.0,8,172,0.22980019690336118,0.16558517956284327,0,0,161.901678652116,0.44907490245231635,0,19,560.0,0.014084507042253521,1.9459101490553132,0,1,0,0,0,1,0,0,0,0,1,0,1,0,0,0,0,0,0,0,0,1,0,0,0,0,0,0,0,0,0,0,0,0,0,0,0,0,0,0,0,0,0,0,0,0,0,0,0,0,0,1
10,142.0,8.0,150.0,176,1,80.08206919113412,364.0,40,50,0.11290941619221953,0.15354302457465296,0,0,86.71419664066893,0.2881374166989988,0,20,15.0,0.005681818181818182,3.2188758248682006,1,0,0,0,0,0,0,1,0,1,0,0,1,0,0,0,0,0,0,0,0,1,0,0,1,0,0,0,0,0,0,0,0,0,0,0,0,0,0,0,0,0,0,0,0,0,0,0,0,0,0,0
6,67.0,79.0,146.0,34,0,75.54012930589617,260.0,5,72,0.1661785344257742,0.04494178949933865,0,0,129.30871310020044,0.6771246488598442,0,21,24.333333333333332,0.0,4.709530201312334,0,1,0,0,0,0,1,0,0,0,1,0,0,1,0,0,0,0,0,0,0,1,0,0,0,0,0,0,0,0,1,0,0,0,0,0,0,0,0,0,0,0,0,0,0,0,0,0,0,0,0,0
4,290.0,78.0,368.0,26,2,61.11343436379734,226.0,12,172,0.37645837753153055,0.18800819560177898,0,0,145.53098359495849,0.8134963019553159,0,22,92.0,0.07692307692307693,3.1354942159291497,0,0,0,0,0,0,1,0,0,0,0,1,0,0,1,0,0,0,0,0,0,1,0,0,0,0,0,0,0,0,0,0,0,0,0,0,0,0,0,0,0,0,0,0,0,0,0,0,0,0,0,1
13,141.0,390.0,531.0,13,3,72.77424028914892,140.0,10,25,0.47605330318094946,0.22479344856877717,0,0,94.95130056387259,0.9470399750171746,0,23,40.84615384615385,0.23076923076923078,4.477336814478207,0,0,0,0,0,0,1,0,0,0,1,0,0,0,1,0,0,0,0,0,0,1,0,0,0,0,0,0,0,0,0,0,1,0,0,0,0,0,0,0,0,0,0,0,0,0,0,0,0,0,0,0
1,178.0,619.0,797.0,154,0,82.05007908287072,353.0,5,26,0.2349538922661882,0.49525486291355103,0,1,165.08813022544493,0.4625188100825336,0,0,797.0,0.0,3.6375861597263857,0,0,0,0,0,0,1,0,0,0,1,0,0,0,1,0,0,0,0,1,0,0,0,0,0,0,0,1,0,0,0,0,0,0,0,0,0,0,0,0,0,0,0,0,0,0,0,0,0,0,0,0
3,219.0,22.0,241.0,62,0,69.0116489398697,410.0,10,63,0.23108403655352758,0.1996782236085202,0,0,53.34889233674744,0.7497095994373926,0,1,80.33333333333333,0.0,3.7376696182833684,0,0,0,0,0,0,1,0,0,0,0,1,0,1,0,0,0,0,0,1,0,0,0,0,0,0,0,0,0,0,0,0,1,0,0,0,0,0,0,0,0,0,0,0,0,0,0,0,0,0,0,0
4,41.0,519.0,560.0,64,0,71.10188165553767,191.0,6,122,0.14962650464779464,0.2572833984384507,0,0,86.68236012081441,0.5041295711789175,0,2,140.0,0.0,2.1972245773362196,0,1,0,0,0,0,1,0,0,0,1,0,0,1,0,0,0,0,0,1,0,0,0,0,0,0,0,0,0,0,0,0,0,0,0,0,0,0,0,0,0,0,0,0,0,0,0,1,0,0,0,0
1,55.0,30.0,85.0,540,0,72.91959773537226,184.0,7,162,0.12041819719182274,0.14790878879530028,0,0,51.85248915452351,0.3440141316964392,0,3,85.0,0.0,4.1588830833596715,0,0,0,0,1,0,0,0,0,0,1,0,0,1,0,0,0,0,0,1,0,0,0,0,0,0,0,0,0,0,0,0,1,0,0,0,0,0,0,0,0,0,0,0,0,0,0,0,0,0,0,0
4,13.0,31.0,53.99,57,0,100.0,610.0,2,114,0.10198713229024935,0.24998619834498725,1,0,90.56500106703176,0.6503930600487471,0,4,13.4975,0.0,3.332204510175204,0,0,0,0,0,1,0,0,0,0,1,0,0,1,0,0,0,0,0,1,0,0,0,0,0,0,0,0,0,0,0,0,0,0,0,0,0,0,0,0,0,0,1,0,0,0,0,0,0,0,0,0
1,276.0,84.0,360.0,15,0,52.991412754746726,197.0,8,101,0.06115273128266103,0.026485763422961717,2,0,113.81663778237902,0.8488471275259569,0,5,360.0,0.0,4.07753744390572,1,0,0,0,0,0,0,1,1,0,0,0,1,0,0,0,0,0,0,1,0,0,0,0,0,0,0,0,0,0,0,0,0,0,0,0,0,0,0,0,0,0,0,0,0,0,0,1,0,0,0,0
5,39.0,77.0,116.0,38,0,81.0197195883271,211.0,16,174,0.13531595574608815,0.6184277390772571,1,0,153.2600287610493,0.3746865734262699,0,6,23.2,0.0,2.6390573296152584,1,0,0,1,0,0,0,0,0,0,1,0,0,0,1,0,0,0,0,1,0,0,0,1,0,0,0,0,0,0,0,0,0,0,0,0,0,0,0,0,0,0,0,0,0,0,0,0,0,0,0,0
7,171.0,19.0,190.0,20,1,71.95993107297402,281.0,9,38,0.06164018263053021,0.13408409499648544,0,1,113.78838651018441,0.6317676510060904,0,7,27.142857142857142,0.05,3.4657359027997265,0,0,0,0,0,0,0,1,1,0,0,0,1,0,0,0,0,0,0,1,0,0,0,0,0,0,0,0,0,0,0,0,0,0,0,1,0,0,0,0,0,0,0,0,0,0,0,0,0,0,0,0
4,223.0,224.0,447.0,32,0,67.3121410979708,187.0,19,180,0.16807447965785366,0.22215534488431005,0,1,96.18505124449777,0.5306998969957121,0,8,111.75,0.0,3.6375861597263857,0,1,0,0,0,1,0,0,1,0,0,0,1,0,0,0,0,0,0,1,0,0,0,0,0,0,0,0,0,0,0,0,1,0,0,0,0,0,0,0,0,0,0,0,0,0,0,0,0,0,0,0
1,287.0,232.0,519.0,32,0,74.15899438766813,112.0,13,65,0.18917264318656357,0.429973518837046,0,0,58.03108815261302,0.684235018480094,0,9,519.0,0.0,3.1780538303479458,0,0,0,0,0,1,0,0,1,0,0,0,1,0,0,0,0,0,0,1,0,0,0,0,0,0,0,0,0,0,0,0,0,0,0,1,0,0,0,0,0,0,0,0,0,0,0,0,0,0,0,0
1,39.0,350.0,389.0,27,0,83.00851492600108,261.0,8,58,0.08664326293524983,0.24621656586552823,0,0,71.43285418366604,0.817732920351234,0,10,389.0,0.0,3.6888794541139363,0,0,0,0,0,1,0,0,0,0,0,1,1,0,0,0,0,0,0,1,0,0,0,0,0,0,0,0,0,0,1,0,0,0,0,0,0,0,0,0,0,0,0,0,0,0,0,0,0,0,0,0
5,138.0,68.0,206.0,14,1,83.69428312824672,194.0,5,190,0.12725287060008217,0.07600100084552248,1,0,132.40823802047476,0.6348356078140606,0,11,41.2,0.07142857142857142,3.091042453358316,0,0,0,0,0,0,0,1,0,0,1,0,0,0,1,0,0,0,0,1,0,0,0,0,0,0,0,0,0,0,0,0,0,0,0,1,0,0,0,0,0,0,0,0,0,0,0,0,0,0,0,0
3,931.0,105.0,1036.0,159,1,77.23220546921704,727.0,6,130,0.10113310136083455,0.2155608645825558,0,0,155.2581904473549,0.6670515085443769,0,12,345.3333333333333,0.006289308176100629,2.772588722239781,1,0,0,0,0,0,1,0,1,0,0,0,0,1,0,0,0,0,0,1,0,0,0,0,0,0,0,0,0,0,0,0,1,0,0,0,0,0,0,0,0,0,0,0,0,0,0,0,0,0,0,0
1,978.0,106.0,1084.0,56,0,88.11289579747952,347.0,3,89,0.22521481601015203,0.13576978597199474,0,0,103.23112223180206,0.6141146847763674,0,13,1084.0,0.0,4.7535901911063645,0,1,0,1,0,0,0,0,1,0,0,0,0,1,0,0,0,0,0,1,0,0,0,0,0,0,0,0,0,0,0,0,0,0,0,0,0,0,0,0,0,0,0,0,1,0,0,0,0,0,0,0
8,439.0,704.0,1143.0,37,1,90.22599594120692,132.0,7,69,0.2852156158571589,0.20621478545293523,0,0,168.4405809129846,0.7410822719394524,0,14,142.875,0.02702702702702703,4.248495242049359,0,0,0,0,0,0,1,0,0,0,1,0,0,0,1,0,0,0,0,1,0,0,0,0,0,0,0,0,0,0,0,0,0,0,0,0,0,1,0,0,0,0,0,0,0,0,0,0,0,0,0,0
3,215.0,6.0,219.0,81,0,84.79651130340737,333.0,9,91,0.10431187238267117,0.08101180514297696,0,0,82.00330403683382,0.8445685529002284,0,15,73.0,0.0,2.6390573296152584,0,0,0,0,0,0,1,0,0,0,1,0,0,1,0,0,0,0,0,1,0,0,0,0,0,0,0,1,0,0,0,0,0,0,0,0,0,0,0,0,0,0,0,0,0,0,0,0,0,0,0,0
1,49.0,38.0,87.0,65,1,68.44569058623337,248.0,29,159,0.15058830232574286,0.201107922534649,1,1,104.37837524788569,0.3181720610313987,0,16,87.0,0.015384615384615385,3.828641396489095,1,0,0,1,0,0,0,0,0,1,0,0,0,1,0,0,0,0,0,1,0,0,0,0,0,0,0,0,0,0,0,0,0,1,0,0,0,0,0,0,0,0,0,0,0,0,0,0,0,0,0,0
7,327.0,110.0,437.0,55,0,80.93329859055451,500.0,13,34,0.2206770770189897,0.21778122415281928,0,0,107.7541768087733,0.3457129725763427,0,17,62.42857142857143,0.0,2.6390573296152584,0,0,0,1,0,0,0,0,0,0,1,0,0,1,0,0,0,0,0,1,0,0,0,0,0,0,1,0,0,0,0,0,0,0,0,0,0,0,0,0,0,0,0,0,0,0,0,0,0,0,0,0
1,124.0,33.0,157.0,77,0,80.99040790966284,138.0,4,39,0.044656862159877665,0.20413625151532397,0,0,181.17655153217692,0.5234159437935683,0,18,157.0,0.0,2.302585092994046,0,0,0,0,1,0,0,0,0,0,1,0,0,1,0,0,0,0,0,1,0,0,0,0,0,0,0,1,0,0,0,0,0,0,0,0,0,0,0,0,0,0,0,0,0,0,0,0,0,0,0,0
1,274.0,82.0,356.0,49,1,65.21242279624138,228.0,3,64,0.2479144431805689,0.21431275823315626,0,0,125.3463650720381,0.8320062630682343,0,19,356.0,0.02040816326530612,4.23410650459726,0,0,0,0,1,0,0,0,0,0,1,0,0,0,1,0,0,0,0,1,0,0,0,0,0,0,0,0,0,0,0,0,0,0,0,0,0,0,0,0,0,0,0,0,1,0,0,0,0,0,0,0
4,73.0,95.0,168.0,76,1,56.1667332713489,186.0,7,99,0.07454492365179628,0.2584875234896086,0,0,48.062688429692614,0.8512058984154497,0,20,42.0,0.013157894736842105,1.791759469228055,0,0,0,0,0,0,0,1,0,0,1,0,0,1,0,0,0,0,0,1,0,0,0,0,0,0,0,0,0,0,0,0,0,0,0,0,0,0,0,0,0,0,0,0,0,1,0,0,0,0,0,0
13,122.0,53.0,175.0,81,1,50.72669254350534,208.0,15,163,0.043113284288640814,0.15939975089027392,0,0,158.0661722103605,0.7053504901402881,0,21,13.461538461538462,0.012345679012345678,4.143134726391533,0,0,0,0,0,0,0,1,1,0,0,0,0,0,1,0,0,0,0,1,0,0,0,0,0,0,0,0,0,0,0,0,0,0,0,0,0,0,0,0,0,0,0,0,0,0,0,0,0,1,0,0
12,177.0,118.0,295.0,50,0,75.83826588134582,107.0,7,46,0.15523513765020983,0.07769789673456617,0,0,193.83710306511546,0.6317676510060904,0,22,24.583333333333332,0.0,3.091042453358316,0,0,0,0,1,0,0,0,1,0,0,0,1,0,0,0,0,0,0,1,0,0,0,1,0,0,0,0,0,0,0,0,0,0,0,0,0,0,0,0,0,0,0,0,0,0,0,0,0,0,0,0
4,194.0,219.0,413.0,37,1,78.57647657840302,299.0,13,158,0.3295892594408695,0.12899968568840733,1,0,110.01037111594576,0.6184119784342598,0,23,103.25,0.02702702702702703,3.1354942159291497,0,1,0,0,0,0,0,1,1,0,0,0,0,0,1,0,0,0,0,1,0,0,0,0,0,0,0,1,0,0,0,0,0,0,0,0,0,0,0,0,0,0,0,0,0,0,0,0,0,0,0,0
4,255.0,84.0,339.0,152,0,60.818621068171026,268.0,7,181,0.16219037760781221,0.07791734180944013,1,0,84.11670699815139,0.6857840378993516,0,0,84.75,0.0,3.6888794541139363,0,1,0,0,0,0,1,0,0,0,1,0,1,0,0,1,0,0,0,0,0,0,0,0,0,0,0,0,0,0,0,0,0,0,0,0,0,0,0,1,0,0,0,0,0,0,0,0,0,0,0,0
6,78.0,66.0,144.0,30,1,87.55238799061635,492.0,14,89,0.1271461511758488,0.25802428364088975,0,0,154.5702965873765,0.5886243211413946,0,1,24.0,0.03333333333333333,3.828641396489095,0,0,0,1,0,0,0,0,0,0,0,1,0,1,0,1,0,0,0,0,0,0,0,0,0,0,0,0,0,0,0,0,0,0,0,0,0,1,0,0,0,0,0,0,0,0,0,0,0,0,0,0
1,33.0,91.0,124.0,61,1,74.15899438766813,198.0,2,192,0.3715843281752508,0.18818711265930585,1,0,198.57058546870311,0.6317676510060904,0,2,124.0,0.01639344262295082,2.5649493574615367,0,0,0,1,0,0,0,0,0,0,1,0,0,1,0,1,0,0,0,0,0,0,0,0,0,0,0,0,0,0,0,0,0,0,0,0,0,0,1,0,0,0,0,0,0,0,0,0,0,0,0,0
5,886.0,109.0,995.0,62,0,91.19343137898423,150.0,27,179,0.10229349069151317,0.08675736663857313,0,0,153.94927015811675,0.42992792694965626,1,3,199.0,0.0,3.9512437185814275,0,0,0,1,0,0,0,0,1,0,0,0,0,1,0,1,0,0,0,0,0,0,0,0,0,0,0,0,0,0,0,0,0,0,0,0,0,0,0,0,0,0,0,0,0,0,0,0,0,0,1,0
1,2143.49,16.0,2310.0,27,0,79.4464304398031,348.0,4,160,0.10871180749092928,0.32025524078453693,0,0,55.07974586149584,0.5102028555727773,0,4,2310.0,0.0,3.4339872044851463,0,1,0,0,0,0,0,1,0,1,0,0,1,0,0,1,0,0,0,0,0,0,0,0,0,0,0,0,0,0,0,0,0,0,0,0,0,0,0,0,1,0,0,0,0,0,0,0,0,0,0,0
4,242.0,182.0,424.0,23,0,62.20399713745019,114.0,15,79,0.06990052564158207,0.05537204790231308,0,0,150.18727261489659,0.1341359628691437,0,5,106.0,0.0,2.1972245773362196,0,0,0,1,0,0,0,0,1,0,0,0,0,1,0,1,0,0,0,0,0,0,0,0,0,0,0,0,0,0,0,0,0,0,0,0,0,0,0,1,0,0,0,0,0,0,0,0,0,0,0,0
2,34.0,66.0,100.0,33,0,80.4993745594818,428.0,7,63,0.24911157873561898,0.04512330512229722,1,0,136.1682955110807,0.33489014142358053,0,6,50.0,0.0,3.1780538303479458,0,0,0,0,0,0,1,0,0,1,0,0,1,0,0,1,0,0,0,0,0,0,0,0,0,0,0,1,0,0,0,0,0,0,0,0,0,0,0,0,0,0,0,0,0,0,0,0,0,0,0,0
4,63.0,440.0,503.0,30,0,83.04132833846522,427.0,8,173,0.35972140759699295,0.1442445770669555,1,0,81.81478706243085,0.6648692356846881,0,7,125.75,0.0,4.543294782270004,0,0,0,1,0,0,0,0,0,0,1,0,1,0,0,1,0,0,0,0,0,0,0,0,0,0,0,0,0,0,1,0,0,0,0,0,0,0,0,0,0,0,0,0,0,0,0,0,0,0,0,0
3,259.0,210.0,469.0,13,0,68.42851696935593,483.0,7,91,0.4816280472020876,0.12470565620165948,0,0,171.55271383797185,0.7943811442553612,0,8,156.33333333333334,0.0,4.812184355372417,1,0,0,0,0,0,0,1,1,0,0,0,1,0,0,1,0,0,0,0,0,0,0,0,0,0,0,0,0,0,0,0,0,1,0,0,0,0,0,0,0,0,0,0,0,0,0,0,0,0,0,0
1,648.0,398.0,1046.0,26,0,57.6948840322815,260.0,10,11,0.15440473485588757,0.13338498388903577,0,1,137.5340459511662,0.7516856512693377,0,9,1046.0,0.0,3.9512437185814275,0,0,0,1,0,0,0,0,0,0,1,0,0,1,0,1,0,0,0,0,0,0,0,0,0,0,0,0,0,0,0,0,0,0,0,0,0,1,0,0,0,0,0,0,0,0,0,0,0,0,0,0
3,39.0,36.0,75.0,55,0,74.15899438766813,142.0,12,144,0.07897224855005011,0.02151679222595547,1,0,172.5983437026373,0.731604582860316,0,10,25.0,0.0,2.302585092994046,0,0,0,0,1,0,0,0,0,1,0,0,0,1,0,1,0,0,0,0,0,0,0,0,0,0,0,0,0,0,0,0,0,0,0,0,0,0,0,0,0,0,0,1,0,0,0,0,0,0,0,0
5,129.0,73.0,202.0,123,0,62.98986437620578,216.0,18,72,0.20518958416704006,0.2812116141739435,0,0,77.54095399544502,0.6480618089871027,0,11,40.4,0.0,3.7612001156935624,0,0,0,0,0,0,1,0,1,0,0,0,0,1,0,1,0,0,0,0,0,0,0,0,0,0,0,0,1,0,0,0,0,0,0,0,0,0,0,0,0,0,0,0,0,0,0,0,0,0,0,0
4,184.0,28.0,212.0,69,1,88.45065195673358,261.0,24,187,0.09771930007650224,0.23016762594316525,0,0,135.95110977460098,0.4530267894513477,0,12,53.0,0.014492753623188406,4.07753744390572,0,0,0,1,0,0,0,0,0,0,1,0,1,0,0,1,0,0,0,0,0,0,0,0,0,0,0,0,0,0,1,0,0,0,0,0,0,0,0,0,0,0,0,0,0,0,0,0,0,0,0,0
3,384.0,50.0,434.0,5,0,70.11387983488089,135.0,11,171,0.3853451565558515,0.2845100341995994,0,0,84.19620993046621,0.6527760262919178,0,13,144.66666666666666,0.0,3.970291913552122,0,0,0,1,0,0,0,0,0,1,0,0,0,0,1,1,0,0,0,0,0,0,0,0,0,0,0,0,1,0,0,0,0,0,0,0,0,0,0,0,0,0,0,0,0,0,0,0,0,0,0,0
12,101.0,435.0,536.0,74,0,95.69521327791958,509.0,29,25,0.12854242614612768,0.3456613092259259,0,0,129.9066791395578,0.8307331511018627,0,14,44.666666666666664,0.0,4.007333185232471,0,0,0,0,0,0,1,0,0,1,0,0,0,0,1,1,0,0,0,0,0,0,0,0,0,0,0,0,0,0,0,0,0,0,0,0,0,0,0,0,0,0,0,0,1,0,0,0,0,0,0,0
4,26.0,564.0,590.0,28,1,49.51009598977397,300.0,9,180,0.16369704109928102,0.1616145527851441,0,0,179.08901801019567,0.8134121300034284,0,15,147.5,0.03571428571428571,3.6375861597263857,0,0,0,0,0,1,0,0,0,1,0,0,0,1,0,1,0,0,0,0,0,0,0,0,0,0,0,0,0,0,0,0,1,0,0,0,0,0,0,0,0,0,0,0,0,0,0,0,0,0,0,0
4,293.0,31.0,324.0,64,2,76.61754724974178,107.0,19,190,0.2920982957045367,0.12463725960823141,0,1,62.94329073482916,0.6279160040032955,0,16,81.0,0.03125,3.258096538021482,0,0,0,0,0,0,1,0,0,0,0,1,0,0,1,1,0,0,0,0,0,0,0,0,0,0,0,0,0,0,0,0,0,0,0,0,1,0,0,0,0,0,0,0,0,0,0,0,0,0,0,0
7,511.0,66.0,577.0,44,0,92.15271168121583,748.0,12,152,0.15979127825358821,0.23911966428136527,1,0,65.23995353149925,0.7878066297575276,0,17,82.42857142857143,0.0,2.772588722239781,1,0,0,0,0,1,0,0,0,0,1,0,0,0,1,1,0,0,0,0,0,0,0,0,0,0,0,0,0,0,0,0,0,0,0,0,0,0,0,0,0,0,1,0,0,0,0,0,0,0,0,0
4,135.0,101.0,236.0,38,0,64.31634820935244,214.0,6,58,0.35271471165089185,0.13330202346116143,0,0,158.2189870615026,0.66295689713326,1,18,59.0,0.0,1.6094379124341003,0,0,0,0,0,1,0,0,0,0,0,1,1,0,0,1,0,0,0,0,0,0,0,0,0,0,0,0,0,0,0,0,0,0,0,0,0,0,0,0,0,0,1,0,0,0,0,0,0,0,0,0
1,231.0,209.0,440.0,41,0,73.08958877247558,93.0,10,135,0.16386006978788067,0.3726215528832076,0,0,119.43508900282197,0.5997681477348938,0,19,440.0,0.0,3.6109179126442243,0,0,0,0,0,0,0,1,0,0,1,0,1,0,0,1,0,0,0,0,0,0,0,0,0,0,0,0,1,0,0,0,0,0,0,0,0,0,0,0,0,0,0,0,0,0,0,0,0,0,0,0
1,88.0,15.0,103.0,43,2,70.16357142763147,112.0,12,174,0.3546011522275056,0.10989145707102618,0,0,166.85052904610205,0.5280499584345327,0,20,103.0,0.046511627906976744,3.4965075614664802,0,1,0,0,0,0,1,0,0,0,1,0,0,0,1,1,0,0,0,0,0,0,0,0,0,0,0,0,0,0,0,0,0,0,0,0,0,0,0,0,0,0,0,1,0,0,0,0,0,0,0,0
2,58.0,18.0,76.0,131,1,66.7947882941726,567.0,8,164,0.23474839373776746,0.10620717303569847,0,1,87.7086090014867,0.6841535532700949,0,21,38.0,0.007633587786259542,3.8066624897703196,0,0,0,1,0,0,0,0,0,0,1,0,0,0,1,1,0,0,0,0,0,0,0,0,0,0,0,0,0,1,0,0,0,0,0,0,0,0,0,0,0,0,0,0,0,0,0,0,0,0,0,0
6,459.0,188.0,647.0,44,1,77.93547169337137,718.0,12,89,0.2864757867785508,0.54793310914609,0,2,122.04762371130872,0.7327854211208491,0,22,107.83333333333333,0.022727272727272728,2.1972245773362196,0,0,0,0,0,0,0,1,0,0,0,1,0,0,1,1,0,0,0,0,0,0,0,0,0,0,0,0,0,0,0,0,0,0,1,0,0,0,0,0,0,0,0,0,0,0,0,0,0,0,0,0
2,227.0,12.0,239.0,106,1,59.45494078801076,406.0,16,142,0.4976618317267159,0.2526505868161484,0,1,147.52515279661029,0.8056117475690177,0,23,119.5,0.009433962264150943,3.8918202981106265,0,0,0,0,0,0,0,1,1,0,0,0,0,1,0,1,0,0,0,0,0,0,0,0,0,0,0,0,0,0,0,0,1,0,0,0,0,0,0,0,0,0,0,0,0,0,0,0,0,0,0,0
6,254.0,67.0,321.0,94,0,73.6683746240373,504.0,8,80,0.04906051118194181,0.1947712136267731,0,0,128.4080076016096,0.7931999668137777,0,0,53.5,0.0,5.153291594497779,0,0,1,0,0,1,0,0,1,0,0,0,0,1,0,0,0,1,0,0,0,0,0,0,0,0,0,0,0,0,0,0,0,0,0,0,0,0,0,0,0,0,0,0,0,1,0,0,0,0,0,0
3,774.0,131.0,905.0,76,0,81.19193085221488,469.0,1,54,0.09744817001870547,0.10564280606523162,2,0,48.45010685351107,0.7278264176402459,0,1,301.6666666666667,0.0,3.4011973816621555,0,1,1,0,0,1,0,0,0,0,1,0,0,1,0,0,0,1,0,0,0,0,0,0,0,0,0,0,0,0,0,0,0,0,0,0,0,1,0,0,0,0,0,0,0,0,0,0,0,0,0,0
9,46.0,173.0,219.0,10,1,72.41887546336028,295.0,29,136,0.15009602763289098,0.13902100754176705,0,1,219.40426096747103,0.6254206090678989,0,2,24.333333333333332,0.1,3.258096538021482,0,0,1,0,0,0,0,1,1,0,0,0,0,1,0,0,0,1,0,0,0,0,0,0,0,0,0,0,0,0,0,0,0,0,0,0,0,0,0,0,0,0,0,0,0,0,1,0,0,0,0,0
2,80.0,94.0,174.0,109,1,62.99754960017069,252.0,7,95,0.23693384361202394,0.11468140511059416,0,0,128.4929792761006,0.8230421308194711,0,3,87.0,0.009174311926605505,3.58351893845611,0,1,1,0,0,0,1,0,0,0,1,0,0,1,0,0,0,1,0,0,0,0,0,0,0,0,0,0,0,0,0,0,0,0,0,0,0,0,0,0,0,0,0,0,1,0,0,0,0,0,0,0
4,176.0,73.0,249.0,30,0,87.36222478321802,292.0,5,48,0.24667943880392407,0.1846922669190019,1,0,66.38331657853931,0.622544506666025,0,4,62.25,0.0,5.1298987149230735,0,0,1,1,0,0,0,0,0,1,0,0,0,1,0,0,0,1,0,0,0,0,0,0,0,0,1,0,0,0,0,0,0,0,0,0,0,0,0,0,0,0,0,0,0,0,0,0,0,0,0,0
4,79.0,278.0,357.0,79,0,83.7630835394022,335.0,4,133,0.037155626909493734,0.17075987921955518,0,1,132.56799570160968,0.6777589028103554,0,5,89.25,0.0,2.3978952727983707,0,1,1,0,0,1,0,0,0,1,0,0,1,0,0,0,0,1,0,0,0,0,0,0,0,0,0,0,0,1,0,0,0,0,0,0,0,0,0,0,0,0,0,0,0,0,0,0,0,0,0,0
11,351.0,150.0,501.0,20,0,62.50575394435511,119.0,7,67,0.08561298293156101,0.13004098125559668,0,0,137.16580173757993,0.2957197093695162,0,6,45.54545454545455,0.0,3.4965075614664802,0,0,1,0,0,0,0,1,1,0,0,0,0,1,0,0,0,1,0,0,0,0,0,0,0,0,0,0,0,0,0,0,0,0,0,1,0,0,0,0,0,0,0,0,0,0,0,0,0,0,0,0
1,120.0,53.0,173.0,17,2,59.4707092197295,334.0,6,119,0.2206166594293269,0.1484888648460407,1,0,159.75694298327858,0.6181296608416931,0,7,173.0,0.11764705882352941,2.6390573296152584,1,0,1,0,0,0,0,1,0,0,1,0,1,0,0,0,0,1,0,0,0,0,0,0,0,0,0,0,1,0,0,0,0,0,0,0,0,0,0,0,0,0,0,0,0,0,0,0,0,0,0,0
2,49.0,114.0,163.0,217,0,63.57690700807411,556.0,5,75,0.5244049669895158,0.04325402557893053,0,0,157.08579604235547,0.6801761602707214,0,8,81.5,0.0,2.833213344056216,0,0,1,0,0,0,1,0,0,0,1,0,0,1,0,0,0,1,0,0,0,0,0,0,0,0,0,0,0,1,0,0,0,0,0,0,0,0,0,0,0,0,0,0,0,0,0,0,0,0,0,0
6,159.0,167.0,326.0,20,1,81.54327798584659,173.0,5,177,0.13024886360291238,0.17604766643864586,0,0,111.44621818413908,0.6283817760242191,0,9,54.333333333333336,0.05,3.258096538021482,0,1,1,0,0,0,1,0,0,1,0,0,0,0,1,0,0,1,0,0,0,0,0,0,0,0,0,0,0,0,0,0,0,0,0,0,0,0,0,0,0,0,1,0,0,0,0,0,0,0,0,0
11,178.0,727.0,905.0,111,0,78.30687478755056,160.0,13,170,0.10670777296362208,0.2053882641330466,0,0,51.11681245455959,0.5449227242088581,0,10,82.27272727272727,0.0,4.5217885770490405,0,0,1,0,1,0,0,0,0,1,0,0,0,0,1,0,0,1,0,0,0,0,0,0,1,0,0,0,0,0,0,0,0,0,0,0,0,0,0,0,0,0,0,0,0,0,0,0,0,0,0,0
4,414.0,261.0,675.0,49,1,84.48099254934857,279.0,37,97,0.4607692702863347,0.399275542363768,1,0,138.45452127215657,0.6317676510060904,0,11,168.75,0.02040816326530612,4.927253685157205,0,0,1,1,0,0,0,0,0,0,1,0,0,0,1,0,0,1,0,0,0,0,0,0,0,0,0,0,1,0,0,0,0,0,0,0,0,0,0,0,0,0,0,0,0,0,0,0,0,0,0,0
2,228.0,418.0,646.0,31,1,71.08619738339262,127.0,16,143,0.3147907440633634,0.19536896030125595,0,0,54.30335782681118,0.7110648592843207,0,12,323.0,0.03225806451612903,3.713572066704308,0,0,1,0,1,0,0,0,1,0,0,0,1,0,0,0,0,1,0,0,0,0,0,0,0,0,0,0,0,0,1,0,0,0,0,0,0,0,0,0,0,0,0,0,0,0,0,0,0,0,0,0
6,246.0,56.0,302.0,43,0,63.90318914999872,79.0,19,39,0.11822334909982724,0.17410876283990426,1,0,168.6097841274232,0.213940155020523,0,13,50.333333333333336,0.0,2.995732273553991,0,0,1,0,0,0,1,0,0,0,0,1,0,1,0,0,0,1,0,0,0,0,0,0,0,0,0,0,1,0,0,0,0,0,0,0,0,0,0,0,0,0,0,0,0,0,0,0,0,0,0,0
6,211.0,61.0,272.0,15,1,86.026157860974,447.0,6,199,0.1118456786625128,0.026605074068371155,0,0,90.68968137939927,0.6511205839189648,0,14,45.333333333333336,0.06666666666666667,5.545177444479562,0,0,1,0,1,0,0,0,0,1,0,0,1,0,0,0,0,1,0,0,0,0,0,0,0,0,0,0,0,0,0,0,0,0,0,0,0,0,0,0,0,0,0,0,0,1,0,0,0,0,0,0
2,120.0,84.0,204.0,44,1,68.35861783858603,146.0,9,46,0.3254235756205325,0.062027374374017785,0,0,145.3984133862205,0.5081232146820371,0,15,102.0,0.022727272727272728,2.9444389791664403,1,1,1,1,0,0,0,0,0,1,0,0,0,0,1,0,0,1,0,0,0,0,0,0,0,0,0,0,0,0,0,0,0,0,0,0,0,0,0,0,0,0,0,1,0,0,0,0,0,0,0,0
4,67.0,93.0,160.0,18,1,77.23857667024774,202.0,12,174,0.2415260789090198,0.340268060153859,1,0,93.75324752624553,0.760581791959584,0,16,40.0,0.05555555555555555,2.833213344056216,0,0,1,0,0,0,0,1,0,0,1,0,0,0,1,0,0,1,0,0,0,0,0,0,0,0,0,0,0,1,0,0,0,0,0,0,0,0,0,0,0,0,0,0,0,0,0,0,0,0,0,0
8,203.0,36.0,239.0,32,0,74.15899438766813,130.0,5,169,0.04997794692920335,0.13773084862093243,2,1,100.318573515071,0.7119292996325063,0,17,29.875,0.0,1.791759469228055,1,0,1,0,0,0,1,0,0,0,1,0,0,1,0,0,0,1,0,0,0,0,0,0,0,0,0,1,0,0,0,0,0,0,0,0,0,0,0,0,0,0,0,0,0,0,0,0,0,0,0,0
15,102.0,442.0,544.0,93,1,74.15899438766813,489.0,6,39,0.3227528642235205,0.1619284167230127,0,1,87.96120733623157,0.672370723790124,0,18,36.266666666666666,0.010752688172043012,4.564348191467836,0,0,1,0,0,0,0,1,0,0,1,0,1,0,0,0,0,1,0,0,0,0,0,0,0,0,0,0,0,0,0,1,0,0,0,0,0,0,0,0,0,0,0,0,0,0,0,0,0,0,0,0
6,952.0,290.0,1242.0,54,0,87.11275585129816,364.0,16,6,0.5072616866834132,0.2747904691969608,0,0,148.64326107842805,0.3140772329307052,0,19,207.0,0.0,4.174387269895637,0,1,1,0,0,1,0,0,1,0,0,0,1,0,0,0,0,1,0,0,0,0,0,0,0,0,0,0,0,0,0,0,0,0,0,0,0,0,0,0,0,0,0,0,0,0,0,0,1,0,0,0
3,649.0,78.0,727.0,13,0,66.40470519996171,169.0,19,148,0.007295191710883987,0.21477638300209725,0,0,95.14612077121733,0.7635495707019458,0,20,242.33333333333334,0.0,5.476463551931511,0,0,1,0,0,1,0,0,0,1,0,0,0,0,1,0,0,1,0,0,0,0,0,0,0,0,1,0,0,0,0,0,0,0,0,0,0,0,0,0,0,0,0,0,0,0,0,0,0,0,0,0
3,297.0,222.0,519.0,88,0,74.15899438766813,87.0,9,174,0.0929353649850376,0.12364546722311909,0,0,150.74128352764595,0.4189788072773707,0,21,173.0,0.0,2.0794415416798357,0,0,1,0,1,0,0,0,0,1,0,0,1,0,0,0,0,1,0,0,0,0,0,0,0,0,0,0,0,0,0,0,0,0,0,0,0,0,0,0,0,0,0,0,0,0,0,0,0,1,0,0
5,225.0,140.0,365.0,44,1,47.02776364574167,157.0,3,144,0.34016797867673443,0.14110913598488803,0,1,96.19238565087639,0.6317676510060904,0,22,73.0,0.022727272727272728,4.61512051684126,1,1,1,0,0,1,0,0,0,0,0,1,1,0,0,0,0,1,0,0,0,0,0,0,0,0,0,0,0,0,0,0,0,0,0,0,0,0,0,0,0,0,0,0,0,0,0,1,0,0,0,0
3,134.0,242.0,376.0,28,0,68.28730008428177,298.0,7,15,0.18199612997092637,0.1711690740181969,0,1,110.7432698997858,0.6993202084081832,0,23,125.33333333333333,0.0,3.367295829986474,0,0,1,0,0,0,1,0,0,0,1,0,0,1,0,0,0,1,0,0,0,0,0,0,0,0,0,0,0,0,0,0,0,0,0,0,0,0,0,0,0,0,0,0,1,0,0,0,0,0,0,0
3,37.0,25.0,62.0,81,0,72.94374424946241,228.0,3,130,0.10797516706908993,0.10609801309935102,1,1,121.42259759836969,0.5993047576635764,0,0,20.666666666666668,0.0,4.04305126783455,0,0,1,0,0,0,1,0,0,0,0,1,0,1,0,0,0,0,1,0,0,0,0,0,0,0,0,0,0,0,0,1,0,0,0,0,0,0,0,0,0,0,0,0,0,0,0,0,0,0,0,0
1,117.0,93.0,210.0,39,0,74.15899438766813,216.0,9,81,0.33794325408462444,0.13792496693011874,0,0,126.15286423660001,0.9042112805931696,0,1,210.0,0.0,1.9459101490553132,0,0,1,0,1,0,0,0,0,0,1,0,1,0,0,0,0,0,1,0,0,0,1,0,0,0,0,0,0,0,0,0,0,0,0,0,0,0,0,0,0,0,0,0,0,0,0,0,0,0,0,0
9,165.0,103.0,268.0,17,0,60.971245439826575,232.0,10,183,0.12272114377809919,0.07205751253916311,0,0,83.03182661787531,0.685420978826521,0,2,29.77777777777778,0.0,4.624972813284271,0,0,1,0,0,0,1,0,0,0,1,0,0,1,0,0,0,0,1,0,0,0,0,0,0,0,0,0,0,0,0,0,0,0,1,0,0,0,0,0,0,0,0,0,0,0,0,0,0,0,0,0
1,191.0,218.0,409.0,196,0,83.05191954536508,340.0,7,161,0.1887345729882661,0.20351296008687236,0,0,148.1523059720543,0.8070157461489734,0,3,409.0,0.0,4.02535169073515,0,1,1,0,0,0,1,0,1,0,0,0,0,1,0,0,0,0,1,0,0,0,0,0,0,0,1,0,0,0,0,0,0,0,0,0,0,0,0,0,0,0,0,0,0,0,0,0,0,0,0,0
2,248.0,55.0,303.0,44,0,87.68318137498552,194.0,10,160,0.261289496597347,0.2103498228813266,0,0,109.14643176229062,0.5055831085379583,0,4,151.5,0.0,3.295836866004329,0,0,1,0,0,0,0,1,1,0,0,0,0,0,1,0,0,0,1,0,0,0,0,0,1,0,0,0,0,0,0,0,0,0,0,0,0,0,0,0,0,0,0,0,0,0,0,0,0,0,0,0
3,408.0,7.0,415.0,41,1,66.3421242330687,274.0,12,84,0.0881430604608746,0.027098132772512912,0,0,141.75602949222034,0.7210829324396089,0,5,138.33333333333334,0.024390243902439025,3.8918202981106265,0,1,1,0,1,0,0,0,1,0,0,0,0,1,0,0,0,0,1,0,0,0,0,0,0,0,0,0,0,0,0,0,0,0,0,0,0,0,1,0,0,0,0,0,0,0,0,0,0,0,0,0
16,69.0,33.0,102.0,32,0,70.51771261472773,100.0,10,67,0.14271668511241495,0.4380568464898478,0,0,119.3508692114896,0.3641835777388994,0,6,6.375,0.0,2.6390573296152584,1,0,1,0,0,0,0,1,0,1,0,0,0,0,1,0,0,0,1,0,0,0,0,0,0,0,0,0,0,0,1,0,0,0,0,0,0,0,0,0,0,0,0,0,0,0,0,0,0,0,0,0
2,70.0,102.0,172.0,114,0,76.69954528574284,1056.3399999999997,3,165,0.09138872905933886,0.1646231854654766,0,0,143.4581560169959,0.29195695286943746,0,7,86.0,0.0,2.833213344056216,0,0,1,0,0,1,0,0,0,0,1,0,0,1,0,0,0,0,1,0,0,0,0,0,0,0,0,0,0,0,0,0,0,0,0,0,0,1,0,0,0,0,0,0,0,0,0,0,0,0,0,0
1,732.0,117.0,849.0,29,1,57.22218039368965,164.0,7,27,0.07587088576927026,0.19023535358858074,0,0,103.54633008079404,0.670643296282314,0,8,849.0,0.034482758620689655,2.8903717578961645,0,1,1,0,0,0,1,0,0,0,1,0,0,0,1,0,0,0,1,0,0,0,0,0,0,0,0,0,0,0,0,0,0,0,0,0,1,0,0,0,0,0,0,0,0,0,0,0,0,0,0,0
2,346.0,700.0,1046.0,12,1,69.53876145766372,231.0,12,24,0.20170486514687422,0.0725272641337436,0,0,88.41607640502514,0.6014731993107825,0,9,523.0,0.08333333333333333,1.791759469228055,0,0,1,0,1,0,0,0,1,0,0,0,0,1,0,0,0,0,1,0,0,0,1,0,0,0,0,0,0,0,0,0,0,0,0,0,0,0,0,0,0,0,0,0,0,0,0,0,0,0,0,0
12,96.0,208.0,304.0,25,1,90.31334449135699,297.0,27,17,0.24636379767816907,0.3687670662212211,1,0,137.07432937755675,0.5868374407280298,0,10,25.333333333333332,0.04,4.07753744390572,0,0,1,0,0,1,0,0,1,0,0,0,0,0,1,0,0,0,1,0,0,0,0,0,0,0,0,0,0,0,0,0,0,0,0,0,0,0,0,0,0,0,0,0,0,0,0,0,0,1,0,0
1,131.0,120.0,251.0,129,1,81.27185773037304,150.0,7,104,0.4210619823291029,0.2183007094027004,0,0,100.25064656802982,0.5327442925612053,0,11,251.0,0.007751937984496124,4.382026634673881,0,0,1,0,0,1,0,0,0,0,1,0,0,1,0,0,0,0,1,0,0,0,0,0,0,0,0,0,0,0,0,1,0,0,0,0,0,0,0,0,0,0,0,0,0,0,0,0,0,0,0,0
1,132.0,106.0,238.0,86,3,73.11898452620109,201.0,13,19,0.17077787054939855,0.25231596785764504,0,0,178.3514579898444,0.38624449156462726,0,12,238.0,0.03488372093023256,2.70805020110221,0,0,1,0,1,0,0,0,0,0,1,0,0,1,0,0,0,0,1,0,0,0,0,0,0,0,0,0,0,0,0,0,0,0,0,0,0,0,0,0,0,0,0,0,0,1,0,0,0,0,0,0
29,153.0,370.0,523.0,36,0,76.3568683420378,199.0,16,118,0.08289082079402786,0.13173010069161284,0,0,122.70626808846852,0.6317676510060904,0,13,18.03448275862069,0.0,3.6375861597263857,1,1,1,0,0,1,0,0,0,0,1,0,1,0,0,0,0,0,1,0,0,0,0,0,0,0,0,0,0,0,0,0,0,0,0,0,0,0,0,0,0,0,0,0,0,0,0,1,0,0,0,0
5,249.0,57.0,306.0,134,2,81.97086438635726,105.0,7,37,0.25496119396646877,0.3201572577849057,0,0,65.05474888820675,0.5205327325211668,0,14,61.2,0.014925373134328358,3.091042453358316,0,0,1,0,0,0,0,1,0,0,1,0,1,0,0,0,0,0,1,0,0,0,0,0,0,0,0,0,0,0,0,0,0,0,0,0,0,0,0,0,0,0,0,0,0,0,1,0,0,0,0,0
1,2143.49,94.0,2506.0,81,2,84.26892177492137,272.0,20,178,0.03962932419713208,0.12962403355077254,1,0,96.58136186330594,0.8108743583259533,0,15,2506.0,0.024691358024691357,3.6109179126442243,0,0,1,0,0,0,0,1,0,0,0,1,0,1,0,0,0,0,1,0,0,0,0,0,0,0,0,0,0,0,0,0,0,0,0,0,0,0,0,0,0,0,0,1,0,0,0,0,0,0,0,0
3,182.0,33.0,215.0,36,0,68.32303023145077,63.0,20,89,0.523632598467649,0.5605645475562251,0,0,80.02781840065636,0.9137041977041755,0,16,71.66666666666667,0.0,2.772588722239781,0,1,1,0,0,0,0,1,1,0,0,0,0,0,1,0,0,0,1,0,0,0,0,0,0,0,0,0,0,0,0,0,0,0,0,0,0,0,0,0,0,0,0,0,0,1,0,0,0,0,0,0
3,307.0,523.0,830.0,39,1,74.15899438766813,683.0,23,23,0.16864487947676865,0.045083906043995835,1,2,162.9167512152657,0.7335098706152876,0,17,276.6666666666667,0.02564102564102564,2.5649493574615367,0,0,1,0,0,0,1,0,0,0,0,1,0,0,1,0,0,0,1,0,0,0,0,0,0,0,0,0,0,0,0,0,0,0,0,0,0,0,0,0,0,0,0,0,0,0,0,0,1,0,0,0
6,23.0,169.0,192.0,58,1,74.15899438766813,349.0,12,140,0.037890001790503586,0.1289488370712832,0,0,150.94162371434504,0.7096122430530073,0,18,32.0,0.017241379310344827,4.248495242049359,0,0,1,0,0,1,0,0,0,0,0,1,0,1,0,0,0,0,1,0,0,0,0,0,0,0,1,0,0,0,0,0,0,0,0,0,0,0,0,0,0,0,0,0,0,0,0,0,0,0,0,0
14,87.0,50.0,137.0,22,1,83.12709156423855,313.0,47,71,0.13340324746397322,0.040767804621958934,1,0,117.55826815986786,0.8151194466829826,0,19,9.785714285714286,0.045454545454545456,3.258096538021482,0,0,1,0,0,0,1,0,0,0,1,0,0,1,0,0,0,0,1,0,0,0,0,0,0,0,0,0,0,0,0,0,1,0,0,0,0,0,0,0,0,0,0,0,0,0,0,0,0,0,0,0
4,573.0,96.0,669.0,44,1,64.8844816098493,59.0,5,56,0.15124243954703137,0.2692673935623607,0,0,131.6029481360121,0.840617144674871,0,20,167.25,0.022727272727272728,5.123963979403259,0,1,1,0,0,1,0,0,0,1,0,0,1,0,0,0,0,0,1,0,0,0,0,0,0,0,0,0,0,0,0,0,0,0,0,0,0,0,0,0,0,0,0,0,0,0,0,0,1,0,0,0
2,231.0,192.0,423.0,57,0,62.75731311875288,115.0,39,133,0.23705038926325697,0.2156213384937623,0,0,116.4928222844714,0.8589602973040191,0,21,211.5,0.0,3.367295829986474,0,1,1,0,0,1,0,0,0,0,1,0,0,1,0,0,0,0,1,0,0,0,0,1,0,0,0,0,0,0,0,0,0,0,0,0,0,0,0,0,0,0,0,0,0,0,0,0,0,0,0,0
6,12.99,83.0,84.0,11,0,71.08075444084088,529.0,15,191,0.2939205072591697,0.17766242493159992,0,0,154.4160820273887,0.7857388191370809,0,22,14.0,0.0,2.4849066497880004,0,0,1,0,1,0,0,0,0,0,0,1,0,0,1,0,0,0,1,0,0,0,0,0,0,1,0,0,0,0,0,0,0,0,0,0,0,0,0,0,0,0,0,0,0,0,0,0,0,0,0,0
1,311.0,61.0,372.0,38,1,75.72918117173293,1056.3399999999997,23,196,0.3217351200609015,0.27551012300134475,0,1,140.79326571294646,0.8845541104354663,0,23,372.0,0.02631578947368421,4.406719247264253,0,0,1,1,0,0,0,0,0,0,1,0,0,1,0,0,0,0,1,0,0,0,0,0,0,0,0,0,0,0,0,0,0,0,1,0,0,0,0,0,0,0,0,0,0,0,0,0,0,0,0,0
1,1224.0,53.0,1277.0,35,1,53.77809761329137,462.0,7,89,0.17874127591727115,0.22597254760580465,0,0,147.99902816890386,0.6422286250958751,0,0,1277.0,0.02857142857142857,3.871201010907891,1,0,0,0,0,0,1,0,0,0,1,0,1,0,0,0,1,0,0,0,0,0,0,1,0,0,0,0,0,0,0,0,0,0,0,0,0,0,0,0,0,0,0,0,0,0,0,0,0,0,0,0
1,16.0,159.0,175.0,101,1,80.93631760254307,413.0,16,170,0.13641403977060237,0.20353860476152408,0,1,112.32616079281813,0.4220602186407318,0,1,175.0,0.009900990099009901,3.332204510175204,0,0,0,0,0,0,0,1,0,1,0,0,0,1,0,0,1,0,0,0,0,0,0,0,0,0,1,0,0,0,0,0,0,0,0,0,0,0,0,0,0,0,0,0,0,0,0,0,0,0,0,0
1,789.0,74.0,863.0,10,1,74.15899438766813,289.0,24,45,0.0894425805022649,0.30706355232555727,0,0,94.73760781190092,0.512697040187127,0,2,863.0,0.1,4.382026634673881,0,0,0,0,1,0,0,0,1,0,0,0,0,0,1,0,1,0,0,0,0,0,0,0,0,0,0,0,0,0,0,0,0,0,0,0,0,0,0,0,0,0,0,0,0,0,0,0,0,0,0,1
1,12.99,66.0,73.0,32,1,81.91768967797053,110.0,4,170,0.27083649231325646,0.046128224273613065,0,0,146.6025234009682,0.8168661849569101,0,3,73.0,0.03125,2.772588722239781,0,0,0,0,1,0,0,0,0,0,1,0,0,0,1,0,1,0,0,0,0,0,0,0,0,0,0,0,0,0,0,0,0,0,0,0,0,1,0,0,0,0,0,0,0,0,0,0,0,0,0,0
1,416.0,25.0,441.0,30,2,66.88736636634918,402.0,8,188,0.19029340507441514,0.33141012508389445,0,1,182.053613948568,0.6294920729584141,0,4,441.0,0.06666666666666667,3.2188758248682006,0,0,0,0,0,0,0,1,0,0,1,0,0,0,1,0,1,0,0,0,0,0,0,0,0,0,0,0,0,0,0,0,0,0,0,0,0,0,0,0,0,0,0,0,0,0,0,1,0,0,0,0
4,147.0,119.0,266.0,96,0,65.46715923119412,92.0,2,105,0.18702999834031822,0.17087368583473617,0,0,164.24041755733748,0.7769759392868928,0,5,66.5,0.0,3.1780538303479458,0,0,0,0,0,0,1,0,0,0,0,1,0,1,0,0,1,0,0,0,0,0,0,0,0,0,0,0,0,0,0,0,0,0,0,0,0,0,0,0,0,0,0,0,0,0,0,0,0,1,0,0
1,12.99,90.0,101.0,43,2,78.59822813008894,85.0,7,106,0.12115303010252898,0.3147716732636623,0,0,183.26634815520612,0.17213501151993882,0,6,101.0,0.046511627906976744,2.1972245773362196,0,0,0,0,1,0,0,0,1,0,0,0,0,1,0,0,1,0,0,0,0,0,0,0,0,0,0,0,0,0,0,0,0,0,0,0,0,0,0,0,0,0,0,0,0,0,0,0,0,0,1,0
1,242.0,77.0,319.0,188,0,73.16035541594184,82.0,5,115,0.494444188919405,0.3693848692766525,1,0,126.48127395495938,0.8373214854720239,0,7,319.0,0.0,3.091042453358316,1,0,0,0,1,0,0,0,0,0,1,0,0,1,0,0,1,0,0,0,0,0,0,0,0,0,0,0,0,0,0,0,0,0,0,0,0,0,0,0,0,0,1,0,0,0,0,0,0,0,0,0
1,526.0,136.0,662.0,75,0,80.3164940910709,396.0,7,19,0.31415564304232935,0.19695357489553936,0,0,81.20035630624984,0.551151247462938,0,8,662.0,0.0,4.51085950651685,0,1,0,0,1,0,0,0,0,0,0,1,0,0,1,0,1,0,0,0,0,0,0,0,0,0,0,0,0,0,0,0,0,0,0,0,0,0,0,0,0,0,0,1,0,0,0,0,0,0,0,0
2,221.0,250.0,471.0,32,0,82.22065647126762,192.0,69,172,0.15754186822998925,0.07490694798633131,0,0,84.75251361582097,0.8177852358537725,0,9,235.5,0.0,3.5263605246161616,0,1,0,0,0,0,0,1,1,0,0,0,0,0,1,0,1,0,0,0,0,0,0,0,0,0,0,0,0,1,0,0,0,0,0,0,0,0,0,0,0,0,0,0,0,0,0,0,0,0,0,0
2,282.0,237.0,519.0,54,0,88.10268634673595,214.0,30,148,0.37839334957104,0.06445278347669066,0,0,175.18279382054905,0.5558316456550935,0,10,259.5,0.0,2.1972245773362196,0,0,0,0,1,0,0,0,1,0,0,0,1,0,0,0,1,0,0,0,0,0,0,0,0,0,0,0,0,0,0,0,0,0,0,0,0,0,0,0,0,0,0,0,0,0,0,1,0,0,0,0
11,94.0,201.0,295.0,33,0,61.41451885284574,198.0,3,174,0.17890600505506157,0.05578183050770934,0,1,45.52225912518941,0.4042274819781788,0,11,26.818181818181817,0.0,1.9459101490553132,0,0,0,0,0,0,0,1,1,0,0,0,1,0,0,0,1,0,0,0,0,0,0,0,0,0,0,0,0,0,0,0,0,0,0,0,0,1,0,0,0,0,0,0,0,0,0,0,0,0,0,0
2,19.0,84.0,103.0,88,0,74.15899438766813,91.0,13,27,0.28211374664425004,0.3498480554285426,0,0,180.1902682269172,0.5371707192895471,0,12,51.5,0.0,4.804021044733257,0,0,0,0,0,0,0,1,1,0,0,0,1,0,0,0,1,0,0,0,0,0,0,0,0,0,0,0,1,0,0,0,0,0,0,0,0,0,0,0,0,0,0,0,0,0,0,0,0,0,0,0
6,317.0,58.0,375.0,15,1,70.63829995246412,125.0,15,161,0.08741243888593424,0.27498427263346503,0,0,88.49461321838739,0.5489492831954371,0,13,62.5,0.06666666666666667,3.2188758248682006,0,0,0,0,0,0,0,1,0,0,1,0,0,1,0,0,1,0,0,0,0,0,0,0,0,0,0,0,0,0,0,0,0,0,0,0,0,0,0,0,1,0,0,0,0,0,0,0,0,0,0,0
3,1017.0,34.0,1051.0,23,1,73.81637947277567,129.0,7,75,0.2037549599542885,0.1155695370138805,1,0,196.93559873424232,0.5760923812216965,0,14,350.3333333333333,0.043478260869565216,2.772588722239781,0,0,0,0,0,0,1,0,0,0,0,1,1,0,0,0,1,0,0,0,0,0,0,0,1,0,0,0,0,0,0,0,0,0,0,0,0,0,0,0,0,0,0,0,0,0,0,0,0,0,0,0
3,514.0,57.0,571.0,64,0,85.37290623202493,74.0,10,164,0.7313641272289658,0.16878871740173315,2,0,117.17592833275839,0.5129085582007564,0,15,190.33333333333334,0.0,3.091042453358316,0,1,0,0,0,0,0,1,0,0,1,0,1,0,0,0,1,0,0,0,0,0,0,0,0,0,0,0,0,0,0,0,0,0,0,0,0,0,0,0,0,0,0,0,0,1,0,0,0,0,0,0
1,16.0,112.0,128.0,119,1,86.67751047661493,140.0,10,198,0.1033722861013607,0.11675634192234695,0,0,148.90283289025416,0.8477268364902174,0,16,128.0,0.008403361344537815,2.0794415416798357,0,0,0,0,0,0,1,0,0,0,0,1,1,0,0,0,1,0,0,0,0,0,0,0,0,0,0,0,0,0,0,0,0,0,0,0,0,0,0,1,0,0,0,0,0,0,0,0,0,0,0,0
3,28.0,46.0,74.0,7,0,91.78132380460386,93.0,3,176,0.07451853965120875,0.16833623738758655,0,0,215.4018559306497,0.7007242708648233,0,17,24.666666666666668,0.0,4.584967478670572,1,1,0,0,0,0,1,0,0,0,1,0,0,0,1,0,1,0,0,0,0,0,0,0,0,0,0,0,0,0,0,0,0,0,0,0,0,0,0,0,0,0,0,0,0,0,0,0,0,1,0,0
1,58.0,122.0,180.0,134,0,80.10708300441921,300.0,4,183,0.21536426862410188,0.35271802080682163,0,0,106.79408795777387,0.584664258567948,0,18,180.0,0.0,2.995732273553991,0,0,0,0,0,1,0,0,1,0,0,0,1,0,0,0,1,0,0,0,0,0,0,0,0,0,0,0,0,0,0,0,0,0,0,0,1,0,0,0,0,0,0,0,0,0,0,0,0,0,0,0
3,25.0,38.0,63.0,39,0,73.67979851093047,318.0,10,27,0.18350859974586978,0.15195982203945968,0,0,106.12267907581712,0.3590226344313674,0,19,21.0,0.0,4.532599493153256,0,1,0,0,0,0,1,0,0,1,0,0,0,0,1,0,1,0,0,0,0,0,0,0,0,0,0,0,0,0,0,0,0,0,0,0,0,0,0,0,0,0,0,0,0,0,0,0,0,0,0,1
2,155.0,17.0,172.0,9,1,71.9654583665954,81.0,9,69,0.08292864267916299,0.1516550650451719,0,0,92.20643203703763,0.5824630820601963,0,20,86.0,0.1111111111111111,3.367295829986474,0,1,0,0,0,0,0,1,0,0,0,1,0,0,1,0,1,0,0,0,0,0,0,0,1,0,0,0,0,0,0,0,0,0,0,0,0,0,0,0,0,0,0,0,0,0,0,0,0,0,0,0
1,228.0,270.0,498.0,4,1,54.18293997126398,162.0,5,62,0.16605004599391987,0.030534645164885122,0,0,79.9286692320392,0.34374096732065257,0,21,498.0,0.25,4.59511985013459,0,0,0,0,0,0,0,1,0,0,0,1,1,0,0,0,1,0,0,0,0,0,0,0,0,0,0,0,0,0,0,0,0,0,0,0,0,0,0,0,0,0,0,0,0,0,0,0,0,0,1,0
7,30.0,65.0,95.0,13,0,91.07682053878324,734.0,5,105,0.08845663430687081,0.2898377840447349,0,0,106.80702715058965,0.3024371854564051,0,22,13.571428571428571,0.0,3.332204510175204,1,1,0,1,0,0,0,0,1,0,0,0,0,1,0,0,1,0,0,0,0,0,0,0,0,0,0,0,0,0,0,0,0,0,0,1,0,0,0,0,0,0,0,0,0,0,0,0,0,0,0,0
4,348.0,43.0,391.0,44,1,71.13721903457196,100.0,8,195,0.11558152708868195,0.22147732906519776,0,0,97.80636550565579,0.892062970605945,0,23,97.75,0.022727272727272728,4.07753744390572,0,1,0,0,0,0,0,1,0,0,1,0,0,0,1,0,1,0,0,0,0,0,0,0,0,0,0,0,0,0,0,0,0,0,0,0,0,0,0,0,0,0,0,0,0,0,0,0,0,0,1,0
2,287.0,33.0,320.0,42,0,81.07076472003493,270.0,16,138,0.07094488313403367,0.15583967329712017,0,0,69.98972143471093,0.6605597174844475,0,0,160.0,0.0,3.9512437185814275,1,0,0,0,1,0,0,0,1,0,0,0,0,1,0,0,0,0,0,0,1,0,0,0,0,0,0,0,0,0,0,0,0,0,1,0,0,0,0,0,0,0,0,0,0,0,0,0,0,0,0,0
3,81.0,175.0,256.0,74,1,83.1479583089092,215.0,8,111,0.3120375554501364,0.3833203789746278,0,0,111.58075567288118,0.5437271912244923,0,1,85.33333333333333,0.013513513513513514,3.871201010907891,0,0,0,0,0,1,0,0,0,0,1,0,1,0,0,0,0,0,0,0,1,0,0,0,0,0,0,0,0,0,0,1,0,0,0,0,0,0,0,0,0,0,0,0,0,0,0,0,0,0,0,0
3,122.0,498.0,620.0,28,2,74.15899438766813,430.0,28,161,0.1653404667176881,0.26556326831833993,0,0,137.99146277726973,0.7917733157054628,1,2,206.66666666666666,0.07142857142857142,3.6375861597263857,0,0,0,0,0,1,0,0,0,0,1,0,1,0,0,0,0,0,0,0,1,0,0,0,0,0,0,0,0,0,0,0,0,0,0,0,0,1,0,0,0,0,0,0,0,0,0,0,0,0,0,0
1,17.0,70.0,87.0,18,0,63.91984329048439,246.0,5,39,0.051539783951715476,0.10227916872346489,0,1,84.16378396285747,0.6317676510060904,0,3,87.0,0.0,3.091042453358316,0,0,0,0,1,0,0,0,1,0,0,0,0,1,0,0,0,0,0,0,1,0,0,0,0,0,0,0,0,0,0,0,0,0,0,0,0,0,0,0,0,0,0,0,0,1,0,0,0,0,0,0
3,102.0,86.0,188.0,32,0,93.56423888466593,148.0,10,133,0.3882775188814342,0.13207103877669643,0,0,113.50200781093565,0.39561156960914984,0,4,62.666666666666664,0.0,5.030437921392435,0,0,0,0,0,0,1,0,0,0,0,1,1,0,0,0,0,0,0,0,1,0,1,0,0,0,0,0,0,0,0,0,0,0,0,0,0,0,0,0,0,0,0,0,0,0,0,0,0,0,0,0
2,149.0,357.0,506.0,45,0,78.48522618820253,209.0,7,103,0.17315206705841532,0.16928781421018052,1,0,176.26017898260835,0.790968467954989,0,5,253.0,0.0,2.4849066497880004,0,0,0,0,1,0,0,0,1,0,0,0,0,0,1,0,0,0,0,0,1,0,0,0,0,0,0,0,0,0,0,0,0,0,0,0,0,0,0,0,0,0,0,0,0,1,0,0,0,0,0,0
1,178.0,15.0,193.0,53,0,68.0329720284178,212.0,13,44,0.07536410613519283,0.03767390558798342,1,0,63.21875435270326,0.353792820362257,0,6,193.0,0.0,3.332204510175204,0,0,0,0,0,0,1,0,0,0,1,0,1,0,0,0,0,0,0,0,1,0,0,0,0,0,0,0,0,0,0,0,0,0,0,0,0,0,0,0,0,0,0,0,0,0,1,0,0,0,0,0
1,225.0,956.0,1181.0,23,0,73.48383586646948,187.0,5,130,0.3066890506746291,0.1992413697004832,1,0,197.26669015746435,0.4548271956379713,0,7,1181.0,0.0,3.332204510175204,0,0,0,0,1,0,0,0,0,0,0,1,0,0,1,0,0,0,0,0,1,0,0,0,0,0,0,0,0,1,0,0,0,0,0,0,0,0,0,0,0,0,0,0,0,0,0,0,0,0,0,0
2,194.0,1292.3199999999988,1811.0,91,0,88.03484285799406,79.0,34,168,0.5362500158190164,0.34731466410043516,1,0,93.03905708115995,0.5005084842523817,0,8,905.5,0.0,3.6635616461296463,0,0,0,0,0,0,0,1,0,0,1,0,0,1,0,0,0,0,0,0,1,0,0,0,1,0,0,0,0,0,0,0,0,0,0,0,0,0,0,0,0,0,0,0,0,0,0,0,0,0,0,0
5,110.0,6.0,115.0,27,1,86.21177375681165,478.0,2,166,0.18866627444503906,0.05144573714045346,0,2,128.03616404770136,0.6707847453705763,0,9,23.0,0.037037037037037035,2.9444389791664403,0,0,0,0,0,0,1,0,1,0,0,0,1,0,0,0,0,0,0,0,1,0,0,0,0,0,0,0,0,0,0,0,0,0,1,0,0,0,0,0,0,0,0,0,0,0,0,0,0,0,0,0
1,203.0,98.0,301.0,22,2,57.407018853124285,422.0,29,169,0.296057859248392,0.321740428141817,0,1,171.16652662786097,0.6033881424490003,0,10,301.0,0.09090909090909091,3.332204510175204,1,0,0,0,0,0,1,0,0,1,0,0,0,0,1,0,0,0,0,0,1,0,0,0,0,0,0,0,0,0,0,0,0,0,0,0,1,0,0,0,0,0,0,0,0,0,0,0,0,0,0,0
24,446.0,49.0,495.0,28,0,94.61140612406271,96.0,9,163,0.26878921010931833,0.24074988453584556,0,0,183.37360857558008,0.6317676510060904,0,11,20.625,0.0,3.1780538303479458,0,0,0,0,0,0,0,1,0,0,1,0,0,0,1,0,0,0,0,0,1,0,0,0,0,0,0,0,0,0,0,0,0,0,0,0,0,0,0,0,1,0,0,0,0,0,0,0,0,0,0,0
6,133.0,82.0,215.0,105,0,86.59377637198415,162.0,13,96,0.23140442149283694,0.19402057097031147,0,0,138.79282814454086,0.8149393216720136,0,12,35.833333333333336,0.0,1.9459101490553132,0,0,0,0,0,1,0,0,0,0,1,0,0,0,1,0,0,0,0,0,1,0,0,0,0,0,1,0,0,0,0,0,0,0,0,0,0,0,0,0,0,0,0,0,0,0,0,0,0,0,0,0
9,210.0,69.0,279.0,40,0,73.17029700790097,171.0,22,14,0.23542082740656123,0.15305515076858228,0,0,92.21977928900112,0.6317676510060904,0,13,31.0,0.0,3.332204510175204,1,0,0,0,0,0,1,0,0,1,0,0,1,0,0,0,0,0,0,0,1,0,0,0,0,0,0,0,0,0,0,0,0,0,0,0,0,0,0,0,0,0,1,0,0,0,0,0,0,0,0,0
6,120.0,268.0,388.0,25,0,60.699330682959356,89.0,16,193,0.09662043643067124,0.32539616500767227,0,1,88.6875490891817,0.6513805412927283,0,14,64.66666666666667,0.0,2.3978952727983707,0,0,0,1,0,0,0,0,0,0,1,0,0,0,1,0,0,0,0,0,1,0,0,1,0,0,0,0,0,0,0,0,0,0,0,0,0,0,0,0,0,0,0,0,0,0,0,0,0,0,0,0
14,72.0,97.0,169.0,93,1,87.64810368073111,54.0,5,93,0.57655736096716,0.10714812864136714,1,1,97.00430325782739,0.7800389418620002,0,15,12.071428571428571,0.010752688172043012,1.791759469228055,0,1,0,0,0,0,1,0,0,0,1,0,0,0,1,0,0,0,0,0,1,0,0,0,0,0,0,0,0,0,0,0,0,0,0,0,0,0,0,0,0,0,0,0,0,0,0,0,0,1,0,0
1,263.0,40.0,303.0,248,0,80.71713000353543,125.0,13,128,0.059595644379869285,0.17429270948701328,0,0,195.57026173857818,0.6867385945476259,0,16,303.0,0.0,3.4339872044851463,0,0,0,0,0,0,1,0,0,0,1,0,1,0,0,0,0,0,0,0,1,0,0,0,0,1,0,0,0,0,0,0,0,0,0,0,0,0,0,0,0,0,0,0,0,0,0,0,0,0,0,0
1,80.0,90.0,170.0,52,0,57.50641946306682,156.0,33,9,0.08798602759512819,0.2607414825285945,0,0,104.67417975669062,0.5422247395601455,0,17,170.0,0.0,3.7612001156935624,0,0,0,1,0,0,0,0,0,0,1,0,1,0,0,0,0,0,0,0,1,0,0,0,0,0,0,0,0,1,0,0,0,0,0,0,0,0,0,0,0,0,0,0,0,0,0,0,0,0,0,0
2,226.0,193.0,419.0,119,0,72.21506309569948,73.0,4,178,0.25620087779916856,0.06324289849946323,1,0,132.94509650623746,0.8873943494593702,0,18,209.5,0.0,3.784189633918261,0,0,0,0,0,0,1,0,0,0,0,1,0,1,0,0,0,0,0,0,1,0,0,0,0,0,0,0,0,0,0,0,0,0,0,1,0,0,0,0,0,0,0,0,0,0,0,0,0,0,0,0
5,153.0,29.0,182.0,102,0,74.15899438766813,226.0,39,178,0.15823118210905554,0.21536942074156468,0,1,78.24971090675126,0.41885370619976425,0,19,36.4,0.0,3.828641396489095,0,0,0,0,0,1,0,0,0,1,0,0,1,0,0,0,0,0,0,0,1,0,0,0,0,0,0,0,0,0,0,0,0,0,0,0,0,0,0,1,0,0,0,0,0,0,0,0,0,0,0,0
3,106.0,17.0,123.0,27,0,75.19802108897306,452.0,11,185,0.46675314052552114,0.408486374011419,0,0,73.74624412363322,0.33843966386205876,0,20,41.0,0.0,1.6094379124341003,0,0,0,0,0,1,0,0,0,0,1,0,1,0,0,0,0,0,0,0,1,0,0,0,0,0,0,0,0,0,0,0,0,0,0,0,0,0,0,0,0,0,0,0,0,0,0,0,0,1,0,0
4,103.0,984.0,1087.0,45,0,66.09635286797212,361.0,6,38,0.08534423219596438,0.1177766998830144,0,0,121.05568896203903,0.5398036331476278,0,21,271.75,0.0,2.0794415416798357,0,0,0,0,0,0,1,0,0,1,0,0,1,0,0,0,0,0,0,0,1,0,0,1,0,0,0,0,0,0,0,0,0,0,0,0,0,0,0,0,0,0,0,0,0,0,0,0,0,0,0,0
9,84.0,54.0,138.0,16,1,62.89804049632031,183.0,4,169,0.12426173030962788,0.28552236935124925,1,0,107.01022627819603,0.7102447601476873,0,22,15.333333333333334,0.0625,5.081404364984463,0,0,0,0,0,0,1,0,0,0,1,0,0,1,0,0,0,0,0,0,1,0,0,0,0,0,0,0,0,0,0,0,0,0,0,0,0,0,0,0,0,0,0,1,0,0,0,0,0,0,0,0
4,24.0,94.0,118.0,37,0,74.15899438766813,55.0,7,126,0.08144617013680124,0.16189501201922665,1,0,109.93177366572651,0.737263076840026,0,23,29.5,0.0,2.3978952727983707,0,0,0,1,0,0,0,0,0,1,0,0,0,0,1,0,0,0,0,0,1,0,0,0,0,0,0,1,0,0,0,0,0,0,0,0,0,0,0,0,0,0,0,0,0,0,0,0,0,0,0,0
6,226.0,70.0,296.0,27,1,85.17311387493226,330.0,2,33,0.33878237130395844,0.06374299278126971,0,0,60.837207282140426,0.8315493749781461,0,0,49.333333333333336,0.037037037037037035,3.8501476017100584,1,1,0,0,0,0,1,0,0,0,1,0,0,1,0,0,0,0,0,0,0,1,0,0,0,0,0,0,0,0,0,0,0,0,0,0,0,0,0,0,0,0,0,0,0,0,0,0,0,0,1,0
1,191.0,200.0,391.0,32,0,91.88926936700673,221.0,6,116,0.08744304572232606,0.3587797692058255,0,0,117.06050908109265,0.6878883384699324,0,1,391.0,0.0,2.70805020110221,0,0,0,1,0,0,0,0,0,0,0,1,1,0,0,0,0,0,0,0,0,1,0,0,0,0,0,0,0,0,0,0,0,0,0,0,0,0,0,0,0,0,0,0,0,1,0,0,0,0,0,0
1,377.0,772.0,1149.0,24,1,77.9782234091059,269.0,7,97,0.3535589674775438,0.16099241377008652,1,1,181.97080666533907,0.7254398793094015,1,2,1149.0,0.041666666666666664,3.4011973816621555,0,0,0,0,0,0,0,1,0,0,1,0,1,0,0,0,0,0,0,0,0,1,0,0,0,0,0,1,0,0,0,0,0,0,0,0,0,0,0,0,0,0,0,0,0,0,0,0,0,0,0,0
12,82.0,208.0,290.0,35,0,90.04823082399344,776.0,4,126,0.27354920587777815,0.07086104397818804,0,0,85.87848001146303,0.6332420592699117,0,3,24.166666666666668,0.0,2.772588722239781,0,0,0,1,0,0,0,0,0,1,0,0,0,1,0,0,0,0,0,0,0,1,0,0,0,0,0,0,0,0,0,0,0,0,0,0,0,0,0,0,0,0,0,0,0,1,0,0,0,0,0,0
3,1193.0,20.0,1213.0,68,0,64.82015532542508,112.0,15,21,0.15553586227917657,0.36866799509593756,0,0,155.89740831013626,0.47906064108077534,0,4,404.3333333333333,0.0,3.8066624897703196,0,1,0,1,0,0,0,0,0,1,0,0,0,1,0,0,0,0,0,0,0,1,0,0,0,0,0,0,0,0,0,0,0,0,0,0,0,0,0,0,0,0,1,0,0,0,0,0,0,0,0,0
2,97.0,23.0,120.0,40,1,76.9510917709807,40.0,7,114,0.12532498398457542,0.4673654251022325,0,0,31.42118862216706,0.6476210375679613,0,5,60.0,0.025,3.332204510175204,0,0,0,0,1,0,0,0,1,0,0,0,1,0,0,0,0,0,0,0,0,1,0,0,0,0,0,0,0,0,0,0,0,0,0,0,0,0,0,0,0,0,1,0,0,0,0,0,0,0,0,0
2,56.0,70.0,126.0,10,1,78.44464217967284,95.0,5,137,0.20619542802085725,0.3527425867694958,0,0,87.90619218320205,0.6317676510060904,0,6,63.0,0.1,2.9444389791664403,0,1,0,0,0,1,0,0,0,0,1,0,1,0,0,0,0,0,0,0,0,1,0,0,0,0,0,0,0,0,0,1,0,0,0,0,0,0,0,0,0,0,0,0,0,0,0,0,0,0,0,0
1,49.0,81.0,130.0,24,0,91.58936318250265,281.0,7,144,0.2656823267198381,0.15501989468605745,0,1,43.584373816955065,0.6585883276496097,0,7,130.0,0.0,2.3978952727983707,0,0,0,0,1,0,0,0,0,0,1,0,1,0,0,0,0,0,0,0,0,1,0,0,0,0,0,0,0,0,0,0,0,0,0,0,0,0,1,0,0,0,0,0,0,0,0,0,0,0,0,0
1,22.0,16.0,53.99,13,0,78.82611648168546,204.0,11,154,0.32910655235726666,0.16798921379732376,1,1,169.44814889105274,0.5410855351847952,0,8,53.99,0.0,3.5553480614894135,0,0,0,0,1,0,0,0,1,0,0,0,0,1,0,0,0,0,0,0,0,1,0,0,0,0,0,0,0,0,0,0,0,0,0,0,0,0,0,0,0,0,0,1,0,0,0,0,0,0,0,0
1,801.0,270.0,1071.0,54,1,67.49385909916542,85.0,9,127,0.2869610571600059,0.2949247926930875,0,0,155.1511089984991,0.38629896917120315,0,9,1071.0,0.018518518518518517,2.302585092994046,0,0,0,0,0,1,0,0,0,0,1,0,0,0,1,0,0,0,0,0,0,1,0,0,0,0,0,0,0,0,0,0,0,0,0,0,0,0,0,0,0,0,0,0,0,0,0,0,0,0,0,1
1,670.0,33.0,703.0,66,2,75.76888606704449,74.0,5,141,0.10640698793580305,0.2427847145641013,0,0,78.62666919476109,0.6890210632693544,1,10,703.0,0.030303030303030304,3.6888794541139363,0,0,0,0,0,0,0,1,0,0,1,0,1,0,0,0,0,0,0,0,0,1,0,0,0,0,0,0,0,0,0,0,0,1,0,0,0,0,0,0,0,0,0,0,0,0,0,0,0,0,0,0
2,287.0,568.0,855.0,54,1,54.88304157047711,156.0,9,22,0.38270521467238566,0.2494920592654069,0,0,131.57108604810495,0.6317676510060904,0,11,427.5,0.018518518518518517,5.666426688112432,0,0,0,0,0,0,0,1,0,1,0,0,0,1,0,0,0,0,0,0,0,1,0,1,0,0,0,0,0,0,0,0,0,0,0,0,0,0,0,0,0,0,0,0,0,0,0,0,0,0,0,0
2,55.0,814.0,869.0,23,0,47.14837520075679,83.0,8,160,0.14279095226605784,0.09648394361383239,0,0,168.06837717163955,0.7578494930292422,0,12,434.5,0.0,4.5217885770490405,0,0,0,0,0,0,1,0,0,0,1,0,0,1,0,0,0,0,0,0,0,1,0,0,0,0,0,0,0,0,0,0,0,0,1,0,0,0,0,0,0,0,0,0,0,0,0,0,0,0,0,0
8,1088.0,83.0,1171.0,54,0,84.97609644129945,288.0,4,76,0.29580455224271424,0.14466100653728886,0,0,174.28766758262987,0.21394906610737963,0,13,146.375,0.0,3.9512437185814275,0,0,0,1,0,0,0,0,1,0,0,0,0,1,0,0,0,0,0,0,0,1,0,0,0,0,0,0,0,0,1,0,0,0,0,0,0,0,0,0,0,0,0,0,0,0,0,0,0,0,0,0
4,100.0,178.0,278.0,30,0,70.50307336432387,150.0,7,111,0.16443120861979335,0.19394633671183167,0,0,103.76837356107129,0.6936954265722284,0,14,69.5,0.0,3.258096538021482,0,0,0,0,1,0,0,0,0,1,0,0,0,0,1,0,0,0,0,0,0,1,0,0,0,0,0,0,0,0,0,0,0,0,0,0,0,0,0,0,0,0,0,0,1,0,0,0,0,0,0,0
4,110.0,28.0,138.0,17,0,71.86299241223679,129.0,13,111,0.2797899788365167,0.04234265214334174,0,0,31.6457528133612,0.4978098398372555,0,15,34.5,0.0,1.6094379124341003,0,0,0,0,0,0,1,0,0,1,0,0,0,1,0,0,0,0,0,0,0,1,0,0,0,0,0,0,0,0,1,0,0,0,0,0,0,0,0,0,0,0,0,0,0,0,0,0,0,0,0,0
1,721.0,218.0,939.0,80,0,84.97136015239937,117.0,13,195,0.4276708698447797,0.19071959321802412,0,0,84.0584013414833,0.717542278066459,0,16,939.0,0.0,2.1972245773362196,0,0,0,0,1,0,0,0,0,1,0,0,0,0,1,0,0,0,0,0,0,1,0,0,0,0,0,0,0,0,0,0,0,0,0,0,0,0,0,0,0,0,0,0,0,0,0,0,1,0,0,0
3,306.0,63.0,369.0,86,1,74.15899438766813,240.0,7,68,0.25283224583833147,0.13156198142778608,0,0,150.6457837969697,0.6870337482747096,0,17,123.0,0.011627906976744186,4.465908118654584,0,0,0,0,0,0,0,1,0,0,0,1,0,1,0,0,0,0,0,0,0,1,0,0,0,0,0,0,0,1,0,0,0,0,0,0,0,0,0,0,0,0,0,0,0,0,0,0,0,0,0,0
4,1671.0,33.0,1704.0,95,0,81.41385545793099,206.0,14,79,0.46592644835918745,0.3352076269183281,0,0,203.95576695433522,0.6135806840215529,0,18,426.0,0.0,2.6390573296152584,0,0,0,0,0,1,0,0,0,0,0,1,0,1,0,0,0,0,0,0,0,1,0,0,0,0,0,0,0,0,0,1,0,0,0,0,0,0,0,0,0,0,0,0,0,0,0,0,0,0,0,0
5,195.0,79.0,274.0,27,1,98.13687396261375,230.0,4,153,0.05765401575759447,0.4290877047476185,1,0,117.82699993714121,0.5388553704621104,0,19,54.8,0.037037037037037035,2.70805020110221,0,0,0,0,0,1,0,0,1,0,0,0,1,0,0,0,0,0,0,0,0,1,0,0,0,0,0,0,0,0,0,0,0,0,1,0,0,0,0,0,0,0,0,0,0,0,0,0,0,0,0,0
3,95.0,65.0,160.0,114,1,81.03226960868733,227.0,4,128,0.33189386198128246,0.09813759225509544,1,0,95.72712857149949,0.5274628442920692,0,20,53.333333333333336,0.008771929824561403,3.1780538303479458,0,0,0,1,0,0,0,0,0,0,0,1,0,0,1,0,0,0,0,0,0,1,0,0,0,0,1,0,0,0,0,0,0,0,0,0,0,0,0,0,0,0,0,0,0,0,0,0,0,0,0,0
7,75.0,76.0,151.0,30,1,74.15899438766813,190.0,7,66,0.4283646437633395,0.2365168902885045,0,0,215.97445950396033,0.5467779690266479,0,21,21.571428571428573,0.03333333333333333,2.3978952727983707,0,1,0,0,0,0,1,0,1,0,0,0,1,0,0,0,0,0,0,0,0,1,0,0,0,0,1,0,0,0,0,0,0,0,0,0,0,0,0,0,0,0,0,0,0,0,0,0,0,0,0,0
3,19.0,312.0,331.0,75,0,77.88466587005519,97.0,25,72,0.09736465651414997,0.07844947065639014,1,0,136.2293061868251,0.3437063873241449,0,22,110.33333333333333,0.0,2.1972245773362196,1,0,0,0,0,0,1,0,0,0,0,1,0,0,1,0,0,0,0,0,0,1,0,0,0,0,0,0,0,0,0,0,0,0,0,1,0,0,0,0,0,0,0,0,0,0,0,0,0,0,0,0
6,109.0,46.0,155.0,29,0,59.5740532543966,120.0,10,166,0.046389486496797895,0.13846372257558465,0,0,70.88927976418688,0.6072786561338406,0,23,25.833333333333332,0.0,3.258096538021482,0,0,0,0,0,0,0,1,0,1,0,0,1,0,0,0,0,0,0,0,0,1,0,0,0,0,0,0,0,0,0,0,0,0,0,0,0,1,0,0,0,0,0,0,0,0,0,0,0,0,0,0
2,522.0,741.0,1263.0,37,0,86.47198326768147,151.0,7,167,0.13678264596922382,0.1823330583312727,1,0,115.24369519670027,0.6144888243669904,0,0,631.5,0.0,2.5649493574615367,0,0,0,0,1,0,0,0,0,1,0,0,0,0,1,0,0,0,0,1,0,0,0,0,0,0,0,0,0,0,0,0,0,0,0,0,0,0,0,1,0,0,0,0,0,0,0,0,0,0,0,0
1,286.0,25.0,311.0,6,0,45.654407759816564,850.0,26,33,0.21658325980560536,0.11714477435948531,0,0,159.99710586730737,0.4120200094757133,0,1,311.0,0.0,2.6390573296152584,0,1,0,1,0,0,0,0,1,0,0,0,0,0,1,0,0,0,0,1,0,0,0,0,1,0,0,0,0,0,0,0,0,0,0,0,0,0,0,0,0,0,0,0,0,0,0,0,0,0,0,0
4,151.0,650.0,801.0,35,0,67.96496571269066,77.0,7,82,0.32041164311605713,0.14894959983570405,0,0,117.18503262706076,0.4479970537983663,0,2,200.25,0.0,2.6390573296152584,0,0,0,0,0,0,1,0,0,0,1,0,0,0,1,0,0,0,0,1,0,0,0,0,0,0,1,0,0,0,0,0,0,0,0,0,0,0,0,0,0,0,0,0,0,0,0,0,0,0,0,0
5,49.0,35.0,84.0,48,0,75.27516420681135,149.0,43,155,0.03847324724209887,0.1077349974520837,0,0,151.77442342687556,0.5879031002911667,0,3,16.8,0.0,3.784189633918261,0,0,0,0,0,1,0,0,0,1,0,0,1,0,0,0,0,0,0,1,0,0,0,1,0,0,0,0,0,0,0,0,0,0,0,0,0,0,0,0,0,0,0,0,0,0,0,0,0,0,0,0
5,190.0,109.0,299.0,32,0,65.52285211903964,214.0,6,28,0.07267416420575014,0.09068384305031543,0,0,55.799705320151816,0.6500185677928632,1,4,59.8,0.0,3.1354942159291497,0,0,0,0,1,0,0,0,0,1,0,0,0,0,1,0,0,0,0,1,0,0,0,0,0,0,0,0,0,1,0,0,0,0,0,0,0,0,0,0,0,0,0,0,0,0,0,0,0,0,0,0
4,452.0,64.0,516.0,182,0,69.57892892312614,162.0,4,40,0.4973838822402592,0.46107379214735894,0,0,62.63303429907772,0.6317676510060904,0,5,129.0,0.0,3.1780538303479458,0,0,0,0,0,0,1,0,1,0,0,0,1,0,0,0,0,0,0,1,0,0,0,0,0,0,0,0,0,0,0,0,0,0,0,0,0,0,0,0,0,0,0,0,0,0,1,0,0,0,0,0
2,238.0,75.0,313.0,17,1,97.07250679472673,424.0,8,35,0.30096571284177887,0.1814176988630108,0,0,90.60575823425293,0.5986772735286613,0,6,156.5,0.058823529411764705,3.8501476017100584,0,0,0,0,0,1,0,0,0,0,1,0,0,1,0,0,0,0,0,1,0,0,0,0,0,0,1,0,0,0,0,0,0,0,0,0,0,0,0,0,0,0,0,0,0,0,0,0,0,0,0,0
1,178.0,265.0,443.0,28,1,88.24828662938015,161.0,7,107,0.19863776985905185,0.2791163663002469,0,1,108.71226443418972,0.7420061403145936,0,7,443.0,0.03571428571428571,3.1780538303479458,0,1,0,0,0,1,0,0,0,0,0,1,1,0,0,0,0,0,0,1,0,0,0,0,0,0,0,0,0,0,0,0,0,0,0,0,0,0,0,0,0,0,0,0,0,0,0,0,1,0,0,0
5,61.0,572.0,633.0,21,0,66.77006783031914,170.0,5,92,0.14016181231172192,0.06857553325794391,0,0,133.35795283486712,0.5133182785782944,0,8,126.6,0.0,3.091042453358316,1,0,0,0,0,0,0,1,1,0,0,0,0,1,0,0,0,0,0,1,0,0,0,0,0,0,0,0,0,1,0,0,0,0,0,0,0,0,0,0,0,0,0,0,0,0,0,0,0,0,0,0
4,385.0,407.0,792.0,28,2,69.36520186833148,354.0,55,67,0.11138549009448571,0.18390130869776014,2,0,145.47040979318575,0.7439911283236226,0,9,198.0,0.07142857142857142,3.7376696182833684,0,0,0,0,1,0,0,0,0,0,1,0,0,0,1,0,0,0,0,1,0,0,0,0,0,0,0,0,0,0,0,0,0,0,0,0,0,0,0,0,1,0,0,0,0,0,0,0,0,0,0,0
2,12.99,70.0,74.0,102,0,59.675952617377874,711.0,11,31,0.17789702169894642,0.05358880863646916,0,0,218.64455250204705,0.6317676510060904,0,10,37.0,0.0,3.912023005428146,1,0,0,1,0,0,0,0,0,0,0,1,1,0,0,0,0,0,0,1,0,0,0,0,0,0,0,0,0,0,0,0,0,0,0,0,0,0,0,0,0,0,0,0,0,1,0,0,0,0,0,0
8,226.0,134.0,360.0,145,0,83.45992543207365,536.0,12,129,0.2331274173278859,0.35883218755250573,0,0,90.45772827468156,0.33526828374737294,0,11,45.0,0.0,3.1780538303479458,0,0,0,0,0,1,0,0,0,0,1,0,1,0,0,0,0,0,0,1,0,0,0,0,0,0,0,1,0,0,0,0,0,0,0,0,0,0,0,0,0,0,0,0,0,0,0,0,0,0,0,0
1,2143.49,46.0,2506.4799999999996,25,1,72.0030905950743,182.0,6,162,0.015836963213408925,0.2926830895546578,0,0,107.4404400357717,0.8488404621479022,0,12,2506.4799999999996,0.04,3.4011973816621555,0,0,0,0,0,1,0,0,1,0,0,0,0,0,1,0,0,0,0,1,0,0,0,0,0,0,0,0,0,0,0,0,0,1,0,0,0,0,0,0,0,0,0,0,0,0,0,0,0,0,0,0
2,28.0,36.0,64.0,25,0,51.40240234926543,193.0,6,46,0.15291102650514043,0.06431046445610028,0,0,91.5737902797893,0.5448659390691203,0,13,32.0,0.0,2.6390573296152584,1,1,0,0,0,0,1,0,1,0,0,0,0,0,1,0,0,0,0,1,0,0,0,0,0,0,0,0,0,0,0,0,0,0,0,0,0,0,0,0,0,0,0,0,0,0,0,0,0,1,0,0
12,113.0,31.0,144.0,17,0,76.2094031017207,206.0,18,134,0.23614272287138002,0.15699927655411408,0,0,163.17553376425363,0.7370395958361867,0,14,12.0,0.0,2.5649493574615367,0,0,0,0,1,0,0,0,0,1,0,0,1,0,0,0,0,0,0,1,0,0,0,0,0,0,0,0,0,0,0,0,0,0,0,0,0,0,0,0,0,0,0,0,0,0,1,0,0,0,0,0
6,147.0,67.0,214.0,127,0,80.26774660322191,222.0,2,160,0.19714716136377344,0.18008745276016633,0,0,165.35801571458586,0.41573302348615,0,15,35.666666666666664,0.0,4.007333185232471,0,0,0,0,1,0,0,0,0,0,1,0,0,1,0,0,0,0,0,1,0,0,0,0,0,0,0,0,0,0,0,0,0,0,0,0,0,1,0,0,0,0,0,0,0,0,0,0,0,0,0,0
2,89.0,144.0,233.0,109,0,86.55769167810064,110.0,4,113,0.22858237010209406,0.07661665110994158,0,2,102.09377923213276,0.47987214995355326,0,16,116.5,0.0,3.713572066704308,0,0,0,0,0,0,0,1,0,1,0,0,1,0,0,0,0,0,0,1,0,0,0,0,0,0,0,0,0,0,0,0,0,0,0,0,0,0,0,0,0,0,0,0,0,1,0,0,0,0,0,0
4,464.0,13.0,477.0,41,1,74.1197424650787,385.0,7,116,0.3415999789657511,0.17110673776271523,0,1,202.6298332881386,0.7089900158935426,0,17,119.25,0.024390243902439025,3.713572066704308,0,0,0,0,0,0,0,1,0,0,1,0,0,0,1,0,0,0,0,1,0,0,0,0,0,0,0,0,0,0,1,0,0,0,0,0,0,0,0,0,0,0,0,0,0,0,0,0,0,0,0,0
3,249.0,104.0,353.0,14,0,70.52794604656341,231.0,23,37,0.1520997932074423,0.41016141998024336,0,0,91.64404013680328,0.8187691951640784,0,18,117.66666666666667,0.0,3.5553480614894135,1,0,0,0,1,0,0,0,0,0,1,0,0,1,0,0,0,0,0,1,0,0,0,0,0,0,0,0,0,0,0,0,0,0,0,0,0,0,0,0,0,0,0,0,0,0,0,0,1,0,0,0
1,175.0,582.0,757.0,15,0,98.83517616587434,194.0,6,191,0.038523649585059744,0.17032452530542744,0,0,161.1967153685451,0.6655414776439935,0,19,757.0,0.0,3.367295829986474,0,1,0,0,0,0,1,0,1,0,0,0,1,0,0,0,0,0,0,1,0,0,1,0,0,0,0,0,0,0,0,0,0,0,0,0,0,0,0,0,0,0,0,0,0,0,0,0,0,0,0,0
1,356.0,377.0,733.0,51,0,75.07903387319462,82.0,12,191,0.31616729611280575,0.2629833948997163,1,0,178.18090244001817,0.4476598599325303,0,20,733.0,0.0,3.9318256327243257,0,0,0,0,0,0,0,1,1,0,0,0,1,0,0,0,0,0,0,1,0,0,0,0,0,0,0,0,0,0,0,0,0,0,0,0,0,0,0,0,0,0,0,0,0,1,0,0,0,0,0,0
3,151.0,57.0,208.0,69,0,83.63474197917522,209.0,9,143,0.09410198279730843,0.21757706632100204,1,0,65.53680825159896,0.651867558275952,0,21,69.33333333333333,0.0,4.143134726391533,0,0,0,0,1,0,0,0,0,0,1,0,0,0,1,0,0,0,0,1,0,0,0,1,0,0,0,0,0,0,0,0,0,0,0,0,0,0,0,0,0,0,0,0,0,0,0,0,0,0,0,0
2,2143.49,23.0,2506.4799999999996,8,0,68.5255242794849,53.0,22,181,0.25760949617185,0.1946524444885516,0,0,143.10529164803617,0.6317676510060904,0,22,1253.2399999999998,0.0,4.127134385045092,0,0,0,0,1,0,0,0,0,0,1,0,0,0,1,0,0,0,0,1,0,0,0,0,0,0,0,0,0,0,0,0,0,0,0,0,0,0,0,0,0,0,0,0,0,0,1,0,0,0,0,0
4,175.0,182.0,357.0,34,1,83.27891581962999,133.0,2,123,0.09075294467002759,0.049025929965929235,0,0,31.42118862216706,0.6041458426279341,0,23,89.25,0.029411764705882353,3.2188758248682006,0,0,0,0,0,0,0,1,0,1,0,0,1,0,0,0,0,0,0,1,0,0,0,0,0,0,0,0,0,0,0,0,0,0,0,0,0,0,0,0,0,0,0,0,0,0,0,0,1,0,0,0
8,183.0,8.0,191.0,163,1,57.53245209115082,135.0,15,133,0.19436094523572767,0.08713895260872233,1,1,152.96849422534228,0.6317676510060904,0,0,23.875,0.006134969325153374,4.553876891600541,0,0,0,0,0,0,1,0,1,0,0,0,0,0,1,1,0,0,0,0,0,0,0,0,0,0,0,0,0,0,0,0,0,0,0,0,0,0,0,0,0,0,0,0,0,0,0,0,0,0,1,0
2,22.0,372.0,394.0,37,0,69.4551894513764,244.0,7,166,0.1660310806945176,0.16907684333890818,0,0,75.93576717179731,0.7929932830865369,0,1,197.0,0.0,3.5263605246161616,0,0,0,0,0,1,0,0,0,0,0,1,1,0,0,1,0,0,0,0,0,0,0,0,0,0,0,0,0,0,0,0,0,0,1,0,0,0,0,0,0,0,0,0,0,0,0,0,0,0,0,0
1,81.0,86.0,167.0,147,1,60.50070912688735,746.0,17,12,0.35989652627681923,0.1363594998064645,0,0,142.6987845598593,0.4462579088391627,0,2,167.0,0.006802721088435374,3.871201010907891,0,0,0,0,0,0,0,1,0,0,0,1,1,0,0,1,0,0,0,0,0,0,0,0,0,0,0,0,0,0,0,0,0,0,0,0,0,0,0,0,0,1,0,0,0,0,0,0,0,0,0,0
4,524.0,824.0,1348.0,75,0,67.74032013756639,298.0,5,47,0.13628024047678705,0.45497726315242515,0,1,150.1995467188257,0.8610679753377787,0,3,337.0,0.0,3.5553480614894135,0,1,0,1,0,0,0,0,1,0,0,0,0,0,1,1,0,0,0,0,0,0,0,0,0,0,0,0,0,0,0,0,0,0,0,0,0,0,0,0,0,0,0,0,0,0,0,0,0,0,0,1
2,34.0,16.0,53.99,18,0,74.15899438766813,552.0,9,44,0.23045851393030173,0.26612237747040657,0,0,164.80553918225147,0.5094368863478058,0,4,26.995,0.0,3.5263605246161616,0,0,0,0,0,1,0,0,0,0,1,0,0,1,0,1,0,0,0,0,0,0,0,0,0,0,0,0,0,0,0,0,0,0,0,1,0,0,0,0,0,0,0,0,0,0,0,0,0,0,0,0
2,13.0,301.0,314.0,35,0,67.65208932835563,314.0,8,128,0.49463688445598514,0.08684809024426081,1,0,155.60861400270707,0.6317676510060904,0,5,157.0,0.0,2.6390573296152584,0,0,0,0,0,0,0,1,1,0,0,0,0,1,0,1,0,0,0,0,0,0,0,0,0,0,0,0,0,0,0,0,0,1,0,0,0,0,0,0,0,0,0,0,0,0,0,0,0,0,0,0
2,153.0,98.0,251.0,40,0,83.61907350568902,440.0,4,52,0.3129875010221103,0.3994607381520262,1,0,122.2357996980644,0.640407376200928,0,6,125.5,0.0,3.9318256327243257,0,0,0,1,0,0,0,0,0,0,1,0,0,1,0,1,0,0,0,0,0,0,1,0,0,0,0,0,0,0,0,0,0,0,0,0,0,0,0,0,0,0,0,0,0,0,0,0,0,0,0,0
19,670.0,76.0,746.0,20,1,93.20718218468448,735.0,3,81,0.098255541647734,0.271676617050041,0,0,104.780939553742,0.7152414535356318,0,7,39.26315789473684,0.05,5.860786223465865,0,0,0,0,0,0,0,1,0,0,1,0,0,1,0,1,0,0,0,0,0,0,0,0,0,0,0,0,0,0,0,0,0,1,0,0,0,0,0,0,0,0,0,0,0,0,0,0,0,0,0,0
1,155.0,24.0,179.0,20,2,74.15899438766813,120.0,6,101,0.08094846671962092,0.03607253626505834,0,0,117.02442679989619,0.7173341560461627,0,8,179.0,0.1,2.995732273553991,0,0,0,0,1,0,0,0,0,1,0,0,1,0,0,1,0,0,0,0,0,0,0,0,0,0,0,0,0,0,0,0,0,0,0,0,0,0,0,0,0,0,1,0,0,0,0,0,0,0,0,0
2,102.0,211.0,313.0,149,0,86.92520526067536,114.0,9,150,0.1778541665858138,0.17592120342989773,1,0,75.35993941531447,0.8947883950360143,0,9,156.5,0.0,3.367295829986474,1,0,0,1,0,0,0,0,0,0,0,1,0,0,1,1,0,0,0,0,0,0,0,0,0,0,0,0,0,0,0,1,0,0,0,0,0,0,0,0,0,0,0,0,0,0,0,0,0,0,0,0
3,19.0,231.0,250.0,20,0,81.3730314976641,319.0,5,105,0.3720597004595521,0.40923387057237637,0,1,111.53248202082858,0.8114095779159246,0,10,83.33333333333333,0.0,2.9444389791664403,0,0,0,0,0,0,0,1,0,0,1,0,0,0,1,1,0,0,0,0,0,0,0,0,0,0,0,0,0,0,0,0,0,0,0,0,0,0,0,1,0,0,0,0,0,0,0,0,0,0,0,0
1,244.0,783.0,1027.0,105,1,76.39724316700239,199.0,7,9,0.07415493568509969,0.07106545838451248,0,0,108.37217406841,0.7667800292072342,0,11,1027.0,0.009523809523809525,2.8903717578961645,0,0,0,0,0,1,0,0,0,0,1,0,1,0,0,1,0,0,0,0,0,0,1,0,0,0,0,0,0,0,0,0,0,0,0,0,0,0,0,0,0,0,0,0,0,0,0,0,0,0,0,0
6,307.0,333.0,640.0,31,0,84.00378707180315,233.0,2,138,0.12908723043189224,0.15401190630528,0,0,88.4712602465567,0.7183926735968996,0,12,106.66666666666667,0.0,4.6913478822291435,0,0,0,0,0,0,1,0,0,0,1,0,0,1,0,1,0,0,0,0,0,0,1,0,0,0,0,0,0,0,0,0,0,0,0,0,0,0,0,0,0,0,0,0,0,0,0,0,0,0,0,0
6,20.0,57.0,77.0,43,0,97.07925707990225,168.0,6,88,0.2802276273860705,0.40542741456992504,1,0,50.35227127632565,0.4631216236159706,0,13,12.833333333333334,0.0,2.70805020110221,0,0,0,0,0,0,1,0,0,0,1,0,0,0,1,1,0,0,0,0,0,0,0,0,0,0,0,0,0,0,0,0,0,0,0,0,0,0,0,0,1,0,0,0,0,0,0,0,0,0,0,0
3,516.0,36.0,552.0,70,2,67.35277304989737,131.0,18,27,0.1133038854174048,0.2660900303954403,0,0,68.92255529583005,0.8165588505691717,0,14,184.0,0.02857142857142857,2.8903717578961645,0,0,0,0,0,0,0,1,1,0,0,0,0,0,1,1,0,0,0,0,0,0,0,0,0,0,0,0,0,0,0,0,0,0,0,0,0,0,0,0,0,0,0,0,0,0,1,0,0,0,0,0
2,344.0,24.0,368.0,27,1,63.4895891978871,622.0,14,132,0.18164869383679072,0.1283608896513364,0,1,31.42118862216706,0.7600986813625122,0,15,184.0,0.037037037037037035,1.9459101490553132,0,0,0,0,1,0,0,0,0,0,1,0,0,1,0,1,0,0,0,0,0,0,0,0,0,0,0,0,0,0,0,0,0,0,0,0,0,0,0,0,0,0,0,0,0,0,0,1,0,0,0,0
3,515.0,555.0,1070.0,70,2,62.78502545213588,92.0,8,57,0.08226432662164296,0.10505056293105022,0,0,107.68483232428595,0.5296678084654912,0,16,356.6666666666667,0.02857142857142857,2.6390573296152584,0,0,0,1,0,0,0,0,1,0,0,0,0,0,1,1,0,0,0,0,0,0,0,0,0,0,0,0,0,1,0,0,0,0,0,0,0,0,0,0,0,0,0,0,0,0,0,0,0,0,0,0
3,281.0,46.0,327.0,8,0,86.93313563683866,323.0,10,94,0.4469175299381111,0.44672856045273734,0,0,134.41994593198797,0.4090368169689182,1,17,109.0,0.0,1.791759469228055,0,0,0,0,0,1,0,0,0,1,0,0,0,1,0,1,0,0,0,0,0,0,0,0,0,0,0,0,0,0,0,0,1,0,0,0,0,0,0,0,0,0,0,0,0,0,0,0,0,0,0,0
3,304.0,560.0,864.0,63,0,88.55241147754023,289.0,5,193,0.3837914811073122,0.039096795686153304,0,0,31.42118862216706,0.6987436315526241,0,18,288.0,0.0,3.871201010907891,0,0,0,0,1,0,0,0,0,1,0,0,0,1,0,1,0,0,0,0,0,0,0,0,0,0,0,0,0,0,0,0,0,0,0,0,0,0,0,0,0,0,0,0,0,0,0,0,0,1,0,0
2,263.0,195.0,458.0,6,0,68.55555679999279,66.0,28,51,0.22073976803355438,0.3400361205194434,1,0,129.46859119351797,0.6483029008044088,0,19,229.0,0.0,5.820082930352362,0,0,0,0,0,1,0,0,0,0,0,1,0,1,0,1,0,0,0,0,0,0,0,0,0,0,0,1,0,0,0,0,0,0,0,0,0,0,0,0,0,0,0,0,0,0,0,0,0,0,0,0
4,385.0,158.0,543.0,37,2,49.36783740672784,111.0,38,177,0.08647161321838374,0.16261802757857546,1,0,115.10103355566554,0.7982265293664862,0,20,135.75,0.05405405405405406,2.995732273553991,0,0,0,0,0,0,1,0,0,0,0,1,0,1,0,1,0,0,0,0,0,0,0,0,0,0,0,0,0,0,0,0,0,0,0,1,0,0,0,0,0,0,0,0,0,0,0,0,0,0,0,0
6,20.0,78.0,98.0,88,0,66.90291912092297,125.0,10,95,0.3826727165363784,0.27569412536795784,0,0,72.92976953130116,0.8985252604977434,0,21,16.333333333333332,0.0,3.332204510175204,0,0,0,1,0,0,0,0,1,0,0,0,0,0,1,1,0,0,0,0,0,0,0,0,0,0,0,1,0,0,0,0,0,0,0,0,0,0,0,0,0,0,0,0,0,0,0,0,0,0,0,0
1,28.0,227.0,255.0,73,0,81.57425013368396,297.0,55,186,0.02419682860819047,0.23231133215437122,0,0,102.75179169674468,0.553913042105985,0,22,255.0,0.0,3.332204510175204,1,1,0,0,0,0,1,0,1,0,0,0,1,0,0,1,0,0,0,0,0,0,0,0,0,1,0,0,0,0,0,0,0,0,0,0,0,0,0,0,0,0,0,0,0,0,0,0,0,0,0,0
1,66.0,108.0,174.0,15,0,74.19932233220601,154.0,5,170,0.06971091056745309,0.1805502469364737,2,0,162.03216660869327,0.526639666840802,0,23,174.0,0.0,2.70805020110221,0,0,0,0,0,1,0,0,0,0,1,0,0,0,1,1,0,0,0,0,0,0,0,0,0,0,0,0,0,0,0,0,0,0,0,0,0,0,0,0,0,0,0,0,1,0,0,0,0,0,0,0
1,128.0,73.0,201.0,17,1,77.16417296106441,188.0,3,167,0.1604799131628599,0.1585346803292257,0,0,81.03243757079377,0.5432876629047186,0,0,201.0,0.058823529411764705,4.477336814478207,0,0,1,0,1,0,0,0,1,0,0,0,0,0,1,0,0,1,0,0,0,0,0,0,0,0,0,1,0,0,0,0,0,0,0,0,0,0,0,0,0,0,0,0,0,0,0,0,0,0,0,0
6,227.0,236.0,463.0,25,1,68.71986698069283,72.0,5,45,0.09982719030028941,0.3679219179900105,0,0,123.15404303006879,0.748313462624294,0,1,77.16666666666667,0.04,3.091042453358316,0,0,1,0,1,0,0,0,0,0,1,0,0,1,0,0,0,1,0,0,0,0,0,0,0,0,0,0,0,0,0,0,0,0,0,0,0,0,0,1,0,0,0,0,0,0,0,0,0,0,0,0
4,212.0,93.0,305.0,51,1,74.15899438766813,1020.0,7,159,0.3098582503818491,0.367909708603511,0,0,133.86383620141166,0.6170791760946371,0,2,76.25,0.0196078431372549,2.772588722239781,0,0,1,0,0,0,1,0,0,1,0,0,1,0,0,0,0,1,0,0,0,0,0,0,0,0,0,0,0,0,0,0,1,0,0,0,0,0,0,0,0,0,0,0,0,0,0,0,0,0,0,0
4,507.0,45.0,552.0,8,0,79.11830162105564,210.0,45,76,0.03821573996599805,0.05920090385513226,0,0,87.11170774300933,0.41468543377956113,0,3,138.0,0.0,3.1780538303479458,0,0,1,0,0,1,0,0,0,1,0,0,0,0,1,0,0,1,0,0,0,0,0,0,0,0,0,0,0,0,0,0,0,0,0,0,0,0,0,0,0,1,0,0,0,0,0,0,0,0,0,0
1,524.0,212.0,736.0,44,1,82.03756166836563,284.0,7,182,0.07682768315435766,0.3604564491400906,0,1,160.33084022365006,0.44312566921472424,0,4,736.0,0.022727272727272728,3.9889840465642745,0,0,1,0,1,0,0,0,1,0,0,0,0,0,1,0,0,1,0,0,0,0,0,0,0,0,0,0,0,0,0,0,0,0,0,0,0,0,0,0,0,0,0,0,0,0,1,0,0,0,0,0
13,56.0,102.0,158.0,57,0,76.90878819632017,137.0,4,198,0.20573395537132907,0.18740510541282598,0,0,136.15363779142427,0.4581678836273944,0,5,12.153846153846153,0.0,3.1354942159291497,0,1,1,0,0,0,1,0,0,1,0,0,1,0,0,0,0,1,0,0,0,0,1,0,0,0,0,0,0,0,0,0,0,0,0,0,0,0,0,0,0,0,0,0,0,0,0,0,0,0,0,0
2,192.0,188.0,380.0,35,0,81.29241796333012,126.0,4,124,0.11034348732973158,0.2119317958740971,0,0,109.92356246578174,0.6317676510060904,0,6,190.0,0.0,2.8903717578961645,0,0,1,0,1,0,0,0,0,0,1,0,0,1,0,0,0,1,0,0,0,0,0,0,0,0,0,0,0,0,1,0,0,0,0,0,0,0,0,0,0,0,0,0,0,0,0,0,0,0,0,0
3,58.0,66.0,124.0,68,0,74.15899438766813,764.0,20,182,0.0288239731170938,0.2192218490048178,0,0,214.52961887669994,0.9108328719423027,1,7,41.333333333333336,0.0,3.1354942159291497,0,0,1,0,0,0,1,0,0,1,0,0,0,0,1,0,0,1,0,0,0,0,0,0,0,0,0,0,0,0,0,0,0,0,0,0,0,0,0,0,0,0,0,0,0,0,0,0,1,0,0,0
6,120.0,29.0,149.0,53,0,63.863104462370615,52.0,18,108,0.2619678807602398,0.16531986681929772,0,0,160.50313748740598,0.559628751915815,0,8,24.833333333333332,0.0,2.1972245773362196,0,0,1,0,0,0,1,0,0,0,0,1,1,0,0,0,0,1,0,0,0,0,0,0,0,0,0,0,0,0,0,1,0,0,0,0,0,0,0,0,0,0,0,0,0,0,0,0,0,0,0,0
1,211.0,741.0,952.0,28,0,79.47675714450153,243.0,6,11,0.09016486190969002,0.16281028972564635,0,1,52.55356457248661,0.7131297596234843,1,9,952.0,0.0,3.6635616461296463,0,1,1,0,1,0,0,0,0,0,1,0,0,1,0,0,0,1,0,0,0,0,0,0,0,0,0,0,0,0,0,0,0,0,0,0,0,0,0,0,0,0,1,0,0,0,0,0,0,0,0,0
2,12.99,602.0,605.0,9,2,84.49809806335824,85.0,2,175,0.31760807453299184,0.03210975028555251,0,0,104.4337038213504,0.4185495019137863,0,10,302.5,0.2222222222222222,1.791759469228055,0,0,1,0,0,0,1,0,0,1,0,0,0,0,1,0,0,1,0,0,0,0,0,0,1,0,0,0,0,0,0,0,0,0,0,0,0,0,0,0,0,0,0,0,0,0,0,0,0,0,0,0
3,2105.0,290.0,2395.0,49,0,88.86169759433812,150.0,4,108,0.29106708974180634,0.32809925489528036,0,0,218.66570431109542,0.6488499391995944,0,11,798.3333333333334,0.0,2.9444389791664403,0,0,1,0,0,1,0,0,0,0,1,0,0,0,1,0,0,1,0,0,0,0,0,0,0,0,0,0,0,0,1,0,0,0,0,0,0,0,0,0,0,0,0,0,0,0,0,0,0,0,0,0
32,276.0,71.0,347.0,20,0,79.99328577940456,128.0,30,13,0.14543388976846236,0.1140327648185226,1,1,80.71274094636189,0.3526555654368286,0,12,10.84375,0.0,3.9889840465642745,0,1,1,0,0,1,0,0,0,1,0,0,1,0,0,0,0,1,0,0,0,0,0,0,0,0,0,0,0,0,0,0,0,0,0,1,0,0,0,0,0,0,0,0,0,0,0,0,0,0,0,0
4,77.0,79.0,156.0,28,1,63.41699377522157,100.0,14,17,0.16090530974792397,0.2616215428421822,2,1,122.65335171326315,0.5655132494326157,0,13,39.0,0.03571428571428571,3.58351893845611,0,0,1,0,1,0,0,0,0,1,0,0,1,0,0,0,0,1,0,0,0,0,0,0,0,0,0,0,0,0,0,0,0,0,0,0,0,0,0,0,0,0,0,0,0,0,0,1,0,0,0,0
12,1236.0,502.0,1738.0,65,1,65.26419204511197,205.0,9,146,0.17881136806050635,0.15058580430763946,0,1,169.23973506505172,0.3277064528641537,0,14,144.83333333333334,0.015384615384615385,3.8501476017100584,0,0,1,1,0,0,0,0,1,0,0,0,0,0,1,0,0,1,0,0,0,0,0,0,0,0,0,0,0,0,0,0,0,0,0,0,0,0,0,0,0,1,0,0,0,0,0,0,0,0,0,0
8,101.0,74.0,175.0,138,0,69.77822302496483,40.0,33,185,0.2592472448183414,0.043704522256045174,0,2,146.0928635082052,0.8866407148899573,0,15,21.875,0.0,3.258096538021482,0,0,1,1,0,0,0,0,1,0,0,0,0,1,0,0,0,1,0,0,0,0,0,0,0,0,0,0,0,0,0,0,0,0,0,0,0,0,0,0,0,0,0,0,0,0,0,0,0,1,0,0
4,171.0,54.0,225.0,43,1,77.2735668976383,160.0,35,140,0.2893541946149592,0.3038976936194784,1,1,151.8587738288314,0.33510635802573063,0,16,56.25,0.023255813953488372,4.356708826689592,0,1,1,0,0,0,0,1,0,0,0,1,0,0,1,0,0,1,0,0,0,0,0,0,0,0,0,0,0,0,0,0,0,0,0,0,0,0,0,1,0,0,0,0,0,0,0,0,0,0,0,0
1,86.0,862.0,948.0,69,0,73.53316678430888,188.0,8,91,0.24283914815387728,0.256154251201899,0,0,149.50365474066814,0.7578350140940424,0,17,948.0,0.0,4.143134726391533,0,0,1,0,1,0,0,0,0,0,0,1,0,1,0,0,0,1,0,0,0,0,0,0,0,0,0,0,0,0,0,0,0,0,1,0,0,0,0,0,0,0,0,0,0,0,0,0,0,0,0,0
7,913.0,104.0,1017.0,14,0,61.515215212429034,77.0,8,64,0.1643044688408738,0.12604057139094446,1,0,121.0157090662503,0.7185859912729966,0,18,145.28571428571428,0.0,3.713572066704308,0,0,1,0,0,1,0,0,0,0,0,1,1,0,0,0,0,1,0,0,0,0,0,0,0,0,0,0,0,0,0,0,0,0,0,0,0,0,0,0,0,0,0,0,0,0,0,1,0,0,0,0
1,132.0,769.0,901.0,54,1,61.44335958821938,577.0,6,86,0.36377839686557845,0.20793587581053494,0,0,88.30742429052097,0.2771006382572909,0,19,901.0,0.018518518518518517,4.143134726391533,0,0,1,0,0,0,1,0,0,0,1,0,0,0,1,0,0,1,0,0,0,0,0,0,0,0,0,0,0,0,0,0,0,0,0,0,1,0,0,0,0,0,0,0,0,0,0,0,0,0,0,0
11,174.0,23.0,197.0,42,0,49.817738701119794,132.0,7,67,0.34847558988223004,0.4895527117695802,0,0,137.39056769958182,0.6317676510060904,0,20,17.90909090909091,0.0,3.9889840465642745,0,0,1,0,0,1,0,0,0,0,1,0,1,0,0,0,0,1,0,0,0,0,0,0,0,0,0,0,0,0,0,0,0,0,0,0,0,0,0,0,0,0,0,0,0,0,0,0,1,0,0,0
3,557.0,194.0,751.0,119,0,74.15899438766813,169.0,3,58,0.27514084859469673,0.06370754955386485,0,0,103.88893491631026,0.558417318920148,0,21,250.33333333333334,0.0,2.9444389791664403,1,0,1,0,1,0,0,0,1,0,0,0,0,0,1,0,0,1,0,0,0,0,0,0,0,0,0,0,0,0,0,1,0,0,0,0,0,0,0,0,0,0,0,0,0,0,0,0,0,0,0,0
1,282.0,1072.0,1354.0,29,0,74.15899438766813,132.0,3,30,0.02698090177484909,0.24570568212044755,0,0,100.74595196560361,0.577133928434461,0,22,1354.0,0.0,2.1972245773362196,0,0,1,0,1,0,0,0,0,0,1,0,1,0,0,0,0,1,0,0,0,0,0,0,0,0,0,0,0,0,0,0,0,0,0,0,0,0,0,0,0,0,0,1,0,0,0,0,0,0,0,0
2,139.0,113.0,252.0,36,0,100.0,189.0,2,115,0.2173585769553308,0.07973301279743406,1,0,179.2988754854635,0.6317676510060904,0,23,126.0,0.0,3.6888794541139363,0,1,1,0,0,1,0,0,0,0,0,1,1,0,0,0,0,1,0,0,0,0,0,0,0,0,0,0,0,0,0,0,0,0,0,0,0,0,0,0,0,0,0,1,0,0,0,0,0,0,0,0
5,503.0,82.0,585.0,104,0,96.56135428549712,500.0,19,47,0.13876780654220444,0.024093458924872555,0,1,104.76016033692629,0.5985901045865442,0,0,117.0,0.0,3.8066624897703196,0,0,1,1,0,0,0,0,0,0,1,0,1,0,0,0,0,0,1,0,0,0,0,0,0,0,0,0,0,0,0,0,0,0,0,0,0,0,0,0,0,1,0,0,0,0,0,0,0,0,0,0
2,2143.49,30.0,2451.0,41,1,63.26122305452434,1056.3399999999997,3,33,0.5468468253623404,0.10256138631962589,0,0,188.2452160962652,0.4834859138852936,0,1,1225.5,0.024390243902439025,4.290459441148391,0,0,1,0,0,0,1,0,0,0,1,0,1,0,0,0,0,0,1,0,0,0,0,0,0,0,0,0,1,0,0,0,0,0,0,0,0,0,0,0,0,0,0,0,0,0,0,0,0,0,0,0
5,210.0,361.0,571.0,18,0,76.79883956868733,337.0,35,58,0.24134982044175443,0.0900611285302691,0,1,130.27065364595214,0.5566364043986106,1,2,114.2,0.0,2.4849066497880004,0,0,1,0,0,1,0,0,0,1,0,0,0,1,0,0,0,0,1,0,0,0,0,0,0,0,0,0,0,0,1,0,0,0,0,0,0,0,0,0,0,0,0,0,0,0,0,0,0,0,0,0
1,168.0,47.0,215.0,344,1,57.42504587939801,429.0,5,160,0.15059521610390134,0.3476444886215544,1,0,113.63409074103934,0.5640504310606128,0,3,215.0,0.0029069767441860465,2.4849066497880004,0,0,1,0,1,0,0,0,1,0,0,0,0,1,0,0,0,0,1,0,0,0,0,1,0,0,0,0,0,0,0,0,0,0,0,0,0,0,0,0,0,0,0,0,0,0,0,0,0,0,0,0
1,179.0,99.0,278.0,18,0,59.25468562970255,666.0,30,116,0.24331953760090286,0.12619459980807493,1,0,47.29753104364167,0.6278674769451987,0,4,278.0,0.0,3.7376696182833684,0,0,1,0,1,0,0,0,0,0,1,0,1,0,0,0,0,0,1,0,0,0,0,0,0,0,0,0,0,0,0,0,0,0,0,0,0,0,0,0,0,0,1,0,0,0,0,0,0,0,0,0
3,627.0,28.0,655.0,42,1,60.630328828435445,238.0,6,100,0.2737211074276777,0.1583638153488171,0,0,204.79422911753704,0.5664653680889152,0,5,218.33333333333334,0.023809523809523808,3.258096538021482,0,0,1,0,1,0,0,0,0,0,1,0,1,0,0,0,0,0,1,0,0,0,0,0,0,0,0,0,1,0,0,0,0,0,0,0,0,0,0,0,0,0,0,0,0,0,0,0,0,0,0,0
3,76.0,609.0,685.0,58,0,72.294015786698,601.0,3,120,0.49572508584538577,0.16040052578720435,0,0,119.76121778982247,0.16240020420107648,0,6,228.33333333333334,0.0,1.6094379124341003,0,1,1,0,1,0,0,0,0,0,1,0,1,0,0,0,0,0,1,0,0,0,0,0,0,0,0,0,0,0,0,0,0,0,0,0,0,0,1,0,0,0,0,0,0,0,0,0,0,0,0,0
2,109.0,391.0,500.0,55,0,72.81048467745629,348.0,22,115,0.3707201355764792,0.1845424661985751,0,0,31.42118862216706,0.6671082926246011,0,7,250.0,0.0,3.6635616461296463,0,0,1,0,1,0,0,0,0,0,1,0,0,0,1,0,0,0,1,0,0,0,0,0,1,0,0,0,0,0,0,0,0,0,0,0,0,0,0,0,0,0,0,0,0,0,0,0,0,0,0,0
8,27.0,106.0,133.0,38,0,78.0324236496823,221.0,24,102,0.17253042474669436,0.31810923278253345,0,0,159.5090252856542,0.6507049894561986,0,8,16.625,0.0,1.791759469228055,0,1,1,0,0,1,0,0,1,0,0,0,1,0,0,0,0,0,1,0,0,0,0,0,0,0,0,0,0,0,0,0,0,0,0,0,0,1,0,0,0,0,0,0,0,0,0,0,0,0,0,0
1,40.0,30.0,70.0,38,0,82.95859667645139,256.0,4,168,0.030878277854316103,0.061233464173049264,1,2,117.99232751851598,0.6075378606156406,1,9,70.0,0.0,2.4849066497880004,0,0,1,0,0,0,1,0,1,0,0,0,0,0,1,0,0,0,1,0,0,0,0,0,0,0,0,0,0,0,0,0,0,0,0,0,0,0,0,0,0,0,0,0,0,0,0,0,0,1,0,0
4,83.0,595.0,678.0,37,2,70.9574289192581,55.0,7,147,0.2539255014966157,0.2838706301683513,1,1,82.74698191600915,0.7735018924143174,0,10,169.5,0.05405405405405406,4.5217885770490405,0,0,1,0,0,1,0,0,0,0,1,0,0,1,0,0,0,0,1,0,0,0,0,0,0,0,0,0,0,0,0,0,0,0,0,0,0,1,0,0,0,0,0,0,0,0,0,0,0,0,0,0
3,139.0,73.0,212.0,18,1,75.43442364795153,245.0,4,41,0.09061788183372237,0.2760364282656454,1,0,157.24733659356735,0.5933400964556885,0,11,70.66666666666667,0.05555555555555555,4.948759890378168,0,0,1,0,0,1,0,0,0,0,0,1,0,1,0,0,0,0,1,0,0,0,0,0,0,0,0,0,0,0,0,0,0,1,0,0,0,0,0,0,0,0,0,0,0,0,0,0,0,0,0,0
1,1038.0,32.0,1070.0,249,1,61.874249919717485,67.0,8,164,0.30802107154765773,0.3050818920015963,0,0,31.42118862216706,0.7695463077860191,0,12,1070.0,0.004016064257028112,2.302585092994046,0,0,1,0,0,1,0,0,0,0,1,0,1,0,0,0,0,0,1,0,0,0,0,0,0,0,0,0,0,0,0,0,0,0,0,0,0,0,0,0,0,0,0,0,0,0,1,0,0,0,0,0
1,267.0,15.0,282.0,37,0,58.86603570891383,64.0,9,39,0.10738902135096337,0.2873869999492979,1,0,91.43619222695162,0.7338758888246754,0,13,282.0,0.0,3.044522437723423,0,0,1,1,0,0,0,0,1,0,0,0,0,0,1,0,0,0,1,0,0,0,0,0,1,0,0,0,0,0,0,0,0,0,0,0,0,0,0,0,0,0,0,0,0,0,0,0,0,0,0,0
3,54.0,54.0,108.0,72,0,74.15899438766813,229.0,7,20,0.275501250384549,0.04822633609162039,1,0,108.02390429323421,0.7288484837386358,0,14,36.0,0.0,3.367295829986474,0,0,1,1,0,0,0,0,1,0,0,0,1,0,0,0,0,0,1,0,0,0,0,0,0,0,0,0,1,0,0,0,0,0,0,0,0,0,0,0,0,0,0,0,0,0,0,0,0,0,0,0
16,66.0,22.0,88.0,34,1,82.79097361353872,91.0,2,87,0.4127127560684016,0.24307578697397692,0,1,154.0875178844315,0.7260980153018373,0,15,5.5,0.029411764705882353,4.90527477843843,0,1,1,0,0,1,0,0,0,0,0,1,1,0,0,0,0,0,1,0,0,0,0,0,0,0,0,0,0,0,0,0,0,0,0,0,1,0,0,0,0,0,0,0,0,0,0,0,0,0,0,0
5,673.0,55.0,728.0,33,1,70.94510582294107,199.0,6,81,0.16722162292475784,0.28503791291999836,1,0,209.61006178926027,0.923966844549041,0,16,145.6,0.030303030303030304,2.8903717578961645,0,0,1,1,0,0,0,0,1,0,0,0,1,0,0,0,0,0,1,0,0,0,0,0,1,0,0,0,0,0,0,0,0,0,0,0,0,0,0,0,0,0,0,0,0,0,0,0,0,0,0,0
1,512.0,249.0,761.0,31,0,52.546556846107165,220.0,14,158,0.3968930519752881,0.22311263441574358,0,0,110.20924747670725,0.8160862747777713,0,17,761.0,0.0,2.8903717578961645,0,0,1,0,1,0,0,0,0,1,0,0,0,1,0,0,0,0,1,0,0,0,1,0,0,0,0,0,0,0,0,0,0,0,0,0,0,0,0,0,0,0,0,0,0,0,0,0,0,0,0,0
1,153.0,72.0,225.0,12,1,74.24293256779669,227.0,7,140,0.04181315065083067,0.033635167223447,0,0,138.39776779206875,0.6317676510060904,0,18,225.0,0.08333333333333333,4.700480365792417,0,0,1,0,0,0,1,0,0,0,1,0,0,1,0,0,0,0,1,0,0,0,0,1,0,0,0,0,0,0,0,0,0,0,0,0,0,0,0,0,0,0,0,0,0,0,0,0,0,0,0,0
5,91.0,162.0,253.0,39,0,60.014144018566995,106.0,7,16,0.52235770032678,0.07610135275536635,0,0,219.40426096747103,0.7242852956300145,0,19,50.6,0.0,2.995732273553991,0,0,1,0,0,1,0,0,0,0,1,0,0,0,1,0,0,0,1,0,0,0,0,0,0,0,0,1,0,0,0,0,0,0,0,0,0,0,0,0,0,0,0,0,0,0,0,0,0,0,0,0
3,511.0,49.0,560.0,32,2,94.92454582767566,375.0,4,102,0.32083399767817544,0.11543756447606839,0,0,120.18947231575773,0.7967039945285296,0,20,186.66666666666666,0.0625,3.9512437185814275,0,0,1,0,0,1,0,0,0,0,1,0,0,1,0,0,0,0,1,0,0,0,0,0,0,0,0,0,0,0,1,0,0,0,0,0,0,0,0,0,0,0,0,0,0,0,0,0,0,0,0,0
8,49.0,118.0,167.0,114,0,68.05413934095809,188.0,5,160,0.18260036157763185,0.4645457308878596,0,0,138.7279622409315,0.4119085524398363,0,21,20.875,0.0,2.0794415416798357,0,1,1,0,0,1,0,0,0,0,1,0,1,0,0,0,0,0,1,0,0,0,0,0,0,0,0,0,0,0,0,0,0,0,1,0,0,0,0,0,0,0,0,0,0,0,0,0,0,0,0,0
1,228.0,909.0,1137.0,17,0,83.17807182982946,272.0,24,147,0.22299422389232607,0.34781418498356426,0,0,70.50594009977854,0.3235687999724843,0,22,1137.0,0.0,3.1780538303479458,0,0,1,0,1,0,0,0,1,0,0,0,0,1,0,0,0,0,1,0,0,0,0,0,0,0,0,0,0,0,0,0,0,0,0,0,0,0,0,0,0,0,0,0,0,0,0,0,0,0,1,0
4,1807.0,74.0,1881.0,28,1,88.06755632861984,86.0,4,102,0.3297969291715027,0.27206945191461923,0,0,198.36668646567858,0.5886759628152255,0,23,470.25,0.03571428571428571,1.9459101490553132,0,0,1,0,0,0,1,0,0,0,1,0,0,0,1,0,0,0,1,0,0,0,0,0,0,0,0,0,0,0,0,0,1,0,0,0,0,0,0,0,0,0,0,0,0,0,0,0,0,0,0,0
6,186.0,167.0,353.0,21,0,63.5408585693155,176.0,14,125,0.19548115457205675,0.18088370544786053,0,1,91.48094620457401,0.6154465843959456,0,0,58.833333333333336,0.0,2.3978952727983707,0,1,0,0,0,1,0,0,0,0,1,0,1,0,0,0,1,0,0,0,0,0,0,0,0,0,0,0,0,0,0,0,1,0,0,0,0,0,0,0,0,0,0,0,0,0,0,0,0,0,0,0
2,63.0,19.0,82.0,141,0,75.9125654106565,431.0,9,114,0.27906330253740136,0.31252109527932187,0,2,130.74285180720221,0.5913344846367942,0,1,41.0,0.0,4.060443010546419,0,0,0,0,0,0,1,0,0,0,1,0,0,1,0,0,1,0,0,0,0,0,0,0,0,0,0,0,0,0,0,0,0,0,0,0,0,0,1,0,0,0,0,0,0,0,0,0,0,0,0,0
2,233.0,585.0,818.0,22,0,81.64161481665775,395.0,10,50,0.5973607227760069,0.2999510793982033,0,0,129.6094314847919,0.7332042063049998,0,2,409.0,0.0,3.258096538021482,0,0,0,0,0,1,0,0,0,0,0,1,0,0,1,0,1,0,0,0,0,0,0,0,0,0,0,0,0,1,0,0,0,0,0,0,0,0,0,0,0,0,0,0,0,0,0,0,0,0,0,0
3,88.0,65.0,153.0,70,0,76.38655406892128,114.0,5,115,0.12372394093954063,0.24581028680616412,1,0,123.41353288060535,0.599967248310126,0,3,51.0,0.0,3.044522437723423,1,1,0,0,0,1,0,0,1,0,0,0,0,1,0,0,1,0,0,0,0,0,0,0,0,0,0,0,0,0,0,0,0,0,0,0,0,0,0,1,0,0,0,0,0,0,0,0,0,0,0,0
5,32.0,349.0,381.0,97,2,79.33320911171782,136.0,7,136,0.13719843448013777,0.4289719500667913,0,1,102.62745288386319,0.89200730747873,0,4,76.2,0.020618556701030927,2.6390573296152584,1,0,0,0,0,0,0,1,0,0,1,0,1,0,0,0,1,0,0,0,0,0,0,0,0,0,0,0,0,0,0,0,0,0,0,0,0,0,0,0,0,0,0,0,0,0,0,0,0,1,0,0
3,320.0,96.0,416.0,39,1,59.04444727729016,100.0,8,15,0.2748478676310815,0.3068395580108217,1,0,129.65304980026445,0.6317676510060904,0,5,138.66666666666666,0.02564102564102564,3.332204510175204,0,1,0,0,1,0,0,0,1,0,0,0,1,0,0,0,1,0,0,0,0,0,0,0,0,0,0,0,0,0,0,0,0,0,0,0,1,0,0,0,0,0,0,0,0,0,0,0,0,0,0,0
7,507.0,215.0,722.0,14,0,81.6484346365743,126.0,6,140,0.2918860693505583,0.32893164131560887,1,0,190.29389900841196,0.6294535595968112,0,6,103.14285714285714,0.0,3.58351893845611,0,0,0,0,0,0,0,1,0,0,0,1,0,0,1,0,1,0,0,0,0,0,0,0,0,0,0,0,0,0,0,0,0,1,0,0,0,0,0,0,0,0,0,0,0,0,0,0,0,0,0,0
2,105.0,230.0,335.0,15,2,69.1660296699275,75.0,11,53,0.28261893345128203,0.17152483038580008,0,0,211.2373590365193,0.7867392792500271,0,7,167.5,0.13333333333333333,4.189654742026425,0,0,0,1,0,0,0,0,0,0,0,1,1,0,0,0,1,0,0,0,0,0,0,0,0,0,0,0,0,0,0,0,0,0,0,0,0,0,0,0,0,0,0,0,0,0,1,0,0,0,0,0
1,98.0,66.0,164.0,88,1,79.19341467940968,181.0,12,6,0.011708794390092585,0.5229246428056248,0,0,112.99428504302898,0.8934161431436243,0,8,164.0,0.011363636363636364,3.332204510175204,0,0,0,0,1,0,0,0,0,0,1,0,0,1,0,0,1,0,0,0,0,0,0,0,0,0,0,0,0,0,0,0,0,0,0,0,0,0,0,0,1,0,0,0,0,0,0,0,0,0,0,0
16,51.0,365.0,416.0,16,1,86.03986614661757,312.0,41,152,0.11727758349640897,0.5197220649241483,0,0,102.02146843954937,0.611514523976753,0,9,26.0,0.0625,2.5649493574615367,0,0,0,0,1,0,0,0,0,1,0,0,0,1,0,0,1,0,0,0,0,0,0,0,0,0,0,0,1,0,0,0,0,0,0,0,0,0,0,0,0,0,0,0,0,0,0,0,0,0,0,0
2,125.0,47.0,172.0,61,0,83.02570209021928,115.0,10,81,0.24540522309565974,0.12852009349137514,2,0,87.64942290290391,0.6043300154807176,0,10,86.0,0.0,3.4657359027997265,1,1,0,0,0,0,1,0,0,0,0,1,0,1,0,0,1,0,0,0,0,0,0,0,0,0,0,0,0,0,0,0,1,0,0,0,0,0,0,0,0,0,0,0,0,0,0,0,0,0,0,0
2,79.0,258.0,337.0,48,0,79.18463670587369,188.0,2,85,0.07960499195317296,0.03128939543637613,0,1,219.40426096747103,0.5543109502081611,0,11,168.5,0.0,3.2188758248682006,0,0,0,0,0,0,0,1,0,0,1,0,0,1,0,0,1,0,0,0,0,0,0,0,0,0,0,0,0,0,0,0,1,0,0,0,0,0,0,0,0,0,0,0,0,0,0,0,0,0,0,0
3,48.0,71.0,119.0,60,0,74.15899438766813,171.0,20,126,0.43878459234597095,0.3154841016866119,1,0,125.15339593187282,0.8505358752296793,0,12,39.666666666666664,0.0,3.6635616461296463,0,1,0,0,0,0,0,1,0,0,1,0,1,0,0,0,1,0,0,0,0,0,0,0,0,0,0,0,0,0,0,0,0,0,0,1,0,0,0,0,0,0,0,0,0,0,0,0,0,0,0,0
3,1189.0,161.0,1350.0,65,0,83.26093264666542,419.0,7,114,0.162706244448495,0.26788687262495214,0,1,164.60170278282084,0.6453500145513137,0,13,450.0,0.0,3.5553480614894135,1,0,0,0,0,0,1,0,1,0,0,0,0,0,1,0,1,0,0,0,0,0,0,0,0,0,0,0,0,0,0,0,0,0,0,0,0,0,0,0,0,0,0,0,0,0,0,0,0,0,1,0
2,247.0,66.0,313.0,21,1,92.94601393660712,130.0,36,126,0.18162212917810325,0.07934092963479086,0,1,147.86642565116642,0.5018374908503261,0,14,156.5,0.047619047619047616,3.044522437723423,0,1,0,0,0,0,0,1,0,0,1,0,0,1,0,0,1,0,0,0,0,0,0,0,0,0,0,0,0,0,0,0,0,0,0,0,0,0,0,0,0,0,0,0,0,0,0,0,1,0,0,0
3,278.0,116.0,394.0,20,0,74.59139160644675,133.0,25,189,0.027549930428067332,0.05542771207754866,0,0,208.33606794730832,0.6354845248420031,0,15,131.33333333333334,0.0,3.332204510175204,0,0,0,0,0,0,1,0,1,0,0,0,1,0,0,0,1,0,0,0,0,0,0,0,0,0,0,0,0,0,0,0,0,1,0,0,0,0,0,0,0,0,0,0,0,0,0,0,0,0,0,0
3,392.0,33.0,425.0,79,0,76.96748392130867,110.0,6,131,0.08475559447048846,0.18569067996209024,1,0,110.0919888767026,0.8978313087504582,0,16,141.66666666666666,0.0,3.091042453358316,0,1,0,0,1,0,0,0,0,0,0,1,0,0,1,0,1,0,0,0,0,0,0,0,0,0,0,0,0,0,0,0,0,0,0,0,0,0,0,0,1,0,0,0,0,0,0,0,0,0,0,0
3,346.0,144.0,490.0,27,1,86.18480170771333,90.0,14,14,0.19643951734843965,0.13205820184873937,1,0,75.71726763894935,0.7417260555470973,0,17,163.33333333333334,0.037037037037037035,4.343805421853684,0,0,0,0,0,1,0,0,1,0,0,0,0,1,0,0,1,0,0,0,0,0,0,0,0,0,0,0,0,0,0,0,0,0,0,0,0,0,0,0,0,0,0,0,0,0,0,0,0,1,0,0
1,94.0,115.0,209.0,4,0,69.11534868283785,290.0,5,48,0.077555487343478,0.1924078031871667,1,1,194.3780700674821,0.5167560052237866,0,18,209.0,0.0,2.70805020110221,0,0,0,0,0,0,0,1,0,0,0,1,1,0,0,0,1,0,0,0,0,0,0,0,0,0,0,0,0,0,0,1,0,0,0,0,0,0,0,0,0,0,0,0,0,0,0,0,0,0,0,0
14,200.0,60.0,260.0,75,0,58.97679032786417,182.0,9,92,0.19954087016632668,0.3265696911245395,0,0,156.13225778565857,0.6709160667132846,0,19,18.571428571428573,0.0,3.258096538021482,0,0,0,0,1,0,0,0,1,0,0,0,0,0,1,0,1,0,0,0,0,0,0,0,0,0,0,1,0,0,0,0,0,0,0,0,0,0,0,0,0,0,0,0,0,0,0,0,0,0,0,0
2,110.0,103.0,213.0,19,1,80.91876209499324,208.0,14,97,0.09531366539028914,0.0336754253977849,0,0,138.25132409285004,0.4932191892205678,0,20,106.5,0.05263157894736842,3.4657359027997265,0,0,0,0,0,1,0,0,0,1,0,0,0,0,1,0,1,0,0,0,0,0,0,0,0,0,0,0,0,0,0,0,0,0,0,0,0,0,0,0,0,0,0,0,0,0,0,1,0,0,0,0
5,240.0,127.0,367.0,64,1,74.15899438766813,488.0,19,75,0.1808103354665245,0.021315016404800796,1,0,181.40770505655746,0.7108080383180811,0,21,73.4,0.015625,4.709530201312334,1,0,0,0,0,0,1,0,0,0,1,0,0,0,1,0,1,0,0,0,0,0,0,0,0,0,1,0,0,0,0,0,0,0,0,0,0,0,0,0,0,0,0,0,0,0,0,0,0,0,0,0
1,216.0,55.0,271.0,136,0,60.50967105918759,509.0,16,40,0.2805452117424679,0.16320240795402416,0,0,140.53321942193062,0.8762704824224108,0,22,271.0,0.0,3.332204510175204,0,0,0,0,1,0,0,0,0,1,0,0,0,1,0,0,1,0,0,0,0,0,0,0,0,0,0,0,0,0,0,0,0,0,0,0,0,0,0,0,0,0,0,0,1,0,0,0,0,0,0,0
2,97.0,95.0,192.0,45,2,81.00650315255805,63.0,9,25,0.36029132983615614,0.11958191554554023,0,0,182.7960276255884,0.7027457968028176,0,23,96.0,0.044444444444444446,4.174387269895637,0,0,0,0,1,0,0,0,0,0,1,0,0,1,0,0,1,0,0,0,0,0,0,0,0,0,0,0,0,0,0,0,0,0,0,0,0,0,0,0,0,0,0,0,0,0,0,0,1,0,0,0
1,34.0,36.0,70.0,99,1,92.17359618035098,315.0,51,33,0.25412518353146263,0.27041748145462524,0,1,129.86367582036024,0.5858548280173338,0,0,70.0,0.010101010101010102,4.418840607796598,0,0,0,0,1,0,0,0,0,0,1,0,0,1,0,0,0,0,0,0,1,0,0,0,0,0,0,0,0,0,0,0,0,0,0,0,0,0,0,0,0,0,0,0,0,0,0,1,0,0,0,0
10,174.0,1292.3199999999988,1625.0,50,1,55.44308944453097,234.0,6,190,0.27102513632913555,0.0733880597594422,0,1,156.07795298807534,0.8457836410228752,0,1,162.5,0.02,3.258096538021482,0,0,0,1,0,0,0,0,0,1,0,0,0,1,0,0,0,0,0,0,1,0,0,0,0,0,0,0,0,0,0,0,0,0,0,0,0,0,0,1,0,0,0,0,0,0,0,0,0,0,0,0
2,118.0,352.0,470.0,159,0,87.26789994259778,145.0,2,82,0.23442341127379374,0.23242426185707993,0,0,141.0556530177795,0.7190004777362438,0,2,235.0,0.0,3.1354942159291497,0,0,0,0,1,0,0,0,0,1,0,0,0,1,0,0,0,0,0,0,1,0,0,0,0,0,0,0,0,0,0,1,0,0,0,0,0,0,0,0,0,0,0,0,0,0,0,0,0,0,0,0
6,18.0,148.0,166.0,19,1,44.55518981105182,251.0,3,192,0.05359513098992709,0.22945531172900227,1,0,106.98865059879091,0.6289989868643618,0,3,27.666666666666668,0.05263157894736842,3.044522437723423,1,0,0,0,0,0,1,0,0,0,1,0,1,0,0,0,0,0,0,0,1,0,0,0,0,0,0,0,0,0,0,0,0,0,0,0,0,0,0,0,0,0,1,0,0,0,0,0,0,0,0,0
1,259.0,399.0,658.0,44,1,70.19656043782183,59.0,25,70,0.4079187250751996,0.3177083076212425,0,0,111.78438226650029,0.6978749133591456,1,4,658.0,0.022727272727272728,3.091042453358316,0,0,0,0,0,0,0,1,0,1,0,0,1,0,0,0,0,0,0,0,1,0,0,0,0,0,0,1,0,0,0,0,0,0,0,0,0,0,0,0,0,0,0,0,0,0,0,0,0,0,0,0
2,429.0,12.0,441.0,76,0,97.08619094691096,557.0,8,65,0.12888452347698637,0.3455037078258978,1,0,104.2855113875925,0.1558476499036365,0,5,220.5,0.0,4.07753744390572,0,0,0,0,0,1,0,0,0,0,1,0,1,0,0,0,0,0,0,0,1,0,0,0,0,0,0,0,0,0,0,0,0,0,0,0,0,0,0,0,0,0,0,0,0,0,0,0,0,1,0,0
2,2143.49,6.0,2401.0,38,3,71.0601114178456,287.0,10,100,0.38795919611455437,0.09647024056118725,0,1,130.61948381265333,0.8303860100199265,0,6,1200.5,0.07894736842105263,3.5263605246161616,0,0,0,0,0,0,1,0,0,0,1,0,0,0,1,0,0,0,0,0,1,0,0,0,0,0,0,0,0,0,0,0,1,0,0,0,0,0,0,0,0,0,0,0,0,0,0,0,0,0,0,0
9,96.0,70.0,166.0,112,1,76.0792607498519,109.0,6,189,0.08265011990081356,0.1975331340088295,1,0,101.76790374405965,0.49037755638975744,0,7,18.444444444444443,0.008928571428571428,3.5263605246161616,1,1,0,0,0,0,1,0,1,0,0,0,0,1,0,0,0,0,0,0,1,0,0,0,0,0,0,0,0,0,0,0,0,0,0,0,0,0,0,0,0,0,1,0,0,0,0,0,0,0,0,0
1,82.0,24.0,106.0,31,0,84.15439440928266,132.0,6,114,0.45134203803187434,0.08785721768440358,0,0,137.435982564154,0.8221116630682009,0,8,106.0,0.0,2.302585092994046,0,0,0,0,0,0,0,1,0,1,0,0,0,0,1,0,0,0,0,0,1,0,0,0,0,0,0,0,0,1,0,0,0,0,0,0,0,0,0,0,0,0,0,0,0,0,0,0,0,0,0,0
1,43.0,84.0,127.0,234,1,54.40231783127217,60.0,5,11,0.14493100172672962,0.17108250814549736,0,0,136.07606266690615,0.8606426577336287,0,9,127.0,0.004273504273504274,2.4849066497880004,0,1,0,0,1,0,0,0,0,0,0,1,1,0,0,0,0,0,0,0,1,0,1,0,0,0,0,0,0,0,0,0,0,0,0,0,0,0,0,0,0,0,0,0,0,0,0,0,0,0,0,0
1,186.0,137.0,323.0,244,0,75.86513761007707,160.0,12,57,0.23662835919265154,0.1332473991451941,0,0,128.20616534292083,0.670761187653697,0,10,323.0,0.0,5.231108616854587,0,0,0,0,1,0,0,0,1,0,0,0,0,0,1,0,0,0,0,0,1,0,0,1,0,0,0,0,0,0,0,0,0,0,0,0,0,0,0,0,0,0,0,0,0,0,0,0,0,0,0,0
1,185.0,302.0,487.0,56,1,75.7705568635357,142.0,8,196,0.1445729878343087,0.2679611913102999,0,0,128.90074678948884,0.6435822993999859,0,11,487.0,0.017857142857142856,3.1780538303479458,0,1,0,0,0,0,1,0,0,0,1,0,0,0,1,0,0,0,0,0,1,0,0,0,0,0,0,0,0,0,0,0,0,0,0,0,0,0,0,0,0,0,1,0,0,0,0,0,0,0,0,0
1,60.0,31.0,91.0,69,1,97.34785167898488,79.0,12,35,0.0847467777264128,0.6222077703858605,0,0,97.3536631021878,0.5196067272253817,0,12,91.0,0.014492753623188406,2.6390573296152584,0,0,0,0,1,0,0,0,0,0,1,0,0,1,0,0,0,0,0,0,1,0,0,0,0,0,0,0,0,1,0,0,0,0,0,0,0,0,0,0,0,0,0,0,0,0,0,0,0,0,0,0
1,122.0,170.0,292.0,115,0,60.17111002802612,345.0,11,168,0.2302554075591438,0.037647335921696334,0,1,108.720945286251,0.5792819660697665,0,13,292.0,0.0,4.59511985013459,0,0,0,0,1,0,0,0,0,0,0,1,1,0,0,0,0,0,0,0,1,0,0,0,0,0,0,0,0,0,0,0,0,0,0,0,0,0,0,0,0,0,0,1,0,0,0,0,0,0,0,0
1,16.0,111.0,127.0,17,0,70.42152820259854,489.0,6,186,0.0950352570192765,0.3398844466936695,0,0,53.17564695948748,0.515408961606753,0,14,127.0,0.0,3.5553480614894135,0,0,0,1,0,0,0,0,0,0,1,0,0,0,1,0,0,0,0,0,1,0,0,0,0,0,0,0,0,1,0,0,0,0,0,0,0,0,0,0,0,0,0,0,0,0,0,0,0,0,0,0
1,411.0,161.0,572.0,15,0,63.85973051011661,196.0,3,46,0.13937472151618732,0.19564309941849628,0,1,115.20522614791729,0.5975959853750347,0,15,572.0,0.0,3.828641396489095,0,0,0,0,0,1,0,0,1,0,0,0,1,0,0,0,0,0,0,0,1,0,1,0,0,0,0,0,0,0,0,0,0,0,0,0,0,0,0,0,0,0,0,0,0,0,0,0,0,0,0,0
1,63.0,62.0,125.0,122,2,62.58705835570345,161.0,3,113,0.20874406848271218,0.26336188294070556,0,0,80.56755079515416,0.6321061294189906,0,16,125.0,0.01639344262295082,3.1780538303479458,0,0,0,0,0,0,0,1,0,0,1,0,0,1,0,0,0,0,0,0,1,0,0,0,0,0,0,0,0,0,0,0,0,0,0,0,0,0,0,0,0,1,0,0,0,0,0,0,0,0,0,0
8,142.0,503.0,645.0,55,0,88.52883272477494,271.0,75,121,0.43232989375384623,0.09862210428088033,0,0,123.99409723132528,0.6489826788939587,0,17,80.625,0.0,3.044522437723423,0,0,0,0,0,0,1,0,0,0,1,0,0,0,1,0,0,0,0,0,1,0,0,0,0,0,0,0,0,0,0,0,0,0,0,0,0,1,0,0,0,0,0,0,0,0,0,0,0,0,0,0
4,30.0,98.0,128.0,37,1,75.3198180240098,197.0,25,159,0.11716591719805541,0.03227598482115114,0,0,91.4204351034615,0.4604075526630869,0,18,32.0,0.02702702702702703,3.1780538303479458,0,0,0,0,0,0,0,1,0,0,1,0,0,1,0,0,0,0,0,0,1,0,0,0,0,0,0,0,0,0,0,0,0,0,0,0,1,0,0,0,0,0,0,0,0,0,0,0,0,0,0,0
3,78.0,774.0,852.0,45,0,68.33319364288175,93.0,23,160,0.44103578568819873,0.10940603383386956,0,0,37.97308806204549,0.4506750269329994,0,19,284.0,0.0,2.0794415416798357,0,0,0,0,1,0,0,0,0,0,1,0,0,0,1,0,0,0,0,0,1,0,0,0,0,0,0,0,0,0,0,0,0,0,0,0,0,0,0,0,0,0,0,0,0,1,0,0,0,0,0,0
1,109.0,46.0,155.0,6,0,68.78584918628957,126.0,5,16,0.42008707777817383,0.09845036276815168,0,0,210.097719186739,0.42006486097022905,0,20,155.0,0.0,3.258096538021482,0,0,0,1,0,0,0,0,0,0,1,0,0,1,0,0,0,0,0,0,1,0,0,0,0,0,0,0,0,0,0,0,0,0,0,0,0,0,0,0,0,0,0,0,0,0,0,0,1,0,0,0
1,146.0,248.0,394.0,38,1,68.24127507665524,162.0,9,67,0.3466043419307924,0.41887752252048116,0,0,110.74282506617281,0.7923376446235881,0,21,394.0,0.02631578947368421,3.58351893845611,0,0,0,0,1,0,0,0,0,0,1,0,0,1,0,0,0,0,0,0,1,0,0,0,0,0,0,0,0,0,0,0,0,0,0,0,0,0,0,0,0,0,1,0,0,0,0,0,0,0,0,0
1,251.0,102.0,353.0,24,0,69.31436187110768,238.0,5,188,0.3878661470555034,0.2490217357776076,1,0,177.88231446734798,0.7383230421317439,0,22,353.0,0.0,4.969813299576001,0,1,0,0,0,0,1,0,0,0,1,0,0,0,1,0,0,0,0,0,1,0,0,0,0,0,0,0,0,0,0,0,0,0,0,0,0,0,0,0,0,0,0,0,0,0,0,0,0,1,0,0
3,722.0,76.0,798.0,93,0,59.826655868528825,201.0,3,73,0.05705551238674968,0.16860305250842195,0,0,98.92041205725259,0.5764352044653339,0,23,266.0,0.0,3.4011973816621555,0,0,0,0,1,0,0,0,0,1,0,0,0,0,1,0,0,0,0,0,1,0,0,0,0,0,0,0,0,0,0,0,0,0,0,0,0,0,0,0,0,0,0,0,0,1,0,0,0,0,0,0
6,332.0,220.0,552.0,99,0,71.8952454892176,232.0,5,52,0.009422747004271093,0.1914114326696241,0,0,187.92465697233,0.7707859219207781,0,0,92.0,0.0,1.3862943611198906,1,0,0,1,0,0,0,0,0,1,0,0,0,1,0,0,0,0,0,0,0,1,0,0,0,0,0,0,0,0,0,0,0,0,0,0,0,0,0,0,0,0,0,0,0,0,0,0,1,0,0,0
6,427.0,79.0,506.0,70,0,74.15899438766813,68.0,22,127,0.42165836630513803,0.4498637520064445,1,0,73.93208546326996,0.8100597148873321,0,1,84.33333333333333,0.0,3.2188758248682006,0,1,0,0,0,1,0,0,0,1,0,0,0,0,1,0,0,0,0,0,0,1,0,0,0,0,0,0,0,0,1,0,0,0,0,0,0,0,0,0,0,0,0,0,0,0,0,0,0,0,0,0
5,728.0,6.0,733.0,61,0,65.90643952315989,319.0,16,43,0.06645284118506783,0.22365885834529892,1,1,127.04126303422213,0.682951339336664,0,2,146.6,0.0,5.768320995793772,0,0,0,0,0,0,0,1,0,0,1,0,0,1,0,0,0,0,0,0,0,1,0,0,0,0,0,0,0,0,0,0,0,0,0,0,0,0,1,0,0,0,0,0,0,0,0,0,0,0,0,0
1,277.0,6.0,280.0,13,0,76.8605550756597,200.0,4,33,0.32000932812582245,0.29305498811183406,0,2,76.30842321409841,0.7155767053743727,0,3,280.0,0.0,4.0943445622221,0,0,0,0,0,0,0,1,0,1,0,0,0,0,1,0,0,0,0,0,0,1,0,0,0,0,0,0,0,0,0,0,0,0,0,0,0,0,0,0,0,0,0,0,1,0,0,0,0,0,0,0
3,142.0,445.0,587.0,71,1,77.8786737614179,1056.3399999999997,7,160,0.06851243180090656,0.42015091039389335,0,0,219.40426096747103,0.8751411364904518,0,4,195.66666666666666,0.014084507042253521,2.6390573296152584,0,1,0,0,0,0,0,1,0,0,0,1,0,1,0,0,0,0,0,0,0,1,0,0,0,0,0,0,0,0,0,0,0,0,0,0,0,0,0,0,0,0,0,0,1,0,0,0,0,0,0,0
2,450.0,425.0,875.0,73,0,68.3202334284995,152.0,15,28,0.05799384741477176,0.32552188847713526,0,0,110.02954101046083,0.7449669221473246,0,5,437.5,0.0,3.8501476017100584,0,0,0,0,0,0,1,0,1,0,0,0,0,1,0,0,0,0,0,0,0,1,0,0,0,0,0,0,0,0,0,0,0,0,0,0,0,0,0,0,1,0,0,0,0,0,0,0,0,0,0,0
2,483.0,876.0,1359.0,121,0,73.27039019080495,251.0,6,178,0.07573723199066786,0.17680957742676717,0,0,153.13810211823073,0.49720877966901555,0,6,679.5,0.0,3.332204510175204,0,1,0,1,0,0,0,0,0,1,0,0,0,0,1,0,0,0,0,0,0,1,0,0,0,0,0,0,0,0,0,0,0,1,0,0,0,0,0,0,0,0,0,0,0,0,0,0,0,0,0,0
16,302.0,107.0,409.0,243,0,100.0,1056.3399999999997,9,53,0.053618236072689555,0.04333338314852847,0,0,138.02309705275366,0.44757304719738733,0,7,25.5625,0.0,2.1972245773362196,0,0,0,0,0,0,1,0,0,0,0,1,1,0,0,0,0,0,0,0,0,1,0,0,0,0,0,0,0,0,0,0,1,0,0,0,0,0,0,0,0,0,0,0,0,0,0,0,0,0,0,0
1,29.0,26.0,55.0,11,0,100.0,229.0,11,25,0.3642542793818075,0.09486361834831032,0,0,118.97937492858739,0.8182029824965406,0,8,55.0,0.0,2.995732273553991,1,0,0,0,0,1,0,0,1,0,0,0,1,0,0,0,0,0,0,0,0,1,0,0,0,0,0,0,0,0,0,0,0,0,0,0,0,0,0,0,0,0,0,1,0,0,0,0,0,0,0,0
2,58.0,69.0,127.0,32,3,62.35091771844317,191.0,11,149,0.28676754256498554,0.06765440832142204,0,0,140.7087945833209,0.8034330388463792,0,9,63.5,0.09375,3.332204510175204,0,1,0,0,0,0,0,1,1,0,0,0,1,0,0,0,0,0,0,0,0,1,0,0,0,0,0,0,0,0,0,0,1,0,0,0,0,0,0,0,0,0,0,0,0,0,0,0,0,0,0,0
8,109.0,111.0,220.0,24,0,64.0266292009373,100.0,10,39,0.24904899385029564,0.19744665735521955,1,1,174.36691754661013,0.26979873371303603,0,10,27.5,0.0,1.791759469228055,0,1,0,0,0,0,0,1,0,0,1,0,0,1,0,0,0,0,0,0,0,1,0,0,0,0,0,0,1,0,0,0,0,0,0,0,0,0,0,0,0,0,0,0,0,0,0,0,0,0,0,0
1,349.0,36.0,385.0,51,0,74.15899438766813,583.0,5,76,0.06074281923856078,0.3517254977917375,0,0,146.72823724395772,0.6551120243753831,0,11,385.0,0.0,2.302585092994046,0,0,0,0,1,0,0,0,0,0,0,1,0,1,0,0,0,0,0,0,0,1,0,0,0,0,1,0,0,0,0,0,0,0,0,0,0,0,0,0,0,0,0,0,0,0,0,0,0,0,0,0
1,144.0,674.0,818.0,45,0,74.15899438766813,88.0,6,73,0.12778676104662134,0.13588272791768335,1,0,126.49819493115714,0.7726958307707011,0,12,818.0,0.0,3.332204510175204,0,1,0,1,0,0,0,0,0,0,1,0,1,0,0,0,0,0,0,0,0,1,0,0,0,0,0,0,0,0,0,0,0,0,1,0,0,0,0,0,0,0,0,0,0,0,0,0,0,0,0,0
2,518.0,1291.0,1809.0,37,2,70.21764840509167,270.0,4,103,0.1781092548841667,0.08736527647365136,1,0,140.77291751913398,0.5357070645449946,0,13,904.5,0.05405405405405406,2.9444389791664403,0,0,0,0,0,1,0,0,0,0,1,0,0,0,1,0,0,0,0,0,0,1,0,0,0,0,0,0,0,0,0,1,0,0,0,0,0,0,0,0,0,0,0,0,0,0,0,0,0,0,0,0
2,630.0,186.0,816.0,101,1,77.8760909231556,143.0,3,97,0.06309820769318622,0.2247295634188438,0,0,196.6015474213114,0.7992077245597552,0,14,408.0,0.009900990099009901,3.6635616461296463,0,0,0,0,0,0,0,1,1,0,0,0,0,0,1,0,0,0,0,0,0,1,0,0,0,0,0,0,0,1,0,0,0,0,0,0,0,0,0,0,0,0,0,0,0,0,0,0,0,0,0,0
1,555.0,108.0,663.0,18,1,98.96360799937061,175.0,8,43,0.16456492368060752,0.21134443657700966,0,0,103.32758507683907,0.6851212648971706,0,15,663.0,0.05555555555555555,2.302585092994046,0,0,0,1,0,0,0,0,0,0,0,1,1,0,0,0,0,0,0,0,0,1,0,0,0,0,0,0,0,0,0,0,0,0,0,0,0,0,0,0,0,0,0,0,0,0,0,1,0,0,0,0
5,558.0,26.0,584.0,19,2,74.87442246827445,73.0,15,50,0.1623874920461619,0.12019322102228383,1,0,45.8445238140724,0.8499553851965315,0,16,116.8,0.10526315789473684,3.9512437185814275,1,0,0,0,0,0,0,1,0,1,0,0,0,1,0,0,0,0,0,0,0,1,0,0,0,0,0,0,0,0,0,0,0,0,1,0,0,0,0,0,0,0,0,0,0,0,0,0,0,0,0,0
5,47.0,602.0,649.0,19,1,74.15899438766813,512.0,3,42,0.13615557863681432,0.4175942277412135,0,0,76.13996117418915,0.7794356660804859,0,17,129.8,0.05263157894736842,2.302585092994046,0,0,0,0,0,0,0,1,0,0,1,0,0,0,1,0,0,0,0,0,0,1,0,0,0,0,0,0,0,0,0,0,0,0,0,0,0,1,0,0,0,0,0,0,0,0,0,0,0,0,0,0
4,252.0,119.0,371.0,33,3,81.24504899160472,164.0,10,15,0.16234433979700166,0.39384205926791577,0,1,79.11505968911055,0.6513245645791871,0,18,92.75,0.09090909090909091,4.77912349311153,0,0,0,0,0,0,0,1,0,0,1,0,0,0,1,0,0,0,0,0,0,1,0,0,0,0,0,0,0,0,0,0,0,0,0,0,1,0,0,0,0,0,0,0,0,0,0,0,0,0,0,0
1,76.0,79.0,155.0,16,0,67.94139177964861,85.0,15,131,0.029415888427491092,0.17952495105491909,0,1,84.74881454506726,0.8710993970756716,0,19,155.0,0.0,1.791759469228055,0,0,0,0,0,0,1,0,0,0,1,0,1,0,0,0,0,0,0,0,0,1,0,0,0,0,0,0,0,0,0,0,0,0,0,0,0,0,0,0,0,0,0,0,1,0,0,0,0,0,0,0
3,24.0,186.0,210.0,42,1,87.70994078090231,481.0,2,96,0.24365281441909944,0.20105112002034287,0,1,86.12372073935991,0.2180810394488639,0,20,70.0,0.023809523809523808,2.3978952727983707,0,1,0,1,0,0,0,0,0,0,1,0,0,0,1,0,0,0,0,0,0,1,0,0,0,0,0,0,0,0,0,0,0,0,0,0,1,0,0,0,0,0,0,0,0,0,0,0,0,0,0,0
1,108.0,57.0,165.0,39,1,64.80359029079777,140.0,7,26,0.3343648815140398,0.1654972787253567,0,0,119.05601699403887,0.6317676510060904,0,21,165.0,0.02564102564102564,3.6888794541139363,0,1,0,0,0,0,1,0,0,0,1,0,0,0,1,0,0,0,0,0,0,1,0,0,0,0,0,0,0,0,0,0,0,0,0,0,1,0,0,0,0,0,0,0,0,0,0,0,0,0,0,0
2,637.0,129.0,766.0,23,2,91.07855743733012,253.0,28,69,0.1774714331307326,0.18658902682919956,1,0,129.8967171557519,0.6967237643889898,0,22,383.0,0.08695652173913043,4.804021044733257,0,0,0,0,0,0,0,1,0,0,1,0,1,0,0,0,0,0,0,0,0,1,0,0,0,0,0,0,0,0,0,0,0,0,0,0,0,0,0,0,0,0,0,0,0,0,0,0,1,0,0,0
18,246.0,22.0,268.0,89,0,67.95058841749056,361.0,13,135,0.06458678997074715,0.18468006026635114,0,0,129.46686901835469,0.8205479482691242,1,23,14.88888888888889,0.0,3.6109179126442243,0,0,0,0,0,1,0,0,0,1,0,0,0,1,0,0,0,0,0,0,0,1,0,0,0,0,0,0,0,0,0,0,0,0,0,0,0,0,0,0,1,0,0,0,0,0,0,0,0,0,0,0
3,1365.0,363.0,1728.0,42,1,69.26438735356686,279.0,2,60,0.2766847134964327,0.06707070322095272,1,0,90.78888345899247,0.6763094388947172,0,0,576.0,0.023809523809523808,3.8066624897703196,0,0,0,0,1,0,0,0,0,0,1,0,0,1,0,0,0,0,0,1,0,0,0,0,0,0,0,0,0,1,0,0,0,0,0,0,0,0,0,0,0,0,0,0,0,0,0,0,0,0,0,0
1,180.0,98.0,278.0,104,0,61.9381461164785,43.0,14,83,0.01613781872393681,0.16821432221397292,0,0,159.7560027117922,0.7286957581779958,0,1,278.0,0.0,3.332204510175204,0,0,0,0,1,0,0,0,0,0,0,1,0,0,1,0,0,0,0,1,0,0,0,0,0,0,0,0,1,0,0,0,0,0,0,0,0,0,0,0,0,0,0,0,0,0,0,0,0,0,0,0
3,2143.49,393.0,2506.4799999999996,38,1,63.90888707020024,325.0,5,150,0.15654198116879753,0.2912071276981145,1,0,141.37823287114136,0.5009601503272241,0,2,835.4933333333332,0.02631578947368421,2.3978952727983707,0,1,0,0,0,0,0,1,1,0,0,0,0,0,1,0,0,0,0,1,0,0,0,0,0,0,0,0,0,0,0,0,0,0,0,0,1,0,0,0,0,0,0,0,0,0,0,0,0,0,0,0
1,180.0,88.0,268.0,43,0,69.87882813205758,186.0,14,135,0.06172264889588342,0.07391409726433201,0,0,183.2523454982991,0.6317676510060904,0,3,268.0,0.0,3.332204510175204,0,0,0,0,0,0,0,1,0,0,1,0,0,0,1,0,0,0,0,1,0,0,0,0,0,0,0,0,0,1,0,0,0,0,0,0,0,0,0,0,0,0,0,0,0,0,0,0,0,0,0,0
1,152.0,94.0,246.0,28,0,45.82381730507266,159.0,5,141,0.03874607080736846,0.036564138763557893,0,0,153.87044161786866,0.5838426604573523,0,4,246.0,0.0,2.302585092994046,0,0,0,0,0,0,1,0,0,1,0,0,1,0,0,0,0,0,0,1,0,0,0,0,0,0,0,0,0,0,1,0,0,0,0,0,0,0,0,0,0,0,0,0,0,0,0,0,0,0,0,0
1,36.0,28.0,64.0,44,1,72.20001190589284,185.0,8,79,0.1463844963685516,0.1934156338333332,1,0,106.01872965644914,0.3308929157326061,0,5,64.0,0.022727272727272728,2.1972245773362196,0,0,0,0,0,0,0,1,0,0,0,1,0,1,0,0,0,0,0,1,0,0,0,1,0,0,0,0,0,0,0,0,0,0,0,0,0,0,0,0,0,0,0,0,0,0,0,0,0,0,0,0
2,503.0,253.0,756.0,79,0,68.90430915310179,64.0,6,99,0.37401150087858465,0.032500626810575854,1,0,172.21953214529984,0.8522060445794227,0,6,378.0,0.0,3.6635616461296463,0,0,0,0,0,1,0,0,0,1,0,0,0,1,0,0,0,0,0,1,0,0,0,0,0,0,0,0,0,0,0,0,0,0,0,0,0,0,0,0,0,0,1,0,0,0,0,0,0,0,0,0
7,85.0,41.0,126.0,32,0,84.48013318334199,229.0,9,169,0.17681275729312437,0.24380270211540125,0,0,130.9434434525142,0.8462280786007114,0,7,18.0,0.0,2.302585092994046,0,0,0,0,0,0,0,1,0,0,0,1,1,0,0,0,0,0,0,1,0,0,0,0,0,0,0,0,0,0,0,0,0,0,0,0,0,0,0,0,0,0,0,0,0,1,0,0,0,0,0,0
5,72.0,64.0,136.0,67,0,80.07576886028191,77.0,6,175,0.1236081296953184,0.1814845961937238,1,0,151.91914475522202,0.6899970505736598,0,8,27.2,0.0,3.6109179126442243,1,0,0,0,1,0,0,0,0,0,0,1,1,0,0,0,0,0,0,1,0,0,0,0,0,0,0,0,0,0,0,0,0,0,0,0,0,0,0,0,0,0,0,0,0,0,1,0,0,0,0,0
5,607.0,110.0,717.0,23,1,66.50835082680844,164.0,7,15,0.04946747174832331,0.18308947588650698,0,0,148.81718938789345,0.3328819609243295,0,9,143.4,0.043478260869565216,2.1972245773362196,0,1,0,0,1,0,0,0,0,0,1,0,0,0,1,0,0,0,0,1,0,0,0,0,0,0,0,0,0,0,0,0,0,0,0,0,1,0,0,0,0,0,0,0,0,0,0,0,0,0,0,0
1,530.0,125.0,655.0,82,1,69.49739088688912,223.0,3,168,0.40686214015055744,0.17416104532023063,0,0,115.02720666881036,0.569836830562826,0,10,655.0,0.012195121951219513,3.58351893845611,0,0,0,0,0,1,0,0,0,1,0,0,0,1,0,0,0,0,0,1,0,0,1,0,0,0,0,0,0,0,0,0,0,0,0,0,0,0,0,0,0,0,0,0,0,0,0,0,0,0,0,0
2,515.0,16.0,531.0,28,1,72.18458353774923,424.0,12,179,0.028608727517833946,0.014636971023190478,0,0,124.1308152172242,0.6260114187677898,0,11,265.5,0.03571428571428571,2.8903717578961645,0,0,0,0,1,0,0,0,0,0,1,0,0,0,1,0,0,0,0,1,0,0,0,0,0,1,0,0,0,0,0,0,0,0,0,0,0,0,0,0,0,0,0,0,0,0,0,0,0,0,0,0
4,99.0,85.0,184.0,88,0,92.83147865371019,112.0,10,188,0.4108084185908114,0.18209101461401153,0,0,114.74501471783205,0.3376668414544369,0,12,46.0,0.0,4.574710978503383,0,0,0,0,0,1,0,0,0,0,1,0,0,0,1,0,0,0,0,1,0,0,0,0,0,0,0,0,0,0,0,0,0,0,0,0,0,0,0,0,0,0,0,0,0,1,0,0,0,0,0,0
2,140.0,263.0,403.0,46,1,65.1323438345227,553.0,2,57,0.10908990078379723,0.07053245259006381,0,1,85.88214847033883,0.5938086341934419,0,13,201.5,0.021739130434782608,3.6109179126442243,0,0,0,1,0,0,0,0,0,0,0,1,0,0,1,0,0,0,0,1,0,0,0,0,0,0,0,0,0,0,0,0,0,0,0,0,0,0,0,0,0,0,0,0,0,0,0,0,1,0,0,0
2,138.0,72.0,210.0,150,1,66.36287202059215,388.0,18,102,0.23926590510711454,0.20737416565138753,0,0,34.21220888177339,0.6317676510060904,0,14,105.0,0.006666666666666667,4.418840607796598,0,0,0,0,1,0,0,0,0,0,0,1,0,1,0,0,0,0,0,1,0,0,0,0,0,1,0,0,0,0,0,0,0,0,0,0,0,0,0,0,0,0,0,0,0,0,0,0,0,0,0,0
4,350.0,85.0,435.0,17,0,61.45699018059419,148.0,7,13,0.1223319845966417,0.1954661101544969,1,0,92.24777788931937,0.8939902379990691,0,15,108.75,0.0,2.6390573296152584,0,0,0,1,0,0,0,0,1,0,0,0,0,0,1,0,0,0,0,1,0,0,0,0,0,0,0,0,0,0,0,0,0,0,0,0,0,0,0,0,0,0,0,0,0,0,0,0,0,1,0,0
2,819.0,131.0,950.0,13,0,57.21552624676578,92.0,10,26,0.15750610488702696,0.14690126421066038,0,0,127.96662625865544,0.7893634190941231,0,16,475.0,0.0,3.367295829986474,0,1,0,0,0,0,1,0,0,0,1,0,0,1,0,0,0,0,0,1,0,0,0,0,0,0,0,0,0,0,0,0,0,0,0,0,1,0,0,0,0,0,0,0,0,0,0,0,0,0,0,0
3,222.0,95.0,317.0,27,0,78.68404348350593,72.0,15,114,0.2751188838131491,0.1421455957383561,1,1,163.42339516894896,0.24364682792815195,0,17,105.66666666666667,0.0,2.4849066497880004,0,0,0,0,0,0,0,1,0,0,1,0,0,0,1,0,0,0,0,1,0,0,0,0,0,0,0,1,0,0,0,0,0,0,0,0,0,0,0,0,0,0,0,0,0,0,0,0,0,0,0,0
11,1302.0,35.0,1337.0,14,0,77.43483997287852,242.0,11,45,0.22036780638596778,0.2527291674220856,0,0,151.8395995379322,0.9660772529319122,0,18,121.54545454545455,0.0,2.9444389791664403,0,1,0,0,0,0,1,0,0,0,1,0,0,0,1,0,0,0,0,1,0,0,0,0,0,0,0,0,0,0,0,1,0,0,0,0,0,0,0,0,0,0,0,0,0,0,0,0,0,0,0,0
2,398.0,105.0,503.0,14,0,90.39314223402422,119.0,20,48,0.17342915673088707,0.382687992900845,0,0,108.81547620047047,0.7425137175770137,0,19,251.5,0.0,3.091042453358316,0,0,0,0,0,0,1,0,1,0,0,0,0,0,1,0,0,0,0,1,0,0,0,0,0,0,0,0,0,0,0,0,0,0,0,0,0,0,0,0,0,0,0,1,0,0,0,0,0,0,0,0
8,114.0,328.0,442.0,73,0,87.49690809272316,463.0,7,62,0.04794405546544744,0.27355565944027405,1,0,92.79293464718828,0.5473184865986434,0,20,55.25,0.0,2.70805020110221,0,0,0,0,0,0,0,1,0,0,0,1,1,0,0,0,0,0,0,1,0,0,0,0,0,0,0,0,0,1,0,0,0,0,0,0,0,0,0,0,0,0,0,0,0,0,0,0,0,0,0,0
5,369.0,34.0,403.0,44,0,100.0,124.0,18,94,0.48342464753213304,0.23306402577302152,0,0,112.80503234828463,0.6317676510060904,0,21,80.6,0.0,3.332204510175204,0,0,0,0,0,0,1,0,0,0,1,0,0,1,0,0,0,0,0,1,0,0,0,0,0,0,0,0,0,0,0,0,0,0,0,0,0,1,0,0,0,0,0,0,0,0,0,0,0,0,0,0
1,969.0,72.0,1041.0,30,0,74.11352678950685,106.0,9,34,0.23858915897463434,0.04408562946274181,0,0,80.99974145686193,0.513365343229415,0,22,1041.0,0.0,2.0794415416798357,0,0,0,0,0,1,0,0,0,1,0,0,0,1,0,0,0,0,0,1,0,0,0,0,0,0,0,0,0,0,0,0,0,0,0,0,0,0,0,0,0,0,0,0,1,0,0,0,0,0,0,0
1,1336.0,24.0,1360.0,32,0,71.87364523444552,235.0,12,161,0.4676352695802074,0.14546001297307734,2,0,35.38921490600379,0.282313432252302,0,23,1360.0,0.0,1.3862943611198906,0,0,0,0,0,0,0,1,1,0,0,0,1,0,0,0,0,0,0,1,0,0,0,0,0,0,0,0,0,0,0,0,0,0,0,0,0,0,0,0,0,0,0,0,0,0,0,0,0,1,0,0
1,547.0,309.0,856.0,27,1,59.39728385839969,123.0,11,135,0.041646688413108514,0.288285034955418,0,1,58.194215001010114,0.41062287641088435,0,0,856.0,0.037037037037037035,2.3978952727983707,0,0,0,0,1,0,0,0,0,0,0,1,0,1,0,1,0,0,0,0,0,0,0,0,0,0,0,0,0,0,0,0,0,0,0,0,0,0,0,0,0,0,0,1,0,0,0,0,0,0,0,0
1,152.0,99.0,251.0,167,0,83.3589380097159,201.0,21,159,0.0802322869769177,0.08281116186497824,0,0,174.98965432645934,0.45592847570137457,0,1,251.0,0.0,3.871201010907891,0,0,0,0,0,0,0,1,0,0,1,0,1,0,0,1,0,0,0,0,0,0,0,0,0,0,0,0,0,0,0,0,0,0,0,0,0,0,0,0,1,0,0,0,0,0,0,0,0,0,0,0
3,116.0,43.0,159.0,24,0,76.42241089735606,399.0,14,185,0.04394333834691103,0.1348888586368135,0,1,194.29139621753959,0.6927480941197277,0,2,53.0,0.0,1.9459101490553132,1,0,0,0,0,1,0,0,0,0,0,1,0,0,1,1,0,0,0,0,0,0,0,0,0,0,0,0,0,0,0,0,0,0,1,0,0,0,0,0,0,0,0,0,0,0,0,0,0,0,0,0
5,279.0,121.0,400.0,15,1,82.8151956601282,217.0,6,122,0.2362765464862448,0.38335408134972143,0,0,150.15763895725576,0.6317676510060904,0,3,80.0,0.06666666666666667,2.0794415416798357,1,1,0,1,0,0,0,0,1,0,0,0,0,0,1,1,0,0,0,0,0,0,0,0,0,1,0,0,0,0,0,0,0,0,0,0,0,0,0,0,0,0,0,0,0,0,0,0,0,0,0,0
9,935.0,29.0,964.0,84,0,61.3305093691392,218.0,5,75,0.4820802001687762,0.1758812862598805,0,0,117.67389498999526,0.7165857755541397,0,4,107.11111111111111,0.0,4.912654885736052,0,0,0,0,0,1,0,0,0,0,0,1,0,0,1,1,0,0,0,0,0,0,0,0,0,0,0,0,0,0,0,0,0,0,0,0,0,0,0,0,0,0,0,0,0,0,0,0,1,0,0,0
4,239.0,35.0,274.0,37,0,79.2192502683204,231.0,8,195,0.29253613929522715,0.449733961694611,0,0,64.28078509399839,0.7724013222416988,0,5,68.5,0.0,2.772588722239781,0,0,0,0,0,0,0,1,0,1,0,0,1,0,0,1,0,0,0,0,0,0,0,0,0,0,0,0,0,0,0,0,0,0,0,0,0,0,0,0,1,0,0,0,0,0,0,0,0,0,0,0
2,244.0,22.0,266.0,228,0,77.4623954154473,61.0,5,115,0.33124773443380906,0.5017402233499032,0,0,113.55471897900523,0.6870769715981351,0,6,133.0,0.0,3.6109179126442243,0,0,0,0,0,0,1,0,0,1,0,0,0,0,1,1,0,0,0,0,0,0,0,0,0,0,0,0,0,0,0,0,0,0,0,0,0,0,1,0,0,0,0,0,0,0,0,0,0,0,0,0
1,157.0,34.0,191.0,29,0,76.66842047872424,263.0,4,95,0.09883982842486182,0.30593838393881406,0,1,144.47356990694846,0.5672058599842816,0,7,191.0,0.0,3.8918202981106265,0,0,0,1,0,0,0,0,0,0,1,0,1,0,0,1,0,0,0,0,0,0,0,0,0,0,0,0,0,0,0,0,0,0,0,0,0,0,0,0,0,0,0,0,0,0,0,0,0,0,1,0
3,103.0,489.0,592.0,87,1,66.80080910171371,224.0,2,86,0.24109325754516084,0.0737503508283189,0,1,153.19525089975943,0.5187358645446714,0,8,197.33333333333334,0.011494252873563218,3.912023005428146,0,0,0,0,0,1,0,0,0,0,1,0,0,1,0,1,0,0,0,0,0,0,0,0,0,0,0,0,0,0,0,1,0,0,0,0,0,0,0,0,0,0,0,0,0,0,0,0,0,0,0,0
3,124.0,49.0,173.0,106,0,74.15899438766813,374.0,3,12,0.15048766848292824,0.4017218025188772,0,0,147.55244003260003,0.5558344900455301,0,9,57.666666666666664,0.0,1.9459101490553132,1,0,0,0,1,0,0,0,0,1,0,0,0,1,0,1,0,0,0,0,0,0,0,0,0,0,0,0,0,0,0,0,1,0,0,0,0,0,0,0,0,0,0,0,0,0,0,0,0,0,0,0
3,172.0,183.0,355.0,29,0,99.60369094773614,306.0,36,191,0.1837067897321181,0.05581122534086446,1,0,168.38272270765063,0.7721160645044732,0,10,118.33333333333333,0.0,3.1354942159291497,0,0,0,1,0,0,0,0,0,0,1,0,0,1,0,1,0,0,0,0,0,0,0,0,0,0,0,0,1,0,0,0,0,0,0,0,0,0,0,0,0,0,0,0,0,0,0,0,0,0,0,0
17,982.0,43.0,1025.0,24,0,61.675871684428614,173.0,5,164,0.0926843515533161,0.23732771732920369,0,0,197.7180905684486,0.7117409010020948,0,11,60.294117647058826,0.0,1.9459101490553132,1,0,0,0,0,0,0,1,0,0,0,1,0,1,0,1,0,0,0,0,0,0,0,0,0,0,0,0,0,0,0,0,0,0,0,0,0,0,0,0,0,0,1,0,0,0,0,0,0,0,0,0
8,114.0,253.0,367.0,80,2,83.64532775511549,412.0,34,141,0.07933767789701547,0.16247192630256274,0,0,103.7991059303954,0.7542060937803053,0,12,45.875,0.025,5.5053315359323625,0,0,0,0,0,0,0,1,0,0,1,0,1,0,0,1,0,0,0,0,0,0,0,0,0,0,0,0,0,0,0,0,0,0,0,0,0,0,0,0,0,0,0,0,0,0,1,0,0,0,0,0
6,157.0,35.0,192.0,70,0,40.46579818391533,163.0,11,48,0.12819331681472546,0.16197200844383802,1,0,219.40426096747103,0.9555162138672344,1,13,32.0,0.0,1.9459101490553132,0,0,0,0,0,0,0,1,1,0,0,0,0,1,0,1,0,0,0,0,0,0,0,0,0,0,0,0,0,0,0,0,0,0,0,0,0,0,0,0,0,0,0,0,0,0,0,0,0,0,1,0
1,57.0,114.0,171.0,14,0,83.0233193937895,238.0,8,186,0.23727479967700021,0.25088752677592896,1,1,39.2024980653033,0.5665783482841636,0,14,171.0,0.0,2.3978952727983707,0,0,0,0,1,0,0,0,0,0,1,0,0,1,0,1,0,0,0,0,0,0,0,0,0,0,0,0,0,0,0,0,0,0,0,0,0,0,0,0,0,0,0,0,1,0,0,0,0,0,0,0
2,326.0,116.0,442.0,18,0,52.55814460149894,161.0,3,39,0.38339685099030285,0.07490533041731416,0,0,88.86754217779213,0.4704307482473671,0,15,221.0,0.0,2.3978952727983707,0,0,0,1,0,0,0,0,0,0,1,0,0,0,1,1,0,0,0,0,0,0,0,0,0,0,0,0,0,0,0,0,0,0,0,1,0,0,0,0,0,0,0,0,0,0,0,0,0,0,0,0
3,667.0,1292.3199999999988,2090.0,5,1,68.7003918252089,276.0,9,52,0.018696290725083418,0.32863047104989745,0,0,128.00001013659008,0.758604089692571,0,16,696.6666666666666,0.2,2.0794415416798357,0,0,0,0,1,0,0,0,0,0,0,1,0,1,0,1,0,0,0,0,0,0,0,0,0,0,0,0,0,0,0,0,0,0,1,0,0,0,0,0,0,0,0,0,0,0,0,0,0,0,0,0
1,886.0,219.0,1105.0,71,1,59.24370405894899,153.0,33,18,0.09693904194079102,0.10603676580504075,0,0,141.9610369047366,0.5827005521273909,0,17,1105.0,0.014084507042253521,4.5217885770490405,0,0,0,0,0,0,0,1,0,0,1,0,0,1,0,1,0,0,0,0,0,0,0,0,0,0,0,0,0,0,0,0,0,0,0,0,0,0,0,0,0,0,0,0,0,1,0,0,0,0,0,0
4,185.0,57.0,242.0,36,1,72.41266206060725,634.0,26,61,0.3771738284960595,0.20364413692157107,0,0,112.73457385093637,0.46934415611838637,0,18,60.5,0.027777777777777776,5.480638923341991,0,0,0,1,0,0,0,0,0,0,0,1,0,0,1,1,0,0,0,0,0,0,0,0,0,0,0,0,0,0,1,0,0,0,0,0,0,0,0,0,0,0,0,0,0,0,0,0,0,0,0,0
4,279.0,233.0,512.0,39,0,85.06552438041395,822.0,10,68,0.06944401630837257,0.04663110682285291,0,0,100.16936241013417,0.5939422518289447,0,19,128.0,0.0,2.8903717578961645,0,0,0,0,0,0,0,1,0,0,1,0,0,0,1,1,0,0,0,0,0,0,0,0,0,0,0,0,0,0,0,0,0,0,0,0,0,0,0,0,0,0,0,0,0,0,0,1,0,0,0,0
1,125.0,1155.0,1280.0,11,0,52.71224083527572,369.0,4,160,0.3233529576740089,0.11444232747069386,0,0,208.10341656019853,0.6931361515373198,0,20,1280.0,0.0,2.1972245773362196,0,0,0,0,0,0,0,1,1,0,0,0,1,0,0,1,0,0,0,0,0,0,0,0,0,0,0,1,0,0,0,0,0,0,0,0,0,0,0,0,0,0,0,0,0,0,0,0,0,0,0,0
8,265.0,18.0,283.0,18,1,70.68624372581233,589.0,4,68,0.3658944049784922,0.07529414329869343,1,0,98.25909695620761,0.7504196876002911,0,21,35.375,0.05555555555555555,1.3862943611198906,1,0,0,0,0,0,1,0,1,0,0,0,0,0,1,1,0,0,0,0,0,0,0,0,0,0,0,0,0,0,0,0,0,0,0,0,0,0,0,0,0,0,0,0,1,0,0,0,0,0,0,0
3,209.0,43.0,252.0,30,0,68.83957477420732,68.0,4,191,0.11072854217396348,0.10564076737321579,0,0,79.22504163078253,0.33101265741416175,0,22,84.0,0.0,3.091042453358316,1,0,0,0,0,0,0,1,0,1,0,0,1,0,0,1,0,0,0,0,0,0,0,0,0,0,0,0,0,0,0,0,0,0,0,1,0,0,0,0,0,0,0,0,0,0,0,0,0,0,0,0
1,158.0,84.0,242.0,26,2,93.9725842064625,74.0,22,64,0.38903219332416705,0.1461300088599748,0,0,187.63302611528798,0.6806661774046534,0,23,242.0,0.07692307692307693,3.044522437723423,0,1,0,0,0,0,1,0,0,1,0,0,0,1,0,1,0,0,0,0,0,0,0,0,0,0,0,0,0,0,0,0,0,0,0,1,0,0,0,0,0,0,0,0,0,0,0,0,0,0,0,0
3,172.0,69.0,241.0,49,0,80.18113209420342,159.0,28,107,0.14706773479544608,0.11080579001259469,1,0,153.966107646384,0.8138242669431298,0,0,80.33333333333333,0.0,2.772588722239781,0,0,1,0,0,0,0,1,0,0,1,0,0,1,0,0,0,1,0,0,0,0,0,0,0,0,0,0,0,0,0,0,0,0,0,0,0,0,0,0,1,0,0,0,0,0,0,0,0,0,0,0
4,243.0,76.0,319.0,71,0,60.87339464071893,206.0,10,120,0.20502040761871282,0.19152036401715833,0,0,163.78868886990813,0.5241395055620897,0,1,79.75,0.0,3.5263605246161616,0,0,1,0,0,0,1,0,1,0,0,0,0,0,1,0,0,1,0,0,0,0,0,0,1,0,0,0,0,0,0,0,0,0,0,0,0,0,0,0,0,0,0,0,0,0,0,0,0,0,0,0
7,107.0,26.0,133.0,274,0,69.34446745163521,174.0,7,166,0.20925418316279407,0.025207600795421104,0,1,127.83484950302129,0.6517974848057219,0,2,19.0,0.0,3.6635616461296463,0,0,1,0,0,0,1,0,0,1,0,0,0,1,0,0,0,1,0,0,0,0,0,1,0,0,0,0,0,0,0,0,0,0,0,0,0,0,0,0,0,0,0,0,0,0,0,0,0,0,0,0
2,113.0,515.0,628.0,43,0,74.15899438766813,63.0,26,151,0.27484398048688885,0.21858241712761012,0,0,64.96053236688375,0.6644280131775719,0,3,314.0,0.0,3.6109179126442243,0,1,1,1,0,0,0,0,1,0,0,0,0,1,0,0,0,1,0,0,0,0,0,0,0,0,0,0,0,0,0,0,0,0,0,0,0,0,0,0,0,0,0,0,1,0,0,0,0,0,0,0
6,970.0,22.0,992.0,109,1,83.5723838012883,448.0,4,174,0.22269667361203313,0.0973686628092074,0,0,123.38478859330347,0.5193344321081728,0,4,165.33333333333334,0.009174311926605505,3.044522437723423,0,1,1,1,0,0,0,0,0,1,0,0,0,0,1,0,0,1,0,0,0,0,0,0,0,0,1,0,0,0,0,0,0,0,0,0,0,0,0,0,0,0,0,0,0,0,0,0,0,0,0,0
3,2143.49,88.0,2506.4799999999996,23,0,63.981198451134944,905.0,9,187,0.2529585199050543,0.3415989640399484,0,0,59.452496211552784,0.6317676510060904,0,5,835.4933333333332,0.0,2.3978952727983707,1,0,1,0,0,0,1,0,0,0,1,0,0,0,1,0,0,1,0,0,0,0,0,0,0,0,0,0,1,0,0,0,0,0,0,0,0,0,0,0,0,0,0,0,0,0,0,0,0,0,0,0
1,39.0,347.0,386.0,11,0,71.79515353940293,491.0,12,27,0.3222761474000851,0.1302398757231076,0,1,129.69228262378945,0.5912157522093636,0,6,386.0,0.0,3.912023005428146,0,0,1,1,0,0,0,0,1,0,0,0,0,1,0,0,0,1,0,0,0,0,0,0,0,0,0,0,0,0,0,0,0,0,0,0,0,1,0,0,0,0,0,0,0,0,0,0,0,0,0,0
1,37.0,106.0,143.0,33,1,72.17869021910222,428.0,4,23,0.32367030425150195,0.22400569300796566,1,0,146.1361173512164,0.5282503751080094,0,7,143.0,0.030303030303030304,3.332204510175204,0,0,1,0,0,0,0,1,0,0,1,0,0,1,0,0,0,1,0,0,0,0,0,0,0,0,0,0,0,0,0,0,0,0,0,0,0,1,0,0,0,0,0,0,0,0,0,0,0,0,0,0
8,51.0,37.0,88.0,12,1,68.54421687413033,234.0,5,92,0.388033608163458,0.07094980357070732,0,0,163.0167875033153,0.4588648352968759,0,8,11.0,0.08333333333333333,4.110873864173311,0,0,1,0,1,0,0,0,0,0,1,0,0,1,0,0,0,1,0,0,0,0,0,0,0,0,0,0,0,0,0,0,0,0,0,0,0,0,0,0,0,0,0,0,0,0,0,1,0,0,0,0
8,132.0,24.0,156.0,45,1,54.477454124139726,111.0,5,34,0.15080664054290246,0.2691337340455742,1,1,116.30447600796371,0.8352471913492105,0,9,19.5,0.022222222222222223,4.02535169073515,0,0,1,0,0,0,0,1,0,0,0,1,0,1,0,0,0,1,0,0,0,0,0,0,0,0,0,0,0,0,0,0,0,0,0,0,0,0,0,0,0,0,0,0,0,0,0,0,0,0,0,1
4,397.0,85.0,482.0,23,2,66.86853941532038,210.0,24,101,0.1006805835923599,0.11835754152159045,0,0,149.92358577543655,0.6317676510060904,0,10,120.5,0.08695652173913043,2.0794415416798357,0,0,1,0,0,0,0,1,0,0,1,0,1,0,0,0,0,1,0,0,0,0,0,0,0,0,0,0,0,1,0,0,0,0,0,0,0,0,0,0,0,0,0,0,0,0,0,0,0,0,0,0
10,284.0,47.0,331.0,9,1,91.67039167038449,874.0,34,120,0.06783741088246896,0.17325169924975553,0,1,83.84617838654117,0.7045152690012144,0,11,33.1,0.1111111111111111,2.0794415416798357,0,0,1,0,0,0,1,0,0,0,0,1,0,1,0,0,0,1,0,0,0,0,0,0,1,0,0,0,0,0,0,0,0,0,0,0,0,0,0,0,0,0,0,0,0,0,0,0,0,0,0,0
7,179.0,137.0,316.0,179,0,70.42626615526589,156.0,9,58,0.2075472295526804,0.2233298605663198,0,0,158.66525829870932,0.6802675621560599,1,12,45.142857142857146,0.0,2.6390573296152584,0,0,1,0,0,0,0,1,1,0,0,0,1,0,0,0,0,1,0,0,0,0,1,0,0,0,0,0,0,0,0,0,0,0,0,0,0,0,0,0,0,0,0,0,0,0,0,0,0,0,0,0
5,265.0,23.0,288.0,29,1,73.76095643446897,145.0,7,24,0.12337181772207574,0.3841109032598995,0,0,146.9831174431967,0.4487961515774409,0,13,57.6,0.034482758620689655,2.3978952727983707,0,0,1,1,0,0,0,0,0,0,1,0,1,0,0,0,0,1,0,0,0,0,0,0,0,0,0,0,0,0,0,0,0,0,0,0,0,0,0,0,1,0,0,0,0,0,0,0,0,0,0,0
1,69.0,268.0,337.0,12,2,76.68630776224289,434.0,5,193,0.18151530168812313,0.12095843730463084,0,0,87.98969610853771,0.5238310585260194,0,14,337.0,0.16666666666666666,3.9889840465642745,0,0,1,0,0,1,0,0,0,0,1,0,0,1,0,0,0,1,0,0,0,0,0,0,0,0,0,0,0,0,0,0,0,0,0,0,1,0,0,0,0,0,0,0,0,0,0,0,0,0,0,0
13,113.0,124.0,237.0,91,0,74.15899438766813,455.0,9,77,0.21438833466784246,0.09045824022738587,0,0,141.21450574306766,0.2814319629952291,0,15,18.23076923076923,0.0,3.6375861597263857,0,0,1,0,0,0,0,1,1,0,0,0,0,1,0,0,0,1,0,0,0,0,0,0,0,0,0,0,0,1,0,0,0,0,0,0,0,0,0,0,0,0,0,0,0,0,0,0,0,0,0,0
