files_changed,lines_added,lines_deleted,churn,test_count,test_failures,coverage,pipeline_duration_s,jobs_total,message_length,prev_7d_failure_rate,prev_30d_failure_rate,flaky_tests_count,infra_alerts_count,artifact_size_mb,cache_hit_rate,security_alerts_count,hour,churn_per_file,test_fail_rate,author_experience_log,had_hotfix_keyword,dependency_updates,is_weekend,repo_backend-api,repo_frontend-web,repo_infra-terraform,repo_ml-pipeline,repo_mobile-app,trigger_manual,trigger_pullrequest,trigger_push,trigger_schedule,runner_os_macos-latest,runner_os_ubuntu-latest,runner_os_windows-latest,day_of_week_Friday,day_of_week_Monday,day_of_week_Saturday,day_of_week_Sunday,day_of_week_Thursday,day_of_week_Tuesday,day_of_week_Wednesday,author_dev1,author_dev10,author_dev11,author_dev12,author_dev13,author_dev14,author_dev15,author_dev16,author_dev17,author_dev18,author_dev19,author_dev2,author_dev20,author_dev21,author_dev22,author_dev23,author_dev24,author_dev25,author_dev26,author_dev27,author_dev28,author_dev29,author_dev3,author_dev30,author_dev4,author_dev5,author_dev6,author_dev7,author_dev8,author_dev9
0.11764705882352941,0.11922553391222718,0.07851856458735003,0.13048371247181437,0.07754442649434572,0.3333333333333333,0.7051764775331816,0.15841155518822447,0.04054054054054054,0.5103092783505154,0.4635445582311878,0.3140103367885145,0.0,0.0,0.5498342531541618,0.45763766287441565,0.0,0.0,0.020053058073796662,0.057692307692307696,0.6351864591358805,0,1,1,0,1,0,0,0,0,0,1,0,0,0,1,0,0,0,1,0,0,0,0,0,0,0,0,0,0,0,0,0,0,0,0,0,0,0,1,0,0,0,0,0,0,0,0,0,0,0,0,0
0.058823529411764705,0.03943205820229993,0.010106349897381687,0.025284506766592323,0.22132471728594508,0.3333333333333333,0.975644783118379,0.38372985418265554,0.08108108108108109,0.5876288659793815,0.11020764353354644,0.19873459904988827,0.0,0.0,0.3824834041307839,0.6878052151693896,0.0,0.043478260869565216,0.010294312868444214,0.02127659574468085,0.30924428879084803,0,1,1,0,0,0,1,0,0,0,1,0,0,0,1,0,0,0,1,0,0,0,0,0,0,0,0,0,0,0,0,0,0,0,0,1,0,0,0,0,0,0,0,0,0,0,0,0,0,0,0,0
0.0392156862745098,0.02722835015254635,0.018657876733627732,0.019168273876753832,0.04361873990306947,0.0,0.5584667058911453,0.08953696597595295,0.06756756756756757,0.09278350515463918,0.05855956608813194,0.26299475601430194,0.0,0.0,0.33791019257345356,0.605805735286774,0.0,0.08695652173913043,0.012158556591883862,0.0,0.0,0,0,1,0,0,0,1,0,0,0,0,1,1,0,0,0,0,0,1,0,0,0,0,0,0,0,0,0,0,0,0,0,0,0,0,0,0,0,0,0,0,0,1,0,0,0,0,0,0,0,0,0
0.13725490196078433,0.08590002346866932,0.020212699794763374,0.07095237901071973,0.033925686591276254,0.3333333333333333,0.575441423194665,0.12495818328512116,0.10810810810810811,0.015463917525773196,0.436334252156217,0.21656853436366974,0.0,0.0,0.48128511223406567,0.7376695655344803,0.0,0.13043478260869565,0.010094572469504251,0.12000000000000001,0.13914927256856027,0,0,1,0,0,0,0,1,1,0,0,0,0,0,1,0,0,0,1,0,0,0,0,0,0,0,0,0,0,0,0,0,0,0,0,0,0,0,0,0,0,0,0,1,0,0,0,0,0,0,0,0
0.058823529411764705,0.004698427599155128,0.19279805958081989,0.09093207311752546,0.03877221324717286,0.3333333333333333,0.8889199678017509,0.1593954778912569,0.24324324324324326,0.6082474226804123,0.21471187300319536,0.015509759010375462,0.3333333333333333,0.0,0.5888499242608639,0.5556607523705442,0.0,0.17391304347826086,0.026373414983111184,0.10714285714285714,0.6998856840369311,0,0,1,0,0,0,0,1,0,0,1,0,0,0,1,0,0,0,1,0,0,0,0,0,0,0,0,0,0,0,0,0,0,0,0,0,1,0,0,0,0,0,0,0,0,0,0,0,0,0,0,0
0.0392156862745098,0.14410232339826332,0.10728279121835944,0.1671811098108453,0.05492730210016155,0.3333333333333333,0.473955573907482,0.0747781254304662,0.05405405405405406,0.1958762886597938,0.3388477461555989,0.18623842538819804,0.0,0.5,0.41913554357435256,0.8482543848490568,0.0,0.21739130434782608,0.06049573313535475,0.07894736842105263,0.3705496443958529,0,0,1,0,0,1,0,0,0,0,1,0,0,0,1,0,0,0,1,0,0,0,0,0,0,1,0,0,0,0,0,0,0,0,0,0,0,0,0,0,0,0,0,0,0,0,0,0,0,0,0,0
0.17647058823529413,0.017840882421966672,0.1624790098886748,0.08644683566497723,0.05977382875605816,0.3333333333333333,0.31905224341394933,0.13086171950331585,0.24324324324324326,0.6134020618556701,0.257159969601714,0.4937812332407649,0.0,0.0,0.15835741093569838,0.5008086277846705,0.0,0.2608695652173913,0.009335558953532396,0.07317073170731708,0.30924428879084803,0,0,1,0,1,0,0,0,0,0,1,0,1,0,0,0,0,0,1,0,0,0,0,0,0,0,0,0,0,0,0,1,0,0,0,0,0,0,0,0,0,0,0,0,0,0,0,0,0,0,0,0
0.0392156862745098,0.09857310490495189,0.006219292244542577,0.07462211874462281,0.029079159935379646,0.0,0.5696891060085378,0.32764626010980585,0.10810810810810811,0.02577319587628866,0.1287447381100707,0.030172973191187304,0.0,0.0,0.3139559224093228,0.6471987577123778,0.0,0.30434782608695654,0.030268352762440453,0.0,0.7388624972332932,0,0,1,0,0,0,1,0,0,0,1,0,1,0,0,0,0,0,1,0,0,0,0,0,0,0,1,0,0,0,0,0,0,0,0,0,0,0,0,0,0,0,0,0,0,0,0,0,0,0,0,0
0.0196078431372549,0.032860830790894156,0.011661172958517332,0.020391520454721528,0.006462035541195477,0.0,0.7987425728640262,0.0728102800244013,0.5945945945945946,0.8041237113402062,0.7229249479853473,0.14524684262238743,0.0,0.0,0.47504177315643925,0.2664651511627355,0.0,0.34782608695652173,0.019482371219682482,0.0,0.6713157073472898,0,1,1,1,0,0,0,0,0,0,1,0,1,0,0,0,0,0,1,0,0,0,0,0,0,0,0,0,0,0,0,0,1,0,0,0,0,0,0,0,0,0,0,0,0,0,0,0,0,0,0,0
0.0,0.045533912227176725,0.17258535978605652,0.115804753536202,0.03877221324717286,0.0,0.6558407092604621,0.157427632485192,0.13513513513513514,0.32989690721649484,0.48653434374078247,0.5544624046233496,0.0,0.0,0.6287276630605768,0.5887722353106825,0.0,0.391304347826087,0.13373387941334094,0.0,0.44839356135940844,0,0,1,0,1,0,0,0,1,0,0,0,0,1,0,0,0,0,1,0,0,0,0,0,0,0,0,0,0,0,0,0,0,0,0,0,0,0,0,1,0,0,0,0,0,0,0,0,0,0,0,0
0.0784313725490196,0.023942736446843464,0.0,0.006120310378431716,0.0888529886914378,0.0,0.5643073938121995,0.28435366117637806,0.0945945945945946,0.4484536082474227,0.24532854709590132,0.21699681371899912,0.0,0.5,0.15504513542489423,0.8427924439301734,0.5,0.43478260869565216,0.0042222047406693585,0.0,0.39064139524608293,0,0,1,0,0,0,0,1,0,0,1,0,0,0,1,0,0,0,1,0,0,0,0,0,0,1,0,0,0,0,0,0,0,0,0,0,0,0,0,0,0,0,0,0,0,0,0,0,0,0,0,0
0.13725490196078433,0.052105139638582494,0.323403196716214,0.20061651627529573,0.07269789983844911,0.3333333333333333,0.2942656338411585,0.0708424346183364,0.16216216216216217,0.34536082474226804,0.178604303687554,0.3433501305183836,0.0,0.5,0.5276121310567429,0.6529208931081765,0.0,0.4782608695652174,0.02597393418523126,0.061224489795918366,0.42564283169636397,0,0,1,0,0,1,0,0,0,0,1,0,0,1,0,0,0,0,1,0,0,0,0,0,0,0,0,0,0,1,0,0,0,0,0,0,0,0,0,0,0,0,0,0,0,0,0,0,0,0,0,0
0.0392156862745098,0.5501103027458343,0.006219292244542577,0.4668765214129314,0.18093699515347333,0.0,0.5720299905873102,0.384713776885688,0.08108108108108109,0.4175257731958763,0.42699389917819547,0.052221801335099516,0.3333333333333333,0.5,0.5182572631283745,0.42638132476978796,0.0,0.5217391304347826,0.1583685286159363,0.0,0.4873703745557706,0,0,1,0,0,0,1,0,0,0,1,0,0,0,1,0,0,0,1,0,0,0,0,0,0,0,0,0,0,0,0,0,0,1,0,0,0,0,0,0,0,0,0,0,0,0,0,0,0,0,0,0
0.1568627450980392,0.31354611593522647,0.21145593631444762,0.3690167951755155,0.3376413570274637,0.0,0.8301113961906496,0.1672668595155165,0.013513513513513514,0.5309278350515464,0.3964063616654874,0.34177374780821407,0.3333333333333333,0.0,0.3751175607798551,0.9100205872856221,0.0,0.5652173913043478,0.04127626808179838,0.0,0.7319985819404315,0,0,1,0,0,0,1,0,0,0,1,0,1,0,0,0,0,0,1,0,0,0,0,0,0,0,0,0,0,0,0,0,0,0,0,0,0,1,0,0,0,0,0,0,0,0,0,0,0,0,0,0
0.0,0.09669561135883595,0.027209403569873773,0.08400034250904183,0.1260096930533118,0.0,0.33708382318608854,0.1357813330184781,0.08108108108108109,0.6443298969072165,0.5801115548199592,0.0825577626310285,0.0,0.5,0.3463180051031597,0.5063096164276537,0.0,0.6086956521739131,0.10257437717870682,0.0,0.5199960440419653,0,0,1,0,0,0,1,0,0,0,1,0,0,1,0,0,0,0,1,0,0,0,0,0,0,0,0,0,1,0,0,0,0,0,0,0,0,0,0,0,0,0,0,0,0,0,0,0,0,0,0,0
0.0392156862745098,0.061492607369162164,0.26587474345419515,0.17859807787187718,0.21163166397415187,0.0,0.5347866475450307,0.00885530432729205,0.08108108108108109,0.6907216494845361,0.48235002380219527,0.5244632264705261,0.0,0.0,0.31452758477160747,0.9329207886497045,0.0,0.6521739130434783,0.06422422058223405,0.0,0.5764895855592514,0,0,1,0,0,0,1,0,0,1,0,0,0,1,0,0,0,0,1,0,0,0,0,0,0,0,0,1,0,0,0,0,0,0,0,0,0,0,0,0,0,0,0,0,0,0,0,0,0,0,0,0
0.0392156862745098,0.16991785965735742,1.0,1.0,0.1260096930533118,0.0,0.5062638289225424,0.11216718814569931,0.013513513513513514,0.9948453608247423,0.3249803350934313,0.13415705167086614,0.0,0.0,0.5011678037658145,0.4719350454567735,0.0,0.6956521739130435,0.33247291315328426,0.0,0.6540627675317016,1,0,1,0,0,0,0,1,0,1,0,0,0,0,1,0,0,0,1,0,0,0,0,0,0,0,0,0,0,1,0,0,0,0,0,0,0,0,0,0,0,0,0,0,0,0,0,0,0,0,0,0
0.0,0.23516076038488617,0.0023322345917034665,0.1912382925108767,0.2762520193861066,0.3333333333333333,0.5696891060085378,0.21547907196410657,0.0945945945945946,0.17525773195876287,0.16144527292744867,0.47664699646639497,0.0,0.0,0.7109765587948319,0.8163865684128729,0.0,0.7391304347826086,0.207637827021127,0.017142857142857144,0.44839356135940844,0,0,1,0,1,0,0,0,1,0,0,0,1,0,0,0,0,0,1,0,0,0,0,0,0,0,0,0,0,0,0,0,0,0,0,0,0,0,0,0,0,0,0,0,0,0,0,0,0,1,0,0
0.4117647058823529,0.021595869514198545,0.1788046520305991,0.09827155258533164,0.31017770597738287,0.0,0.6332354531637814,0.6287266072377355,0.013513513513513514,0.8711340206185567,0.22093777429297606,0.06903239906185063,0.3333333333333333,0.0,0.7260770305251445,0.5190628372896079,0.0,0.782608695652174,0.004066044065134478,0.0,0.5802420306161505,0,0,1,0,0,1,0,0,1,0,0,0,1,0,0,0,0,0,1,0,0,0,0,0,0,0,0,0,0,0,0,1,0,0,0,0,0,0,0,0,0,0,0,0,0,0,0,0,0,0,0,0
0.0392156862745098,0.0577376202769303,0.0069967037751103986,0.03955571684288213,0.1470113085621971,0.0,0.6722781001357993,0.2538520573823721,0.08108108108108109,0.6030927835051546,0.09795633710364139,0.28486995389463915,0.0,0.0,0.23204002863071402,0.7627157359084549,0.0,0.8260869565217391,0.018816569889882607,0.0,0.39064139524608293,0,1,1,0,0,0,0,1,0,0,0,1,0,0,1,0,0,0,1,0,0,0,0,0,0,0,0,0,0,0,0,0,0,0,0,0,0,1,0,0,0,0,0,0,0,0,0,0,0,0,0,0
0.0196078431372549,0.0032903074395681763,0.13138254866596194,0.05749666665307504,0.11954765751211632,0.0,0.6701842455551864,0.39356908121298,0.12162162162162163,0.30927835051546393,0.11926552572635783,0.419282864018781,0.3333333333333333,0.0,0.4314201440548096,0.7611502611706037,0.0,0.8695652173913043,0.03765874752321906,0.0,0.0,0,0,1,0,0,0,0,1,0,0,1,0,0,0,1,0,0,0,1,0,0,0,0,0,1,0,0,0,0,0,0,0,0,0,0,0,0,0,0,0,0,0,0,0,0,0,0,0,0,0,0,0
0.0392156862745098,0.23328326683877024,0.0629703339759936,0.2214117081007466,0.05331179321486268,0.3333333333333333,0.38850077359468616,0.04427652163646025,0.10810810810810811,0.9175257731958762,0.2713349025252715,0.22979295649058742,0.0,0.0,0.004460078637159499,0.803224317684404,0.0,0.9130434782608695,0.07820604850803142,0.08108108108108109,0.05775216611332546,0,0,1,1,0,0,0,0,0,0,1,0,0,1,0,0,0,0,1,0,0,0,0,0,0,0,0,0,0,0,0,0,0,0,0,0,0,0,0,0,0,0,0,0,0,0,1,0,0,0,0,0
0.0,0.6688617695376672,0.09328938366813866,0.615704855065668,0.0630048465266559,0.0,0.2547817519668903,0.14070094653364035,0.06756756756756757,0.7061855670103093,0.39470287535495335,0.42427549890402527,0.0,0.0,0.494439114432325,0.44470044040435436,0.0,0.9565217391304348,0.6234973376141286,0.0,0.44839356135940844,0,1,1,0,1,0,0,0,0,0,1,0,0,0,1,0,0,0,1,0,0,0,0,0,0,1,0,0,0,0,0,0,0,0,0,0,0,0,0,0,0,0,0,0,0,0,0,0,0,0,0,0
0.0,0.06994132832668387,0.026431992039305952,0.060350908668333,0.048465266558966075,0.0,0.6361260371020319,0.42308676230395353,0.0945945945945946,0.18556701030927836,0.14957550731527255,0.0844547791348032,0.3333333333333333,0.0,0.5983769005352599,0.4081434226735309,0.0,1.0,0.07940449090167119,0.0,0.5391295593473825,0,0,1,0,0,1,0,0,0,1,0,0,0,1,0,0,0,0,1,0,0,0,0,0,0,0,0,0,0,0,0,0,0,0,0,0,0,0,0,0,0,0,0,0,0,0,0,0,1,0,0,0
0.11764705882352941,0.00047406712039427354,0.196685117233659,0.0893010776802352,0.11147011308562198,0.0,0.48259745573761836,0.06592282110317416,0.05405405405405406,0.17525773195876287,0.3585863839260872,0.21834370452563584,0.3333333333333333,0.0,0.8054834773731956,0.5981572186414756,0.0,0.0,0.01428912084724346,0.0,0.46882643372838395,0,0,0,0,0,0,1,0,1,0,0,0,0,1,0,0,1,0,0,0,0,0,0,0,0,1,0,0,0,0,0,0,0,0,0,0,0,0,0,0,0,0,0,0,0,0,0,0,0,0,0,0
0.0196078431372549,0.1295517484158648,0.012438584489085153,0.10479553433449271,0.033925686591276254,0.0,0.951038196953154,0.34732471417045485,0.10810810810810811,0.6597938144329897,0.2857339188049121,0.1805849938952829,0.3333333333333333,0.0,0.0910747742935322,0.41507939265631594,0.0,0.043478260869565216,0.060828633800254696,0.0,0.4813773932340571,0,1,0,0,0,0,1,0,0,1,0,0,0,0,1,0,1,0,0,0,0,0,0,0,0,0,0,0,0,0,0,0,1,0,0,0,0,0,0,0,0,0,0,0,0,0,0,0,0,0,0,0
0.0,0.019249002581553626,0.3296224889607566,0.17533608699729664,0.05492730210016155,0.3333333333333333,0.9602696682607675,0.2892732746915403,0.10810810810810811,0.7319587628865979,0.1887431004647225,0.16251372270142944,0.0,0.0,0.2396833605094204,0.32267326690139714,0.0,0.08695652173913043,0.19205807590380997,0.07894736842105263,0.7944947918480013,0,0,0,0,0,0,0,1,0,1,0,0,0,1,0,0,1,0,0,0,0,0,0,0,0,0,0,0,0,0,0,0,0,0,0,0,0,0,0,0,0,0,0,0,0,0,1,0,0,0,0,0
0.1568627450980392,0.02722835015254635,0.049754337956340614,0.03547822824965647,0.0032310177705977385,0.3333333333333333,0.9814873191884074,0.1987523860125549,0.04054054054054054,0.041237113402061855,0.6310007185966244,0.1246239671268812,0.0,0.0,0.501876484280234,0.4290242464976736,0.0,0.13043478260869565,0.004967902230045217,0.5,0.22054637902379515,0,0,0,0,0,1,0,0,0,1,0,0,0,0,1,0,1,0,0,0,0,0,0,0,0,0,0,0,0,0,0,0,0,0,0,0,0,1,0,0,0,0,0,0,0,0,0,0,0,0,0,0
0.1568627450980392,0.13236798873503872,0.013215996019652976,0.10764977634975066,0.27948303715670436,0.6666666666666666,0.39583419734871095,0.11708680166086156,0.12162162162162163,0.6288659793814433,0.07879583548159065,0.3106149952540061,0.0,0.0,0.12683736052068845,0.7930468400315939,0.0,0.17391304347826086,0.012824357921683738,0.03389830508474576,0.4410927580475902,0,0,0,0,0,0,0,1,0,0,0,1,1,0,0,0,1,0,0,0,0,0,0,0,0,0,0,0,0,0,0,0,0,0,0,0,0,0,0,0,0,0,0,0,0,0,0,0,0,1,0,0
0.0784313725490196,0.08590002346866932,0.4889918527271601,0.3168249411822271,0.05331179321486268,0.3333333333333333,0.6974690606726749,0.05903536218194701,0.12162162162162163,0.5309278350515464,0.09993867014730609,0.29113458378623047,0.0,0.0,0.5078505006904149,0.3809665901698565,0.0,0.21739130434782608,0.06510307833756988,0.08108108108108109,0.4988449241609157,0,0,0,0,0,0,0,1,0,0,1,0,1,0,0,0,1,0,0,0,0,0,0,0,0,0,0,0,0,0,0,0,0,0,0,0,0,0,0,0,0,1,0,0,0,0,0,0,0,0,0,0
0.0196078431372549,0.03426895095048111,0.07463150693451093,0.05464242463781708,0.09693053311793215,0.0,0.75773357400117,0.6434854477832224,0.0945945945945946,0.9742268041237113,0.2948029555638023,0.15040961074644524,0.0,0.0,0.6037719873636638,0.9541690550428988,0.0,0.2608695652173913,0.03626056473063932,0.0,0.44839356135940844,0,0,0,0,0,0,0,1,0,0,1,0,1,0,0,0,1,0,0,0,0,0,0,0,0,0,0,0,0,0,0,0,0,0,0,0,1,0,0,0,0,0,0,0,0,0,0,0,0,0,0,0
0.0196078431372549,0.027697723539075333,0.6918962622053617,0.3726865349094186,0.2245557350565428,0.0,0.7352333963297053,0.266643052521794,0.6486486486486487,0.7422680412371134,0.218855507203735,0.4063049736840546,0.0,0.0,0.19856736010327822,0.9241356459274039,0.0,0.30434782608695654,0.19205807590380997,0.0,0.44839356135940844,0,0,0,1,0,0,0,0,1,0,0,0,0,1,0,0,1,0,0,0,0,0,0,0,0,0,0,0,0,0,0,0,0,0,0,0,0,0,0,0,0,0,0,0,0,0,0,0,0,0,0,1
0.0,0.07369631541891575,0.32262578518564616,0.21896521494481122,0.0840064620355412,0.0,0.5128754626283993,0.2105594584489443,0.0945945945945946,0.9123711340206185,0.45403048869801454,0.6422062051213739,0.3333333333333333,0.0,0.4994185115100183,0.7039609404897476,0.0,0.34782608695652173,0.23480252127696188,0.0,0.1700950162222878,1,0,0,0,1,0,0,0,0,0,1,0,1,0,0,0,1,0,0,0,0,0,0,0,0,0,0,0,0,0,1,0,0,0,0,0,0,0,0,0,0,0,0,0,0,0,0,0,0,0,0,0
0.0,0.03802393804271298,0.03031904969214506,0.03466273053101134,0.22132471728594508,0.0,0.8393054319714728,0.1082314973335695,0.08108108108108109,0.030927835051546393,0.4330199568673913,0.21299994307336842,0.3333333333333333,0.0,0.21326587270362993,0.5668121018782043,0.0,0.391304347826087,0.05423720063523593,0.0,0.697826691982443,0,0,0,0,0,0,0,1,1,0,0,0,1,0,0,0,1,0,0,0,0,0,0,0,0,0,0,0,0,0,0,0,0,0,0,0,0,0,0,0,0,0,0,0,0,0,1,0,0,0,0,0
0.0,0.014085895329734803,0.07307668387337528,0.036293725968301604,0.01938610662358643,0.0,0.5837886570885716,0.16234724600035427,0.06756756756756757,0.7680412371134021,0.2095935938519654,0.050035343329476095,0.0,0.5,0.7638764721942384,0.5981572186414756,0.5,0.43478260869565216,0.05583512382675564,0.0,0.32309460536007956,0,0,0,0,0,1,0,0,0,0,1,0,0,0,1,0,1,0,0,0,0,0,0,0,0,0,0,0,0,0,0,0,0,0,0,0,0,0,0,0,0,0,0,0,1,0,0,0,0,0,0,0
0.0196078431372549,0.04177892513494485,0.09251197213757083,0.07054463015139716,0.48465266558966075,0.0,0.6092928051063389,0.1810417773579708,0.04054054054054054,0.33505154639175255,0.28766931058557227,0.15941504744353108,0.0,0.0,0.5151775309765539,0.5839078394870559,0.0,0.4782608695652174,0.04405044028929785,0.0,0.8092806109024875,0,0,0,0,1,0,0,0,0,0,1,0,0,1,0,0,1,0,0,0,0,0,0,0,0,0,0,0,0,0,0,0,0,0,0,0,0,0,0,0,0,0,0,1,0,0,0,0,0,0,0,0
0.0,0.09481811781272001,0.4532309223210403,0.30581572198051776,0.16478190630048464,0.0,0.27639309090225533,0.22138260818230127,0.17567567567567569,0.5515463917525774,0.20248522784557582,0.4688101338416791,0.0,0.0,0.33501021891732496,0.8429931460869383,0.0,0.5217391304347826,0.31989193122538584,0.0,0.4410927580475902,0,0,0,0,0,1,0,0,0,1,0,0,1,0,0,0,1,0,0,0,0,0,0,0,0,0,0,0,0,0,0,0,0,0,0,0,0,0,0,1,0,0,0,0,0,0,0,0,0,0,0,0
0.0,0.051166392865524525,0.13293737172709758,0.09990254802262191,0.07754442649434572,0.0,0.712535194041148,0.2892732746915403,0.05405405405405406,0.8814432989690721,0.10122900215633096,0.018116485076832823,0.0,0.0,0.2077482598757463,0.605521727343559,0.0,0.5652173913043478,0.11815412829602388,0.0,0.44839356135940844,0,1,0,0,0,1,0,0,0,0,0,1,0,1,0,0,1,0,0,0,0,0,0,0,0,0,0,0,0,0,0,0,0,0,0,0,0,0,0,0,0,0,0,0,0,0,0,1,0,0,0,0
0.0392156862745098,0.008453414691386997,0.09873126438211341,0.04485645201407549,0.21809369951534732,0.3333333333333333,0.5316564494963264,0.07379420272743376,0.06756756756756757,0.8711340206185567,0.14545889173173684,0.09496381723677942,0.0,0.0,0.554011581041406,0.14246413499946023,0.0,0.6086956521739131,0.02054765334736228,0.02158273381294964,0.4335163885079065,0,0,0,1,0,0,0,0,0,0,0,1,0,0,1,0,1,0,0,0,0,0,0,0,0,0,0,0,0,0,0,0,0,0,0,0,0,0,0,0,0,0,0,0,0,0,0,0,0,0,0,1
0.058823529411764705,0.20042712978174138,0.06374774550656141,0.19327703680748953,0.0210016155088853,0.3333333333333333,0.676569109450899,0.030501603794005953,0.06756756756756757,0.22164948453608246,0.281821888704275,0.3275112196967854,0.3333333333333333,0.0,0.7601547824446933,0.39545230307811674,0.0,0.6521739130434783,0.05144083505007646,0.17647058823529413,0.4410927580475902,0,0,0,0,0,0,1,0,0,1,0,0,0,0,1,0,1,0,0,0,0,0,0,0,0,0,0,0,0,0,0,0,0,0,0,0,0,0,0,0,0,0,0,0,0,0,0,0,1,0,0,0
0.21568627450980393,0.0,0.07540891846507874,0.022838013610656925,0.050080775444264945,0.6666666666666666,0.630675808181346,0.1692347049215814,0.04054054054054054,0.23711340206185566,0.18204343184356775,0.39874835011092485,0.0,0.0,0.3070417686531681,0.5616818189480653,0.0,0.6956521739130435,0.0023712770438257067,0.17142857142857143,0.3482211019872103,1,0,0,0,1,0,0,0,0,1,0,0,1,0,0,0,1,0,0,0,0,0,0,0,0,1,0,0,0,0,0,0,0,0,0,0,0,0,0,0,0,0,0,0,0,0,0,0,0,0,0,0
0.0,0.03614644449659705,0.35372224640835903,0.20265526057190855,0.22132471728594508,0.0,0.6198497559870778,0.0177106086545841,0.013513513513513514,0.7216494845360825,0.24548036632480874,0.21689035912129548,0.0,0.0,0.37765647645416806,0.6893870279020371,0.0,0.7391304347826086,0.2188232893617649,0.0,0.46882643372838395,0,0,0,0,0,0,1,0,0,0,1,0,1,0,0,0,1,0,0,0,0,0,0,0,0,0,0,0,0,0,0,0,0,0,0,0,0,0,0,0,0,0,0,0,0,0,0,0,0,0,0,1
0.058823529411764705,0.029105843698662284,0.0808507991790535,0.05341917805984938,0.009693053311793215,0.0,0.5745589357649358,0.11708680166086156,0.06756756756756757,0.8814432989690721,0.5082778449639458,0.36203869327767757,0.0,0.0,0.3111619712335581,0.13460839614135664,0.0,0.782608695652174,0.017185356631872914,0.0,0.5043452672833115,0,0,0,0,0,0,1,0,0,1,0,0,1,0,0,0,1,0,0,0,0,0,0,1,0,0,0,0,0,0,0,0,0,0,0,0,0,0,0,0,0,0,0,0,0,0,0,0,0,0,0,0
0.058823529411764705,0.07557380896503167,0.05053174948690844,0.07788410961920335,0.1050080775444265,0.6666666666666666,0.740877610189874,0.098392270303245,0.20270270270270271,0.6134020618556701,0.021499269906338186,0.2964806675744953,0.0,0.0,0.8021919864301329,0.7288559819542041,0.0,0.8260869565217391,0.023177568600071786,0.08695652173913045,0.30924428879084803,0,0,0,1,0,0,0,0,0,0,1,0,0,0,1,0,1,0,0,0,0,0,0,0,0,0,0,0,0,1,0,0,0,0,0,0,0,0,0,0,0,0,0,0,0,0,0,0,0,0,0,0
0.0196078431372549,0.12298052100445904,0.04120281112009457,0.11417375809891173,0.10339256865912763,0.3333333333333333,0.543949642252873,0.23810929413385293,0.12162162162162163,0.05154639175257732,0.0046144699679625,0.2323408387439877,0.0,0.5,0.0650760329986453,0.5575520063341195,0.0,0.8695652173913043,0.06542266297587383,0.04411764705882353,0.42564283169636397,0,1,0,0,1,0,0,0,0,0,1,0,0,1,0,0,1,0,0,0,0,0,0,0,0,0,0,0,0,0,0,0,0,0,0,0,0,0,0,0,0,0,0,0,0,0,0,0,1,0,0,0
0.09803921568627451,0.2342220136118282,0.04120281112009457,0.2108102377583599,0.34248788368336025,0.0,0.5696891060085378,0.749749099710727,0.33783783783783783,0.15979381443298968,0.29058058442058465,0.39870596842119416,0.0,0.0,0.7447614220958836,0.7167775156336731,0.0,0.9130434782608695,0.036726625661499236,0.0,0.33605071125044605,0,0,0,0,0,1,0,0,0,0,0,1,1,0,0,0,1,0,0,0,0,0,0,0,0,0,0,0,0,0,0,0,0,0,0,0,0,0,0,0,0,1,0,0,0,0,0,0,0,0,0,0
0.09803921568627451,0.025350856606430414,0.013215996019652976,0.014683036424205603,0.012924071082390954,0.0,0.6973864361295562,0.01082314973335695,0.1891891891891892,0.7525773195876289,0.34935500055105073,0.09496450777310757,0.0,0.0,0.3909441787660184,0.5541474483994319,0.0,0.9565217391304348,0.004701581698125268,0.0,0.8576090197174986,0,0,0,0,0,0,0,1,1,0,0,0,1,0,0,0,1,0,0,0,0,0,0,0,0,0,0,0,0,0,0,0,0,0,0,0,1,0,0,0,0,0,0,0,0,0,0,0,0,0,0,0
0.058823529411764705,0.12626613471016193,0.03265128428384853,0.11254276266162146,0.2552504038772213,0.0,0.42203259184757724,0.9288230316626329,0.16216216216216217,0.7422680412371134,0.08534527156371187,0.22929794480452678,0.0,0.0,0.4559676864187844,0.4599465245150261,0.0,1.0,0.031666535555020185,0.0,0.4335163885079065,0,0,0,0,0,1,0,0,0,0,1,0,0,0,1,0,1,0,0,0,0,0,0,0,0,0,0,0,0,0,0,0,0,0,0,0,0,1,0,0,0,0,0,0,0,0,0,0,0,0,0,0
0.0196078431372549,0.08026754283032152,0.4392375147708195,0.28583602787371204,0.03877221324717286,0.3333333333333333,0.3190704656544245,0.1279099513942185,0.43243243243243246,0.8969072164948454,0.17716939711953142,0.45847639949699137,0.0,0.0,0.39872433434572613,0.22535026894596405,0.0,0.0,0.149513370929598,0.10714285714285714,0.7212415463788466,0,0,0,0,0,0,1,0,1,0,0,0,0,0,1,0,0,0,0,0,1,0,0,0,0,0,0,0,0,0,0,0,0,0,0,0,0,0,0,0,0,0,0,0,0,0,0,0,1,0,0,0
0.0196078431372549,0.004229054212626144,0.0629703339759936,0.022430264751334358,0.04361873990306947,0.3333333333333333,0.3794219193221243,0.21154338115197677,0.0945945945945946,0.5309278350515464,0.23305908681663556,0.3502118212925994,0.0,0.0,0.5221898196067601,0.7312204486230327,0.0,0.043478260869565216,0.020481073214382292,0.0967741935483871,0.40890397658035194,0,0,0,0,0,0,1,0,0,0,1,0,1,0,0,0,0,0,0,0,1,0,0,0,0,0,0,0,0,0,0,0,0,0,0,0,1,0,0,0,0,0,0,0,0,0,0,0,0,0,0,0
0.0,0.5571509035437691,0.18035947509173472,0.5643284987910246,0.01938610662358643,0.0,0.6403112024457259,0.0334533719031033,0.10810810810810811,0.42783505154639173,0.1841943457891409,0.3962157974376295,0.3333333333333333,0.0,0.31591600477278586,0.58864705678323,0.0,0.08695652173913043,0.5731627570812581,0.0,0.49318962158236734,0,0,0,0,0,0,1,0,1,0,0,0,0,1,0,0,0,0,0,0,1,0,0,0,0,0,0,0,0,0,0,0,0,0,0,0,0,0,0,0,1,0,0,0,0,0,0,0,0,0,0,0
0.0,0.007984041304858013,0.0007774115305678221,0.0,0.022617124394184167,0.0,0.5644066787487696,0.35618001849774694,0.0945945945945946,0.10824742268041238,0.10837135539186163,0.2531441730286037,0.3333333333333333,0.0,0.6964144973695581,0.6604097759312896,0.0,0.13043478260869565,0.020277338007463532,0.0,0.44839356135940844,0,1,0,0,1,0,0,0,0,1,0,0,1,0,0,0,0,0,0,0,1,0,0,0,0,0,0,0,0,0,0,0,0,0,0,0,0,0,0,0,0,0,0,0,0,0,0,0,1,0,0,0
0.0196078431372549,0.10420558554329969,0.1547048945829966,0.15739513718710374,0.09208400646203554,0.0,0.5696891060085378,0.1633311687033867,0.33783783783783783,0.7835051546391752,0.19489740039736655,0.7301601297246233,0.3333333333333333,0.0,0.7050565321442257,0.2553795674365496,0.0,0.17391304347826086,0.08659514526350984,0.0,0.3705496443958529,0,0,0,1,0,0,0,0,0,0,1,0,0,0,1,0,0,0,0,0,1,0,0,0,0,0,0,0,0,0,0,0,0,0,0,0,0,1,0,0,0,0,0,0,0,0,0,0,0,0,0,0
0.0,0.10045059845106782,0.0668573916288327,0.10805752520907323,0.022617124394184167,0.0,0.5070289243778934,0.14857232815789997,0.10810810810810811,0.9536082474226805,0.1568211422251854,0.499988291866672,0.3333333333333333,0.0,0.2619515106993798,0.09683283858276108,0.0,0.21739130434782608,0.12614374425362238,0.0,0.4813773932340571,1,0,0,0,0,0,0,1,1,0,0,0,1,0,0,0,0,0,0,0,1,0,0,0,1,0,0,0,0,0,0,0,0,0,0,0,0,0,0,0,0,0,0,0,0,0,0,0,0,0,0,0
0.058823529411764705,0.08777751701478526,0.04508986877293368,0.0856313379463321,0.12277867528271405,0.3333333333333333,0.8173377144767731,0.01082314973335695,0.05405405405405406,0.041237113402061855,0.5866661890782126,0.6227204628287717,0.3333333333333333,0.0,0.6132333542641678,0.43334782375196246,0.0,0.2608695652173913,0.02507510239000143,0.037500000000000006,0.7302452959882084,0,0,0,0,0,0,0,1,0,0,1,0,0,1,0,0,0,0,0,0,1,0,0,0,0,0,0,0,0,0,0,0,0,0,0,0,0,0,1,0,0,0,0,0,0,0,0,0,0,0,0,0
0.13725490196078433,0.03426895095048111,0.09950867591268123,0.06769038813613919,0.035541195476575124,0.0,0.4935126802144865,0.1672668595155165,0.16216216216216217,0.4896907216494845,0.29634513262543194,0.5031804147356568,0.3333333333333333,0.0,0.3953497303841928,0.5981572186414756,0.0,0.30434782608695654,0.009695091671624327,0.0,0.4873703745557706,0,0,0,0,1,0,0,0,0,1,0,0,0,0,1,0,0,0,0,0,1,0,0,0,0,0,0,0,1,0,0,0,0,0,0,0,0,0,0,0,0,0,0,0,0,0,0,0,0,0,0,0
0.0,0.16663224595165455,0.04431245724236586,0.15372539745320063,0.01938610662358643,0.0,0.5506270581077701,0.31682311037644895,0.05405405405405406,0.3556701030927835,0.2672066364460084,0.07913397876922601,0.0,0.5,0.4821931562741286,0.5981572186414756,0.0,0.34782608695652173,0.17088559361617395,0.0,0.6936442497559324,0,0,0,0,0,0,0,1,0,0,1,0,0,1,0,0,0,0,0,0,1,0,0,0,0,0,0,0,0,0,0,0,0,0,0,0,0,0,0,1,0,0,0,0,0,0,0,0,0,0,0,0
0.058823529411764705,0.006106547758742079,0.0031096461222712883,0.0,0.04038772213247173,0.0,0.7921115959449097,0.12692602869118605,0.16216216216216217,0.7474226804123711,0.21274198985046075,0.4045505202778867,0.0,0.0,0.7957357298485892,0.4856797779301215,0.0,0.391304347826087,0.0041013617993106806,0.0,0.5607364114683707,0,0,0,0,1,0,0,0,0,0,1,0,0,0,1,0,0,0,0,0,1,0,0,0,0,0,0,0,0,0,0,0,0,0,0,0,0,0,0,0,0,0,0,0,0,0,0,1,0,0,0,0
0.0,0.05867636704998827,0.23089122457864317,0.15780288604642628,0.08723747980613894,0.6666666666666666,0.7426539770453124,0.40832792175846677,0.14864864864864866,0.7628865979381443,0.08581452321328338,0.15576655111674062,0.0,0.0,0.3277818789274604,0.7549244690762159,0.0,0.43478260869565216,0.1748804015949732,0.10344827586206896,0.7371683946439628,0,0,0,0,0,0,1,0,1,0,0,0,0,0,1,0,0,0,0,0,1,0,0,0,0,1,0,0,0,0,0,0,0,0,0,0,0,0,0,0,0,0,0,0,0,0,0,0,0,0,0,0
0.0196078431372549,0.030983337244778225,0.10650537968779163,0.06850588585478433,0.050080775444264945,0.0,0.7878672005086101,0.39553692661904494,0.08108108108108109,0.21649484536082475,0.21609361761908671,0.14917554955653342,0.3333333333333333,0.5,0.6683622488105114,0.8846229373052384,0.0,0.4782608695652174,0.04305173829459804,0.0,0.4335163885079065,0,0,0,0,0,0,1,0,0,1,0,0,1,0,0,0,0,0,0,0,1,0,0,0,0,0,0,0,0,0,0,0,0,0,0,0,0,0,0,0,0,0,0,0,0,0,0,0,0,0,0,1
0.0,0.026758976766017364,0.05519621867031537,0.03792472140559187,0.06623586429725363,0.0,0.029662661084750668,0.08560127516382315,0.16216216216216217,0.9536082474226805,0.10822956152776739,0.2769741247239604,0.3333333333333333,0.0,0.5684757526445153,0.9373436355864337,0.0,0.5217391304347826,0.057433047018275334,0.0,0.8746091465554967,0,0,0,0,0,1,0,0,0,1,0,0,1,0,0,0,0,0,0,0,1,0,0,0,0,0,0,0,0,0,0,0,0,0,0,0,0,0,0,0,0,0,0,0,0,0,0,0,0,0,1,0
0.0784313725490196,0.10514433231635766,0.024099757447602486,0.08970882653955776,0.11954765751211632,0.3333333333333333,0.930098456857163,0.561819863431529,0.02702702702702703,0.13402061855670103,0.36787878796468154,0.2201495819206664,0.0,0.5,0.42992001775215477,0.644061845217271,0.0,0.5652173913043478,0.02060091745374627,0.038461538461538464,0.3596956515923554,0,0,0,0,0,0,1,0,1,0,0,0,0,0,1,0,0,0,0,0,1,0,0,1,0,0,0,0,0,0,0,0,0,0,0,0,0,0,0,0,0,0,0,0,0,0,0,0,0,0,0,0
0.0,0.22154893217554564,0.011661172958517332,0.18430656190239308,0.16478190630048464,0.3333333333333333,0.7108637342443676,0.1633311687033867,0.12162162162162163,0.7835051546391752,0.27021684143911306,0.13352343779938164,0.3333333333333333,0.0,0.5493843290808722,0.6068360539963517,0.0,0.6086956521739131,0.20084665345716832,0.02830188679245283,0.30924428879084803,0,0,0,1,0,0,0,0,0,0,0,1,0,0,1,0,0,0,0,0,1,0,0,0,0,1,0,0,0,0,0,0,0,0,0,0,0,0,0,0,0,0,0,0,0,0,0,0,0,0,0,0
0.11764705882352941,0.041309551748415864,0.10417314509608816,0.07625311418191308,0.048465266558966075,0.3333333333333333,1.0,0.16431509140641917,0.06756756756756757,0.7422680412371134,0.08514905630290769,0.0446913054362498,0.0,0.0,0.5240646781724414,0.6294803164148612,0.0,0.6521739130434783,0.012462922914078092,0.08823529411764706,0.24169749890484477,1,1,0,0,0,1,0,0,0,1,0,0,0,0,1,0,0,0,0,0,1,0,0,0,0,0,0,0,0,0,0,0,0,0,0,0,0,0,0,0,0,0,0,0,0,0,1,0,0,0,0,0
0.0196078431372549,0.15818352499413282,0.4990982026245418,0.3849190006890956,0.024232633279483037,0.3333333333333333,0.4273638752251899,0.1712025503276463,0.8783783783783784,0.15979381443298968,0.46261994580702,0.15038904565296604,0.0,0.5,0.22472597328362895,0.7695394997968882,0.0,0.6956521739130435,0.19805028787200885,0.15789473684210525,0.8631345969503514,0,0,0,0,0,0,0,1,0,1,0,0,0,0,1,0,0,0,0,0,1,0,0,0,0,0,0,0,0,0,0,0,0,0,0,0,1,0,0,0,0,0,0,0,0,0,0,0,0,0,0,0
0.0,0.06712508800750996,0.1018409105043847,0.09745605486668651,0.06946688206785137,0.0,0.2313086910276445,0.1672668595155165,0.12162162162162163,0.6752577319587629,0.13659281988947472,0.3722078462674974,0.0,0.0,0.34210451414963267,0.6066176172449547,0.0,0.7391304347826086,0.11575724350874435,0.0,0.5910960234196481,0,0,0,1,0,0,0,0,0,0,1,0,1,0,0,0,0,0,0,0,1,0,0,0,0,0,0,0,0,0,1,0,0,0,0,0,0,0,0,0,0,0,0,0,0,0,0,0,0,0,0,0
0.0,0.01971837596808261,0.013993407550220797,0.010197798971657377,0.09854604200323101,0.6666666666666666,0.5851361845658702,0.0,0.05405405405405406,0.26804123711340205,0.16437924717562177,0.019142513255703417,0.0,0.0,0.24879216727323675,0.7002312328238445,0.0,0.782608695652174,0.030268352762440453,0.09230769230769231,0.39064139524608293,1,0,0,0,0,1,0,0,0,0,0,1,0,0,1,0,0,0,0,0,1,0,0,0,0,0,0,0,0,0,0,0,0,0,0,0,0,0,0,1,0,0,0,0,0,0,0,0,0,0,0,0
0.058823529411764705,0.0460032856137057,0.10417314509608816,0.08033060277513875,0.014539579967689823,0.3333333333333333,0.5286669143884275,0.13282956490938075,0.02702702702702703,0.27319587628865977,0.4253789498106416,0.08076425265115758,0.0,0.5,0.4123459604697837,0.47524738695384705,0.0,0.8260869565217391,0.023776789796891674,0.23076923076923078,0.6689399403832035,0,1,0,1,0,0,0,0,0,0,0,1,0,0,1,0,0,0,0,0,1,0,0,0,0,0,0,0,0,0,0,0,0,0,0,0,1,0,0,0,0,0,0,0,0,0,0,0,0,0,0,0
0.09803921568627451,0.04365641868106079,0.07540891846507874,0.06320515068359096,0.027463651050080775,0.0,0.714313457354317,0.03640514001220065,0.28378378378378377,0.08247422680412371,0.44779418930953074,0.18593033069184214,0.0,0.0,0.7574098105973339,0.9055024075624141,0.0,0.8695652173913043,0.012624617522743777,0.0,0.5687674810110055,0,0,0,0,1,0,0,0,0,0,0,1,0,1,0,0,0,0,0,0,1,0,0,0,0,0,0,0,0,0,0,0,0,0,0,0,0,0,0,0,0,0,0,0,0,0,0,1,0,0,0,0
0.058823529411764705,0.0258202299929594,0.21612040549785455,0.12151323756671792,0.033925686591276254,0.3333333333333333,0.7984934524346455,0.5755947812739833,0.08108108108108109,0.7474226804123711,0.39683935572976187,0.35236867550138673,0.0,0.0,0.5948403866784876,0.7198802362779557,0.0,0.9130434782608695,0.03386367994335977,0.12000000000000001,0.7982945891790858,0,0,0,0,0,0,0,1,0,0,1,0,0,0,1,0,0,0,0,0,1,0,0,0,0,0,0,0,0,0,0,0,0,0,0,0,0,0,0,0,0,0,0,0,1,0,0,0,0,0,0,0
0.35294117647058826,0.10514433231635766,0.161701598358107,0.16188037463965196,0.05331179321486268,0.0,0.5662500145614533,0.5588680953224316,0.05405405405405406,0.8092783505154639,0.5303831600613295,0.27802608418618296,0.0,0.0,0.16637268392109783,0.5330909648207024,0.0,0.9565217391304348,0.008191782353286716,0.0,0.1700950162222878,1,0,0,0,0,0,1,0,1,0,0,0,0,0,1,0,0,0,0,0,1,0,0,0,0,0,1,0,0,0,0,0,0,0,0,0,0,0,0,0,0,0,0,0,0,0,0,0,0,0,0,0
0.17647058823529413,0.0840225299225534,0.0,0.057904415512397604,0.03231017770597738,0.0,0.5355937743895346,0.3178070330794814,0.13513513513513514,0.5051546391752577,0.5290969993652138,0.12103649413792994,0.3333333333333333,0.0,0.4130377428454651,0.5296729004820934,0.0,1.0,0.006539193368372922,0.0,0.39998028677882225,0,0,0,0,1,0,0,0,0,0,0,1,1,0,0,0,0,0,0,0,1,0,0,0,0,0,0,0,1,0,0,0,0,0,0,0,0,0,0,0,0,0,0,0,0,0,0,0,0,0,0,0
0.0196078431372549,0.005637174372213095,0.1508178369301575,0.06972913243275203,0.11954765751211632,0.0,0.6881472773712669,0.12692602869118605,0.17567567567567569,0.7783505154639175,0.4025876258249059,0.09784393515414588,0.0,0.0,0.5209182113734686,0.7658689061617511,0.0,0.0,0.04365095949141793,0.0,0.3596956515923554,0,1,0,0,0,0,0,1,0,1,0,0,0,1,0,0,0,0,0,0,0,1,0,0,0,0,0,0,0,0,0,0,0,0,0,0,0,0,0,0,0,0,0,0,0,0,0,0,0,0,1,0
0.0196078431372549,0.005167800985684112,0.023322345917034665,0.0024505706445286215,0.012924071082390954,0.0,0.5324723527207319,0.05706751677588211,0.17567567567567569,0.34536082474226804,0.32812486754246917,0.19165474368688976,0.0,0.0,0.629537272232149,0.7907055742741593,0.0,0.043478260869565216,0.010693793666324138,0.0,0.10254822633628438,0,0,0,0,1,0,0,0,1,0,0,0,0,0,1,0,0,0,0,0,0,1,0,0,0,0,0,0,0,0,0,0,0,0,0,0,0,0,1,0,0,0,0,0,0,0,0,0,0,0,0,0
0.058823529411764705,0.10467495892982867,0.013215996019652976,0.08359259364971927,0.012924071082390954,0.6666666666666666,0.5157561374023761,0.0846173524607907,0.10810810810810811,0.5670103092783505,0.2814613386061825,0.4422983375622399,0.0,0.0,0.3327327779078866,0.5797126419025758,0.5,0.08695652173913043,0.024575751392651522,0.5,0.6351864591358805,0,0,0,0,0,0,1,0,0,0,1,0,0,0,1,0,0,0,0,0,0,1,0,0,0,0,0,0,0,0,0,1,0,0,0,0,0,0,0,0,0,0,0,0,0,0,0,0,0,0,0,0
0.0,0.022065242900727526,0.06452515703712923,0.038740219124237,0.048465266558966075,0.0,0.7909413093662748,0.7281028002440131,0.12162162162162163,0.788659793814433,0.7969365110076767,0.2536745808056223,0.3333333333333333,0.0,0.2078992429460634,0.2715874408594718,0.0,0.13043478260869565,0.05823200861403518,0.0,0.39998028677882225,0,0,0,0,0,0,0,1,0,0,1,0,0,0,1,0,0,0,0,0,0,1,0,0,0,0,0,0,0,0,0,0,0,0,0,0,0,1,0,0,0,0,0,0,0,0,0,0,0,0,0,0
0.13725490196078433,0.09059375733395916,0.12905031407425846,0.13211470790910462,0.05492730210016155,0.0,0.8354313766435151,0.08166558435169335,0.12162162162162163,0.4329896907216495,0.27869058857679224,0.38403307159073885,0.0,0.0,0.4592173867032383,0.5915379056641538,0.0,0.17391304347826086,0.01758483742975284,0.0,0.5764895855592514,0,0,0,1,0,0,0,0,0,1,0,0,0,1,0,0,0,0,0,0,0,1,0,0,0,0,0,0,0,0,0,0,0,0,0,0,0,0,0,0,0,0,0,0,0,0,1,0,0,0,0,0
0.058823529411764705,0.15818352499413282,0.009328938366813866,0.12803721931587897,0.014539579967689823,0.0,0.5696891060085378,0.0,0.13513513513513514,0.6185567010309279,0.08076898222762786,0.5339614146998313,0.0,0.0,0.5922873630587872,0.8267426065687201,0.0,0.21739130434782608,0.03546160313487947,0.0,0.8685121497053018,0,0,0,1,0,0,0,0,0,0,1,0,0,1,0,0,0,0,0,0,0,1,0,0,0,0,0,0,0,0,0,0,0,0,0,0,0,0,0,1,0,0,0,0,0,0,0,0,0,0,0,0
0.058823529411764705,0.010800281624031917,0.18035947509173472,0.08970882653955776,0.03715670436187399,0.0,0.5500769025341516,0.3660192455280714,0.14864864864864866,0.14432989690721648,0.07709716310229546,0.5201034253958029,0.0,0.0,0.5211781551436498,0.38530163421593555,0.0,0.2608695652173913,0.026073804384701242,0.0,0.380846771473405,0,1,0,0,0,0,0,1,0,1,0,0,0,0,1,0,0,0,0,0,0,1,0,0,0,0,0,0,0,0,0,0,0,0,0,0,0,0,0,0,0,0,0,0,0,0,0,0,0,1,0,0
0.0784313725490196,0.008453414691386997,0.19279805958081989,0.09419406399210599,0.045234248788368334,0.0,0.15610611969924038,0.5234468780132634,0.24324324324324326,0.5051546391752577,0.3428237111123957,0.2247122031334649,0.0,0.0,0.28296011706023677,0.3062708009386501,0.0,0.30434782608695654,0.021479775209082105,0.0,0.44839356135940844,0,1,0,0,0,0,1,0,0,0,1,0,1,0,0,0,0,0,0,0,0,1,0,0,0,0,0,1,0,0,0,0,0,0,0,0,0,0,0,0,0,0,0,0,0,0,0,0,0,0,0,0
0.23529411764705882,0.4332363295001173,0.08473785683189261,0.40652969023319163,0.045234248788368334,0.0,0.5540781637903561,0.5893696991164376,0.10810810810810811,0.8505154639175257,0.38119480100178976,0.25657647174265735,0.0,0.0,0.8445630850495647,0.5982011552471197,0.0,0.34782608695652173,0.03100585577391108,0.0,0.46882643372838395,0,0,0,0,0,1,0,0,0,0,0,1,0,1,0,0,0,0,0,0,0,1,0,0,0,0,0,1,0,0,0,0,0,0,0,0,0,0,0,0,0,0,0,0,0,0,0,0,0,0,0,0
0.0392156862745098,0.09622623797230696,0.027986815100441594,0.08400034250904183,0.07431340872374798,0.3333333333333333,0.4322288670771574,0.36798709093413634,0.05405405405405406,0.7731958762886598,0.020021668442576752,0.32692212367874296,0.0,0.0,0.4501798418670547,0.7305634684777381,0.0,0.391304347826087,0.033331038879519874,0.060000000000000005,0.6205266658026173,0,1,0,0,0,0,0,1,0,0,1,0,0,0,1,0,0,0,0,0,0,1,0,0,0,0,0,0,0,0,0,0,0,0,0,0,0,0,0,1,0,0,0,0,0,0,0,0,0,0,0,0
0.0392156862745098,0.037554564656183995,0.024099757447602486,0.030992990797108246,0.035541195476575124,0.6666666666666666,0.5577711801132418,0.4171832260857588,0.0945945945945946,0.29896907216494845,0.2784836772960956,0.15044657478056128,0.3333333333333333,0.0,0.5124249812077292,0.7207858811851664,0.0,0.43478260869565216,0.016020204304723135,0.23076923076923078,0.3482211019872103,0,0,0,0,1,0,0,0,0,0,1,0,1,0,0,0,0,0,0,0,0,1,0,0,0,0,0,0,0,0,0,0,0,0,0,0,0,0,0,0,0,0,0,0,0,0,0,0,0,0,0,1
0.19607843137254902,0.01877962919502464,0.25887803967908474,0.13782319193962056,0.22778675282714056,0.0,0.44959165958552705,0.16431509140641917,0.1891891891891892,0.5463917525773195,0.25351549640064647,0.5045059148036,0.0,0.0,0.33034950718794115,0.6441957289040237,0.0,0.4782608695652174,0.012945412708920075,0.0,0.33605071125044605,0,0,0,0,0,1,0,0,0,1,0,0,1,0,0,0,0,0,0,0,0,1,0,0,0,0,0,0,0,0,0,0,0,0,0,0,0,0,0,0,0,0,0,0,0,0,0,0,0,0,1,0
0.11764705882352941,0.03333020417742314,0.01088376142794951,0.020391520454721528,0.10016155088852989,0.6666666666666666,0.5795493588081768,0.0059035362181947,0.013513513513513514,0.6185567010309279,0.43119563152535184,0.49031814173706156,0.3333333333333333,0.5,0.7066547517023452,0.5981572186414756,0.5,0.5217391304347826,0.00464451301271385,0.09090909090909091,0.6351864591358805,0,0,0,0,0,0,1,0,1,0,0,0,1,0,0,0,0,0,0,0,0,1,0,0,1,0,0,0,0,0,0,0,0,0,0,0,0,0,0,0,0,0,0,0,0,0,0,0,0,0,0,0
0.0196078431372549,0.012677775170147851,0.2705392126376021,0.1386386896582657,0.030694668820678513,0.3333333333333333,0.3760184068258636,0.1613633232973218,0.013513513513513514,0.9432989690721649,0.4503073729191348,0.4464843331767344,0.0,0.0,0.5928868258688192,0.9111976054995823,0.0,0.5652173913043478,0.07740708691227156,0.13043478260869565,0.5149134949631412,0,0,0,0,0,0,1,0,0,1,0,0,0,1,0,0,0,0,0,0,0,1,0,0,1,0,0,0,0,0,0,0,0,0,0,0,0,0,0,0,0,0,0,0,0,0,0,0,0,0,0,0
0.0392156862745098,0.17789720722835015,0.06607998009826488,0.17492833813797407,0.07108239095315025,0.3333333333333333,0.3277718138324464,0.26467520711572906,0.21621621621621623,0.8298969072164949,0.19435570906728597,0.22441748530035913,0.0,0.0,0.538162012579655,0.1678239334139307,0.0,0.6086956521739131,0.06302577818859428,0.0625,0.10254822633628438,0,0,0,0,1,0,0,0,0,1,0,0,0,1,0,0,0,0,0,0,0,1,0,0,0,0,0,0,0,0,0,0,0,0,0,0,0,0,0,0,0,0,0,0,0,0,0,0,1,0,0,0
0.0392156862745098,0.02347336306031448,0.07152186081223963,0.04363320543610779,0.07269789983844911,0.0,0.5696891060085378,0.1397170238306079,0.33783783783783783,0.8195876288659794,0.09654086000755434,0.5974921834145227,0.0,0.0,0.22615131200357577,0.5052165994896854,0.0,0.6521739130434783,0.020148172549482354,0.0,0.22054637902379515,0,0,0,1,0,0,0,0,1,0,0,0,1,0,0,0,0,0,0,0,0,1,0,0,0,0,0,0,0,0,0,0,0,0,0,0,0,0,0,0,0,0,0,0,0,0,0,0,1,0,0,0
0.058823529411764705,0.22577329265430648,0.007774115305678221,0.18593755733968337,0.1841680129240711,0.0,0.38992996634969973,0.1338134876124132,0.02702702702702703,0.7525773195876289,0.20272460045987822,0.29137256645204784,0.0,0.5,0.703999667584269,0.7847134299445219,0.0,0.6956521739130435,0.0496431714596168,0.0,0.7137360006061624,0,1,0,0,0,0,1,0,1,0,0,0,1,0,0,0,0,0,0,0,0,1,0,0,0,0,0,0,0,0,0,0,0,0,0,0,0,0,0,0,0,0,0,0,0,0,0,0,0,1,0,0
0.0,0.038493311429241964,0.06763480315940053,0.05464242463781708,0.03715670436187399,0.3333333333333333,0.5837600096674582,0.06100320758801191,0.10810810810810811,0.3556701030927835,0.24901792935333836,0.05118121465527764,0.0,0.0,0.6322640055514559,0.7736228316423817,0.0,0.7391304347826086,0.07381175973135225,0.1111111111111111,0.5149134949631412,1,0,0,0,0,1,0,0,0,0,0,1,0,0,1,0,0,0,0,0,0,1,0,0,0,0,0,0,1,0,0,0,0,0,0,0,0,0,0,0,0,0,0,0,0,0,0,0,0,0,0,0
0.0,0.015963388875850738,0.1624790098886748,0.08481584022768697,0.1260096930533118,0.0,0.7744315839099003,0.05805143947891456,0.06756756756756757,0.37628865979381443,0.27481850984062617,0.43058712509139613,0.3333333333333333,1.0,0.6871690395724499,0.4380536935595126,0.0,0.782608695652174,0.10337333877446668,0.0,0.30924428879084803,0,0,0,0,0,0,0,1,0,0,1,0,1,0,0,0,0,0,0,0,0,1,0,0,1,0,0,0,0,0,0,0,0,0,0,0,0,0,0,0,0,0,0,0,0,0,0,0,0,0,0,0
0.0,0.03708519126965501,0.01477081908078862,0.025692255625914887,0.06785137318255251,0.0,0.7663963961351944,0.6739870515772283,0.08108108108108109,0.4639175257731959,0.20511370391491393,0.40193971170366,0.0,0.5,0.4790856142621655,0.8280473672074209,0.0,0.8260869565217391,0.04544862308187759,0.0,0.41744781770568096,0,0,0,0,0,1,0,0,0,0,0,1,0,0,1,0,0,0,0,0,0,1,0,0,0,1,0,0,0,0,0,0,0,0,0,0,0,0,0,0,0,0,0,0,0,0,0,0,0,0,0,0
0.0,0.0,0.14304372162447926,0.05871991323104274,0.2310177705977383,0.3333333333333333,0.7425258772872287,0.6926815829348448,0.13513513513513514,0.42783505154639173,0.05394452714578122,0.07699363704899072,0.3333333333333333,0.0,0.4552769765692444,0.5981572186414756,0.0,0.8695652173913043,0.07780656771015149,0.020408163265306124,0.44839356135940844,0,0,0,0,0,1,0,0,0,1,0,0,1,0,0,0,0,0,0,0,0,1,0,0,0,0,0,0,0,0,0,0,0,0,0,0,1,0,0,0,0,0,0,0,0,0,0,0,0,0,0,0
0.0,0.05445200657122742,0.08940232601529954,0.07992285391581617,0.19547657512116318,0.0,0.6442146501444105,0.15644370978215957,0.02702702702702703,0.9587628865979382,0.13553789040657355,0.08159183638498915,0.0,0.0,0.4324596629563414,0.49093111219449515,0.0,0.9130434782608695,0.09857956919990758,0.0,0.5764895855592514,0,0,0,1,0,0,0,0,0,0,1,0,1,0,0,0,0,0,0,0,0,1,0,0,0,0,0,0,0,0,0,0,0,0,0,0,0,0,0,0,0,0,0,0,0,0,0,0,0,0,1,0
0.0784313725490196,0.05163576625205351,0.037315753467255464,0.05015718718526885,0.07754442649434572,0.3333333333333333,0.7283691539060841,0.19973630871558737,0.04054054054054054,0.8762886597938144,0.1553115892425341,0.12000167149068275,0.0,0.5,0.9561431617635612,0.6889662979634564,0.0,0.9565217391304348,0.01285098997487573,0.057692307692307696,0.19690143868188575,0,0,0,0,0,1,0,0,0,0,1,0,1,0,0,0,0,0,0,0,0,1,0,0,0,0,0,0,0,0,0,0,0,0,0,0,0,0,0,0,0,0,1,0,0,0,0,0,0,0,0,0
0.0196078431372549,0.16616287256512555,0.21378817090615107,0.24220689992619748,0.051696284329563816,0.0,0.8580738295422032,0.05903536218194701,0.08108108108108109,0.8969072164948454,0.12692415458552356,0.2823221180166206,0.0,0.0,0.3557818256001889,0.609618993740835,0.0,1.0,0.128141148243022,0.0,0.29436711593934617,0,1,0,1,0,0,0,0,0,0,0,1,0,0,1,0,0,0,0,0,0,1,0,0,0,0,0,0,0,0,0,0,0,0,0,0,0,1,0,0,0,0,0,0,0,0,0,0,0,0,0,0
0.0392156862745098,0.002351560666510209,0.0023322345917034665,0.0,0.10177705977382875,0.6666666666666666,0.6686247335113211,0.2695948206308913,0.0945945945945946,0.6082474226804123,0.10573948898381984,0.20096464303913025,0.0,0.5,0.21879107053504784,0.6363524885606654,0.0,0.0,0.005898692489105442,0.08955223880597016,0.44839356135940844,1,0,0,1,0,0,0,0,0,0,1,0,0,1,0,0,0,0,0,1,0,0,0,0,0,0,0,0,0,0,0,0,0,0,0,0,0,0,0,0,0,0,0,0,0,0,0,0,1,0,0,0
0.0,0.24360948134240787,0.11972137570744461,0.2601478497363904,0.05492730210016155,0.0,0.5696891060085378,0.6356140661589628,0.04054054054054054,0.19072164948453607,0.18323717062246728,0.16436492217628645,0.0,0.0,0.39178296121298783,0.7003751997080634,0.0,0.043478260869565216,0.2751500818628343,0.0,0.42564283169636397,0,0,0,0,0,0,1,0,1,0,0,0,1,0,0,0,0,0,0,1,0,0,0,1,0,0,0,0,0,0,0,0,0,0,0,0,0,0,0,0,0,0,0,0,0,0,0,0,0,0,0,0
0.0196078431372549,0.16569349917859658,0.5022078487468131,0.39307397787554693,0.26978998384491115,0.0,0.47807853496762737,0.0275498356849086,0.1891891891891892,0.14432989690721648,0.10823095944529448,0.2621864492661335,0.0,0.0,0.3577648280756563,0.540366695819209,0.0,0.08695652173913043,0.20204509585080807,0.0,0.5480532491489123,0,0,0,0,0,0,1,0,0,0,1,0,0,0,1,0,0,0,0,1,0,0,0,0,0,0,0,0,0,0,0,0,0,0,0,0,0,0,0,0,0,0,0,0,0,0,0,0,1,0,0,0
0.0784313725490196,0.269894390988031,0.4112506996703779,0.43588760810441635,0.06946688206785137,0.3333333333333333,0.7228472869868046,0.23318968061869066,0.06756756756756757,0.27319587628865977,0.6297753752737479,0.0829684426730525,0.0,0.0,0.7392829742747211,0.8366883711074341,0.0,0.13043478260869565,0.08843275693375749,0.06382978723404256,0.22054637902379515,0,0,0,0,1,0,0,0,0,1,0,0,0,0,1,0,0,0,0,1,0,0,0,0,0,0,0,0,0,0,0,0,0,0,0,0,0,0,0,0,0,0,0,0,0,0,0,0,0,0,0,1
0.0784313725490196,0.05961511382304623,0.1259406679519872,0.10357228775652501,0.045234248788368334,0.0,0.45838304042849415,0.24794852116417743,0.06756756756756757,0.6494845360824743,0.3398625229266166,0.09457088684711179,0.0,0.0,0.18267131718168778,0.508923945426792,0.0,0.17391304347826086,0.02331738687932976,0.0,0.5096989169644132,0,0,0,0,0,1,0,0,0,0,1,0,0,0,1,0,0,0,0,1,0,0,0,0,1,0,0,0,0,0,0,0,0,0,0,0,0,0,0,0,0,0,0,0,0,0,0,0,0,0,0,0
0.0,0.2060596104200892,0.05597363020088319,0.19409253452613467,0.0420032310177706,0.6666666666666666,0.9074346977477152,0.24499675305508006,0.12162162162162163,0.36597938144329895,0.358696445228954,0.038978287705525916,0.0,1.0,0.35177197942087013,0.5832293022326316,0.0,0.21739130434782608,0.21043419260628649,0.2,0.6407632056713689,0,0,0,0,1,0,0,0,1,0,0,0,0,1,0,0,0,0,0,1,0,0,0,0,0,0,0,0,0,0,0,0,0,0,0,0,0,0,0,0,0,0,0,0,0,0,1,0,0,0,0,0
0.0392156862745098,0.00751466791832903,0.037315753467255464,0.011828794408947641,0.01938610662358643,0.3333333333333333,0.571068706220035,0.5824822401952104,0.0945945945945946,0.654639175257732,0.27094573268427474,0.3223460589536358,0.0,0.0,0.5117468118122852,0.24030531467192232,0.0,0.2608695652173913,0.009761671804604315,0.1875,0.5345144143574192,0,0,0,0,0,1,0,0,0,0,0,1,0,0,1,0,0,0,0,1,0,0,1,0,0,0,0,0,0,0,0,0,0,0,0,0,0,0,0,0,0,0,0,0,0,0,0,0,0,0,0,0
0.35294117647058826,0.14644919033090822,0.05597363020088319,0.14230842939216878,0.1050080775444265,0.0,0.6007287485484482,0.7802507035047329,0.20270270270270271,0.8814432989690721,0.7326829655304249,0.15134239996209142,0.0,0.0,0.7410801612356192,0.7484039975253296,0.0,0.30434782608695654,0.007182567706011116,0.0,0.46882643372838395,0,0,0,0,1,0,0,0,0,0,1,0,0,0,1,0,0,0,0,1,0,0,0,0,0,0,0,1,0,0,0,0,0,0,0,0,0,0,0,0,0,0,0,0,0,0,0,0,0,0,0,0
0.0392156862745098,0.02347336306031448,0.15004042539958967,0.08481584022768697,0.030694668820678513,0.0,0.8084480053465505,0.1279099513942185,0.04054054054054054,0.33505154639175255,0.14551605354211944,0.4665692534204626,0.0,0.0,0.6229502591946764,0.2229677460027904,0.0,0.34782608695652173,0.03359735941143982,0.0,0.42564283169636397,0,0,0,0,0,0,1,0,0,0,1,0,0,0,1,0,0,0,0,1,0,0,0,0,0,0,0,0,0,0,0,0,0,0,0,0,1,0,0,0,0,0,0,0,0,0,0,0,0,0,0,0
0.0,0.005167800985684112,0.03031904969214506,0.006120310378431716,0.16639741518578352,0.6666666666666666,0.5471553948530921,0.275498356849086,0.02702702702702703,0.9278350515463918,0.3993324215045833,0.4599942361370563,0.0,0.0,0.815709114067395,0.5824519327829072,0.0,0.391304347826087,0.026273544783641203,0.056074766355140186,0.29436711593934617,0,0,0,0,0,0,1,0,0,0,1,0,1,0,0,0,0,0,0,1,0,0,0,1,0,0,0,0,0,0,0,0,0,0,0,0,0,0,0,0,0,0,0,0,0,0,0,0,0,0,0,0
0.0196078431372549,0.014085895329734803,0.19124323651968425,0.09827155258533164,0.017770597738287562,0.3333333333333333,0.618918653882619,0.1692347049215814,0.08108108108108109,0.5103092783505154,0.22981918353873154,0.3617658439316687,0.3333333333333333,0.0,0.5447859008348853,0.44971195587705254,0.0,0.43478260869565216,0.057632787417215295,0.2,0.4335163885079065,0,0,0,0,0,0,1,0,1,0,0,0,1,0,0,0,0,0,0,1,0,0,0,0,0,0,0,0,0,0,0,0,0,0,0,0,0,0,0,0,1,0,0,0,0,0,0,0,0,0,0,0
0.0392156862745098,0.06383947430180709,0.8878039679084528,0.5068359096265429,0.07269789983844911,0.3333333333333333,0.7633628938818131,0.0865851978668556,0.10810810810810811,0.8041237113402062,0.274141441462859,0.3414430508343716,0.6666666666666666,0.0,0.4278791232168146,0.8471370350489222,0.0,0.4782608695652174,0.17141823468001385,0.061224489795918366,0.6713157073472898,0,0,0,0,0,0,1,0,0,0,1,0,0,0,1,0,0,0,0,1,0,0,0,0,0,1,0,0,0,0,0,0,0,0,0,0,0,0,0,0,0,0,0,0,0,0,0,0,0,0,0,0
0.0196078431372549,0.021595869514198545,0.07463150693451093,0.04363320543610779,0.17447495961227788,0.0,0.2894943159725279,0.1987523860125549,0.02702702702702703,0.05670103092783505,0.220091313700649,0.1291691360135369,0.0,0.0,0.6532560138135675,0.44947331219477094,0.0,0.5217391304347826,0.03086757395926034,0.0,0.42564283169636397,0,0,0,0,0,0,0,1,0,0,1,0,0,1,0,0,0,0,0,1,0,0,0,0,0,0,0,0,0,0,0,0,0,0,0,0,0,0,0,0,0,0,1,0,0,0,0,0,0,0,0,0
0.0392156862745098,0.09904247829148087,0.01477081908078862,0.0795151050564936,0.004846526655896607,0.6666666666666666,0.5266834649932135,0.275498356849086,0.02702702702702703,0.27319587628865977,0.44286373003089263,0.33000269811444877,0.3333333333333333,0.5,0.1802948193905451,0.6500888530631588,0.0,0.5652173913043478,0.03186627595396015,0.8571428571428571,0.29436711593934617,0,0,0,0,0,0,1,0,0,0,1,0,1,0,0,0,0,0,0,1,0,0,0,0,0,0,0,0,0,0,0,0,0,0,0,0,0,0,0,0,0,0,0,0,0,0,0,0,0,0,1,0
0.0,0.0032903074395681763,0.01477081908078862,0.0,0.3554119547657512,0.0,0.7493809607312928,0.18989708168526287,0.12162162162162163,0.9329896907216495,0.3002875495649538,0.34308258553545856,0.3333333333333333,0.0,0.10736823351299755,0.628203101211181,0.0,0.6086956521739131,0.020277338007463532,0.0,0.3596956515923554,0,0,0,1,0,0,0,0,0,0,1,0,1,0,0,0,0,0,0,1,0,0,0,0,0,0,0,0,0,0,1,0,0,0,0,0,0,0,0,0,0,0,0,0,0,0,0,0,0,0,0,0
0.0,0.00047406712039427354,0.19590770570309118,0.08889332882091262,0.04361873990306947,0.3333333333333333,0.5968024230812797,0.0669067438062066,0.05405405405405406,0.8865979381443299,0.4243288170310984,0.10833876351752741,0.0,0.0,0.6789406810345413,0.6940334261736761,0.0,0.6521739130434783,0.10736814675326592,0.0967741935483871,0.4813773932340571,0,1,0,0,0,0,1,0,0,0,0,1,0,1,0,0,0,0,0,1,0,0,0,0,0,0,0,0,0,0,0,0,0,0,0,0,0,1,0,0,0,0,0,0,0,0,0,0,0,0,0,0
0.0196078431372549,0.30885238206993665,0.07463150693451093,0.29317550734151826,0.07431340872374798,0.0,0.8769066612964529,0.1023279611153748,0.02702702702702703,0.5721649484536082,0.016843254646971947,0.1604037073802531,0.3333333333333333,0.0,0.5160118047150936,0.40777197524722253,1.0,0.6956521739130435,0.1531086981105173,0.0,0.380846771473405,0,0,0,0,0,0,0,1,1,0,0,0,1,0,0,0,0,0,0,1,0,0,0,0,0,0,0,0,0,0,0,0,0,1,0,0,0,0,0,0,0,0,0,0,0,0,0,0,0,0,0,0
0.0196078431372549,0.182121567707111,0.21923005162012582,0.2589246031584227,0.10662358642972536,0.0,0.2687816990275895,0.10331188381840725,0.21621621621621623,0.030927835051546393,0.061405078485944425,0.6507651121721099,0.0,0.0,0.6763319816481812,0.6321727147067251,0.0,0.7391304347826086,0.13633050459956048,0.0,0.5297906678146433,0,0,0,0,0,0,0,1,0,0,0,1,0,0,1,0,0,0,0,1,0,0,0,0,0,0,0,0,0,0,0,0,0,0,0,0,0,0,0,0,0,0,1,0,0,0,0,0,0,0,0,0
0.0196078431372549,0.015494015489321755,0.042757634181230214,0.021614767032689226,0.12116316639741519,0.6666666666666666,0.24598575220181162,0.06985851191530396,0.05405405405405406,0.05670103092783505,0.43849938526367777,0.35995786613789715,0.0,0.0,0.2898341493066629,0.4347493725387994,0.0,0.782608695652174,0.02008159241650237,0.0759493670886076,0.44839356135940844,0,0,0,0,0,0,0,1,1,0,0,0,1,0,0,0,0,0,0,1,0,0,0,0,1,0,0,0,0,0,0,0,0,0,0,0,0,0,0,0,0,0,0,0,0,0,0,0,0,0,0,0
0.0196078431372549,0.06290072752874912,0.20834629019217632,0.14964790885997498,0.08239095315024232,1.0,0.5696891060085378,0.20563984493378207,0.25675675675675674,0.422680412371134,0.24080211624888495,0.1260800808278894,0.0,0.0,0.7445891898448928,0.3224834184261939,0.0,0.8260869565217391,0.08280007768365055,0.16363636363636364,0.6047114072932805,1,0,0,0,0,0,0,1,0,0,1,0,1,0,0,0,0,0,0,1,0,0,0,0,0,0,0,0,1,0,0,0,0,0,0,0,0,0,0,0,0,0,0,0,0,0,0,0,0,0,0,0
0.0392156862745098,0.20746773057967613,0.0668573916288327,0.2010242651346183,0.15347334410339256,0.0,0.756705403654937,0.22433437629139863,0.10810810810810811,0.9020618556701031,0.05008187727511503,0.1762054583347413,0.3333333333333333,0.0,0.6138487100284461,0.7007770706079968,0.0,0.8695652173913043,0.07154803521003268,0.0,0.6998856840369311,0,0,0,0,1,0,0,0,0,0,1,0,1,0,0,0,0,0,0,1,0,0,0,0,0,0,0,0,0,0,0,0,1,0,0,0,0,0,0,0,0,0,0,0,0,0,0,0,0,0,0,0
0.09803921568627451,0.10420558554329969,0.03342869581441635,0.09378631513278342,0.10177705977382875,0.6666666666666666,0.5450771721275255,0.35126040498258465,0.13513513513513514,0.37628865979381443,0.3891699062542228,0.07189012927003535,0.0,0.0,0.46458436404733394,0.7367458447261656,0.0,0.9130434782608695,0.017618127496242832,0.08955223880597016,0.44839356135940844,1,0,0,0,1,0,0,0,0,0,0,1,1,0,0,0,0,0,0,1,0,0,0,0,0,0,0,0,0,0,0,0,0,0,1,0,0,0,0,0,0,0,0,0,0,0,0,0,0,0,0,0
0.0392156862745098,0.07557380896503167,0.049754337956340614,0.07747636075988078,0.2875605815831987,0.0,0.6637033553042078,0.06789066650923906,0.08108108108108109,0.8865979381443299,0.153451781166076,0.04606189074002414,0.3333333333333333,0.0,0.5153268687489669,0.5592447306418035,0.0,0.9565217391304348,0.031200474624160274,0.0,0.2782985451371206,0,0,0,1,0,0,0,0,0,1,0,0,0,1,0,0,0,0,0,1,0,0,1,0,0,0,0,0,0,0,0,0,0,0,0,0,0,0,0,0,0,0,0,0,0,0,0,0,0,0,0,0
0.058823529411764705,0.22624266604083548,0.017880465203059907,0.19164604137019928,0.10177705977382875,0.0,0.7326062195718059,0.09150481138201785,0.0,0.5360824742268041,0.0022325777128515594,0.23331072640166106,0.0,0.0,0.5450274104846023,0.48637083242513607,0.0,1.0,0.05104135425219654,0.0,0.29436711593934617,0,0,0,0,1,0,0,0,1,0,0,0,0,1,0,0,0,0,0,1,0,0,0,0,0,0,0,0,0,0,0,0,0,0,0,0,0,0,0,0,0,1,0,0,0,0,0,0,0,0,0,0
0.0196078431372549,0.02488148321990143,0.7571988307730587,0.40449094593657875,0.3408723747980614,0.0,0.4210618960196723,0.5450931774799773,0.04054054054054054,0.13402061855670103,0.1774157319511623,0.06519404004988834,0.3333333333333333,0.0,0.28890646326324937,0.5774913895582525,0.0,0.0,0.207637827021127,0.0,0.4335163885079065,0,0,0,0,0,0,0,1,0,0,0,1,0,1,0,1,0,0,0,0,0,0,0,0,0,0,0,0,0,0,0,0,1,0,0,0,0,0,0,0,0,0,0,0,0,0,0,0,0,0,0,0
0.0784313725490196,0.06571696784792302,0.07152186081223963,0.08033060277513875,0.14054927302100162,0.0,0.44244634902608465,0.1357813330184781,0.0945945945945946,0.5618556701030928,0.12660101668117116,0.15397084993622026,0.0,0.5,0.38928095178708416,0.514021559738912,0.0,0.043478260869565216,0.018763305783498618,0.0,0.44839356135940844,1,1,0,0,0,0,1,0,0,1,0,0,0,1,0,1,0,0,0,0,0,0,0,0,0,0,0,0,0,0,0,0,0,0,0,0,0,0,0,0,0,0,0,0,0,1,0,0,0,0,0,0
0.058823529411764705,0.06196198075569115,0.1686983021332174,0.12803721931587897,0.009693053311793215,0.0,0.6216061559266234,0.1613633232973218,0.13513513513513514,0.36597938144329895,0.08412334217560004,0.16943951750394395,0.0,0.0,0.5416642254287722,0.794104482715484,0.0,0.08695652173913043,0.03546160313487947,0.0,0.24169749890484477,0,0,0,0,0,0,1,0,1,0,0,0,0,0,1,1,0,0,0,0,0,0,0,0,0,0,0,0,1,0,0,0,0,0,0,0,0,0,0,0,0,0,0,0,0,0,0,0,0,0,0,0
0.09803921568627451,0.04506453884064774,0.0419802226506624,0.04689519631068832,0.5767366720516963,0.0,0.7643551300525054,0.13479741031544565,0.013513513513513514,0.22164948453608246,0.2475866362451449,0.17298896216853174,0.3333333333333333,0.0,0.3807441480851582,0.5657824953979786,0.0,0.13043478260869565,0.009961412203544278,0.0,0.3705496443958529,0,0,0,0,0,0,0,1,0,0,1,0,0,1,0,1,0,0,0,0,0,0,0,0,0,0,0,0,0,0,0,0,1,0,0,0,0,0,0,0,0,0,0,0,0,0,0,0,0,0,0,0
0.0784313725490196,0.03896268481577095,0.02176752285589902,0.030992990797108246,0.03877221324717286,0.0,0.3507040627776799,0.39553692661904494,0.0945945945945946,0.6752577319587629,0.5989779157383326,0.055646242844532186,0.0,0.0,0.15853585126124375,0.4601465192676845,0.0,0.17391304347826086,0.00909587047480444,0.0,0.3596956515923554,0,0,0,0,0,1,0,0,0,0,0,1,0,0,1,1,0,0,0,0,0,0,0,0,0,0,0,1,0,0,0,0,0,0,0,0,0,0,0,0,0,0,0,0,0,0,0,0,0,0,0,0
0.0784313725490196,0.0690025815536259,0.061415510914857946,0.07788410961920335,0.2310177705977383,0.3333333333333333,0.5441384597779608,0.40734399905543434,0.04054054054054054,0.20103092783505155,0.15957901599999394,0.17999469719868963,0.0,0.0,0.5339542582590225,0.23984413164723709,0.5,0.21739130434782608,0.018283928826042708,0.020408163265306124,0.32309460536007956,0,0,0,0,0,0,0,1,1,0,0,0,0,1,0,1,0,0,0,0,0,0,0,0,0,0,0,0,0,0,0,0,0,0,0,0,0,0,0,0,0,1,0,0,0,0,0,0,0,0,0,0
0.0392156862745098,0.06618634123445201,0.28220038559611943,0.1912382925108767,0.06623586429725363,0.3333333333333333,0.5348886676429779,0.3896333904008502,0.12162162162162163,0.9072164948453608,0.21891776456193293,0.4624536290721259,0.3333333333333333,0.0,0.6491019473859172,0.5410686806870256,0.0,0.2608695652173913,0.06835218882699327,0.06666666666666668,0.39064139524608293,0,0,0,0,1,0,0,0,0,0,1,0,0,1,0,1,0,0,0,0,0,0,0,0,0,0,0,0,0,0,0,0,0,0,0,0,0,0,0,1,0,0,0,0,0,0,0,0,0,0,0,0
0.058823529411764705,0.015494015489321755,0.04353504571179804,0.022022515892011794,0.16155088852988692,0.3333333333333333,0.6672132576772171,0.1613633232973218,0.0945945945945946,0.8041237113402062,0.11907623231092376,0.3367450438717198,0.3333333333333333,0.0,0.6985745838517001,0.6992587762855625,0.0,0.30434782608695654,0.009495351272684366,0.028846153846153848,0.6566201265167435,0,0,0,0,0,0,1,0,1,0,0,0,1,0,0,1,0,0,0,0,0,0,0,0,0,0,0,0,0,0,0,0,0,0,0,0,0,0,0,0,0,0,1,0,0,0,0,0,0,0,0,0
0.11764705882352941,0.1619385120863647,0.027986815100441594,0.1410851828142011,0.033925686591276254,0.0,0.5819555727688661,0.0669067438062066,0.1891891891891892,0.7835051546391752,0.48239136033377056,0.19160520202925543,0.0,0.0,0.5844740834831771,0.49528472492822234,0.0,0.34782608695652173,0.021536843894493524,0.0,0.4813773932340571,0,0,0,0,0,0,0,1,0,0,1,0,1,0,0,1,0,0,0,0,0,0,0,0,0,0,0,0,0,1,0,0,0,0,0,0,0,0,0,0,0,0,0,0,0,0,0,0,0,0,0,0
0.0,0.01737150903543769,0.09639902979040994,0.05138043376323655,0.11147011308562198,0.3333333333333333,0.47461146098566726,0.7182635732136885,0.24324324324324326,0.07216494845360824,0.2935627565800295,0.21233522966337748,0.0,0.0,0.6453299219903332,0.3920545290714708,0.0,0.391304347826087,0.07061591334831285,0.0410958904109589,0.44839356135940844,0,0,0,0,0,0,1,0,0,0,1,0,0,0,1,1,0,0,0,0,0,0,0,0,0,0,0,0,0,0,0,0,0,0,0,0,0,0,1,0,0,0,0,0,0,0,0,0,0,0,0,0
0.0196078431372549,0.048350152546350625,0.14304372162447926,0.10275679003787988,0.051696284329563816,0.0,0.8331909010603256,0.3187909557825138,0.14864864864864866,0.9639175257731959,0.0482593446304241,0.024864916954361067,0.0,0.0,0.6813335508133574,0.7437151903333973,0.0,0.43478260869565216,0.05982993180555488,0.0,0.47519998381900647,1,0,0,0,0,0,0,1,0,1,0,0,0,0,1,1,0,0,0,0,0,0,0,0,1,0,0,0,0,0,0,0,0,0,0,0,0,0,0,0,0,0,0,0,0,0,0,0,0,0,0,0
0.0392156862745098,0.04412579206758977,0.5154238447664661,0.29439875391948594,0.24878836833602586,0.3333333333333333,0.4759355351318862,0.10331188381840725,0.20270270270270271,0.4948453608247423,0.27607129258527185,0.226235183617273,0.0,0.0,0.48815589046586044,0.4592765480016865,0.0,0.4782608695652174,0.10204173611486693,0.0189873417721519,0.39064139524608293,0,0,0,0,0,0,0,1,0,0,1,0,0,1,0,1,0,0,0,0,0,0,0,0,0,0,0,1,0,0,0,0,0,0,0,0,0,0,0,0,0,0,0,0,0,0,0,0,0,0,0,0
0.058823529411764705,0.09716498474536493,0.12127619876858024,0.1337457033463949,0.09531502423263329,0.0,0.5253250009289917,0.4939291969222899,0.08108108108108109,0.7319587628865979,0.058578422171259206,0.18192547606914908,0.0,0.0,0.020332384383720696,0.9507757975331089,0.0,0.5217391304347826,0.03685978592745921,0.0,0.44839356135940844,0,0,0,0,1,0,0,0,0,1,0,0,0,0,1,1,0,0,0,0,0,0,0,0,0,0,0,0,0,0,0,0,0,0,0,0,0,1,0,0,0,0,0,0,0,0,0,0,0,0,0,0
0.0,0.00047406712039427354,0.1686983021332174,0.07462211874462281,0.14539579967689822,0.0,0.26566953777118696,0.09544050219414765,0.8648648648648649,0.19072164948453607,0.057257503182656634,0.11595607066219901,0.3333333333333333,0.0,0.7179904996813217,0.7479162031206514,0.0,0.5652173913043478,0.09338631882746856,0.0,0.49318962158236734,1,0,0,0,0,0,0,1,1,0,0,0,1,0,0,1,0,0,0,0,0,0,0,0,0,0,0,0,0,0,0,0,0,0,0,0,0,0,0,0,0,0,0,0,1,0,0,0,0,0,0,0
0.0392156862745098,0.1793053273879371,0.18346912121400602,0.23772166247364926,0.004846526655896607,0.0,0.4410920211485054,0.4890095834071277,0.02702702702702703,0.7680412371134021,0.139950591705972,0.19508033450493192,0.0,0.0,0.2811214810185337,0.753166113802073,0.0,0.6086956521739131,0.08353245914643041,0.0,0.5249530851670432,0,0,0,0,0,0,1,0,0,1,0,0,0,0,1,1,0,0,0,0,0,0,0,0,0,0,0,0,0,0,0,0,0,0,0,0,1,0,0,0,0,0,0,0,0,0,0,0,0,0,0,0
0.0392156862745098,0.026758976766017364,0.018657876733627732,0.018760525017431265,0.05977382875605816,0.3333333333333333,0.6868196780778646,0.5145915736859714,0.06756756756756757,0.31958762886597936,0.27365634997595334,0.37511257720802077,0.0,0.0,0.23057254864118423,0.5926291184923094,0.0,0.6521739130434783,0.01202539632592389,0.07317073170731708,0.817428104484503,0,0,0,1,0,0,0,0,0,0,0,1,1,0,0,1,0,0,0,0,0,0,1,0,0,0,0,0,0,0,0,0,0,0,0,0,0,0,0,0,0,0,0,0,0,0,0,0,0,0,0,0
0.0,0.2600375498709223,0.024877168978170307,0.22467369897532713,0.09369951534733441,0.6666666666666666,0.6477586703518574,0.06395497569710926,0.20270270270270271,0.7061855670103093,0.4462374666377331,0.2773052631032416,0.0,0.0,0.23641763426203377,0.275751891611743,0.0,0.6956521739130435,0.24039525244728083,0.0967741935483871,0.29436711593934617,0,1,0,0,0,0,1,0,1,0,0,0,0,0,1,1,0,0,0,0,0,0,0,0,0,0,0,0,0,0,0,1,0,0,0,0,0,0,0,0,0,0,0,0,0,0,0,0,0,0,0,0
0.0196078431372549,0.034738324337010094,0.0209901113253312,0.026915502203882582,0.0791599353796446,0.3333333333333333,0.703493425866103,0.25680382549146946,0.1891891891891892,0.27835051546391754,0.1965251488698989,0.07055182574566193,0.3333333333333333,0.0,0.999887523468105,0.8406452507752822,0.0,0.7391304347826086,0.02267821760272188,0.05660377358490566,0.5980191220754025,0,0,0,0,1,0,0,0,0,0,1,0,0,0,1,1,0,0,0,0,0,0,0,0,0,0,0,0,1,0,0,0,0,0,0,0,0,0,0,0,0,0,0,0,0,0,0,0,0,0,0,0
0.0196078431372549,0.05961511382304623,0.01477081908078862,0.04526420087339806,0.14862681744749595,0.6666666666666666,0.6937948813591999,0.30108034712792975,0.14864864864864866,0.9329896907216495,0.4180365348009324,0.2177887096647876,0.0,0.0,0.564948308944151,0.44687041981138936,0.0,0.782608695652174,0.031666535555020185,0.0625,0.4813773932340571,0,0,0,1,0,0,0,0,0,0,1,0,1,0,0,1,0,0,0,0,0,0,0,0,0,0,0,0,1,0,0,0,0,0,0,0,0,0,0,0,0,0,0,0,0,0,0,0,0,0,0,0
0.0196078431372549,0.5655996245012908,0.19979476335593027,0.581861699741895,0.046849757673667204,0.6666666666666666,1.0,1.0,0.17567567567567569,0.711340206185567,0.44257910044685406,0.36295826067819503,0.0,0.0,0.24956584899702144,0.3413281092877921,0.5,0.8260869565217391,0.2945249005600106,0.18181818181818182,0.1700950162222878,0,0,0,0,0,0,0,1,0,0,1,0,1,0,0,1,0,0,0,0,0,0,0,0,0,0,0,0,1,0,0,0,0,0,0,0,0,0,0,0,0,0,0,0,0,0,0,0,0,0,0,0
0.17647058823529413,0.04506453884064774,0.11272467193233421,0.08400034250904183,0.06785137318255251,0.0,0.43425135319707336,0.07772989353956355,0.013513513513513514,0.4536082474226804,0.20123426365806504,0.5750396247449132,0.0,0.0,0.3257854726802299,0.6532890543509089,0.0,0.8695652173913043,0.00909587047480444,0.0,0.5839256195703415,0,1,0,0,0,1,0,0,0,0,0,1,0,1,0,1,0,0,0,0,0,0,0,0,0,0,0,0,1,0,0,0,0,0,0,0,0,0,0,0,0,0,0,0,0,0,0,0,0,0,0,0
0.0,0.2656700305092701,0.0878475029541639,0.2625943428923258,0.17932148626817448,0.3333333333333333,0.26008914737733135,0.4978648877344197,0.35135135135135137,0.4536082474226804,0.2009555680528961,0.18085519554808593,0.0,0.0,0.47105205400347694,0.7092946178885904,0.0,0.9130434782608695,0.2775469666501138,0.026086956521739132,0.6713157073472898,0,0,0,1,0,0,0,0,0,0,1,0,0,0,1,1,0,0,0,0,0,0,0,0,0,0,1,0,0,0,0,0,0,0,0,0,0,0,0,0,0,0,0,0,0,0,0,0,0,0,0,0
0.0,0.06618634123445201,0.0,0.043225456576785226,0.004846526655896607,0.0,0.37376488439895467,0.1593954778912569,0.08108108108108109,0.0,0.03701263817296996,0.31491965544032796,0.0,0.0,0.5866217692384753,0.25727873451398153,0.0,0.9565217391304348,0.06262629739071435,0.0,0.29436711593934617,0,0,0,1,0,0,0,0,0,0,1,0,1,0,0,1,0,0,0,0,0,0,0,0,0,0,0,1,0,0,0,0,0,0,0,0,0,0,0,0,0,0,0,0,0,0,0,0,0,0,0,0
0.0,0.1037362121567707,0.8147272840350775,0.5031661698926397,0.10823909531502424,0.0,0.44308510388063765,0.0432925989334278,0.2702702702702703,0.29896907216494845,0.22569213187836404,0.06057895504342873,0.0,0.0,0.5306355708022918,0.8290507424350777,0.0,1.0,0.5132406373992694,0.0,0.4410927580475902,0,0,0,0,0,0,0,1,0,0,1,0,0,1,0,1,0,0,0,0,0,0,0,0,0,0,0,0,0,0,0,1,0,0,0,0,0,0,0,0,0,0,0,0,0,0,0,0,0,0,0,0
0.0196078431372549,0.0690025815536259,0.027209403569873773,0.05994315980901044,0.048465266558966075,0.0,0.3889969094748089,0.1416848692366728,0.013513513513513514,0.788659793814433,0.3456643482278581,0.2731890627141582,0.0,0.0,0.2736126880735271,0.656616694795178,0.0,0.0,0.03885718991685883,0.0,0.13914927256856027,0,0,1,0,0,1,0,0,0,1,0,0,1,0,0,0,0,1,0,0,0,0,0,0,0,0,0,0,0,0,0,0,0,0,0,0,0,1,0,0,0,0,0,0,0,0,0,0,0,0,0,0
0.0196078431372549,0.1708566064304154,0.8116176379128063,0.5598432613384765,0.027463651050080775,0.6666666666666666,0.602409708548693,0.157427632485192,0.12162162162162163,0.8350515463917526,0.43252743335983035,0.37035311664030074,0.0,0.0,0.5386903823922583,0.612519078280119,0.0,0.043478260869565216,0.2837389190172527,0.2857142857142857,0.22054637902379515,0,0,1,0,0,1,0,0,0,0,0,1,1,0,0,0,0,1,0,0,0,0,0,0,0,0,0,0,0,0,1,0,0,0,0,0,0,0,0,0,0,0,0,0,0,0,0,0,0,0,0,0
0.0196078431372549,0.026289603379488383,0.012438584489085153,0.01509078528352817,0.08723747980613894,0.3333333333333333,0.834008018617388,0.05411574866678475,0.06756756756756757,1.0,0.05271849492292672,0.3747872523631236,0.0,0.0,0.34115464862207945,0.4912921335405366,0.0,0.08695652173913043,0.016885746033462972,0.05172413793103448,0.6323388941509277,0,0,1,0,1,0,0,0,0,0,1,0,0,1,0,0,0,1,0,0,0,0,0,0,0,0,0,0,0,0,0,0,0,0,1,0,0,0,0,0,0,0,0,0,0,0,0,0,0,0,0,0
0.13725490196078433,0.01737150903543769,0.02954163816157724,0.016314031861495867,0.18578352180936994,0.0,0.8913592014830177,0.20563984493378207,0.16216216216216217,0.08247422680412371,0.6406444191176475,0.3531513766149379,0.0,0.0,0.6939742529942672,0.5437023445456179,0.0,0.13043478260869565,0.0034032691050155128,0.0,0.3596956515923554,0,0,1,1,0,0,0,0,1,0,0,0,0,1,0,0,0,1,0,0,0,0,0,0,0,0,0,0,0,0,0,0,0,0,0,0,0,0,0,0,1,0,0,0,0,0,0,0,0,0,0,0
0.09803921568627451,0.028167096925604318,0.0023322345917034665,0.011421045549625076,0.1583198707592892,0.0,0.5696891060085378,0.34535686876439,0.13513513513513514,0.24742268041237114,0.10753423970538462,0.20744975423687653,0.0,0.0,0.48318539715308945,0.3700272246446151,0.0,0.17391304347826086,0.004168940634285368,0.0,0.24169749890484477,0,0,1,0,0,1,0,0,0,0,1,0,1,0,0,0,0,1,0,0,0,0,0,0,0,0,0,0,0,0,0,0,0,0,0,0,0,0,0,0,0,0,0,0,0,1,0,0,0,0,0,0
0.0392156862745098,0.07134944848627083,0.12205361029914807,0.11172726494297633,0.05815831987075929,0.0,1.0,0.1928488497943602,0.13513513513513514,0.7680412371134021,0.1605017364092074,0.20913600170884844,0.0,0.0,0.3096313233887123,0.47554713199506315,0.0,0.21739130434782608,0.042385936964798164,0.0,0.4873703745557706,0,0,1,0,1,0,0,0,1,0,0,0,1,0,0,0,0,1,0,0,0,0,0,0,0,0,0,0,0,0,0,0,0,0,0,0,0,0,0,0,0,0,0,0,0,0,1,0,0,0,0,0
0.0196078431372549,0.048350152546350625,0.020212699794763374,0.03833247026491443,0.13893376413570274,0.3333333333333333,0.5696891060085378,0.09544050219414765,0.04054054054054054,0.36082474226804123,0.2229834843910001,0.2378548141346989,0.0,0.0,0.6178055022676846,0.57746493143199,0.0,0.2608695652173913,0.028270948773040826,0.03333333333333334,0.3482211019872103,0,0,1,0,0,1,0,0,1,0,0,0,1,0,0,0,0,1,0,0,0,0,0,0,0,0,0,0,0,0,0,0,0,0,0,0,1,0,0,0,0,0,0,0,0,0,0,0,0,0,0,0
0.11764705882352941,0.14597981694437925,0.0209901113253312,0.12355198186333075,0.13731825525040386,0.6666666666666666,0.25747235310008254,0.137749178424543,0.0945945945945946,0.24742268041237114,0.11099439378006021,0.40254474236160465,0.0,0.0,0.5527551437097769,0.33525371937035303,0.0,0.30434782608695654,0.019082890421802556,0.06741573033707865,0.44839356135940844,0,0,1,1,0,0,0,0,0,0,1,0,0,0,1,0,0,1,0,0,0,0,0,0,0,0,0,0,0,0,0,0,0,0,0,0,0,0,0,0,0,0,0,0,0,0,0,0,0,1,0,0
0.0392156862745098,0.2863224595165454,0.013993407550220797,0.2417991510668749,0.05977382875605816,0.0,0.7941471598092105,0.15644370978215957,0.08108108108108109,0.27835051546391754,0.14619100489866219,0.29952135437712274,0.0,0.0,0.3701619647428367,0.3990454216360845,0.0,0.34782608695652173,0.08486406180603016,0.0,0.5764895855592514,1,0,1,0,0,1,0,0,0,0,1,0,0,1,0,0,0,1,0,0,0,0,0,0,0,0,0,0,0,0,0,0,0,0,0,0,0,0,0,0,0,0,0,0,0,0,0,0,1,0,0,0
0.0,0.01737150903543769,0.19590770570309118,0.10357228775652501,0.033925686591276254,0.0,0.21629293339355524,0.18989708168526287,0.14864864864864866,0.9226804123711341,0.24716917147944073,0.6086184472058638,0.3333333333333333,0.0,0.6265590410734065,0.5266998121856465,0.0,0.391304347826087,0.12174945547694321,0.0,0.24169749890484477,0,0,1,1,0,0,0,0,1,0,0,0,1,0,0,0,0,1,0,0,0,0,0,0,0,0,0,0,0,0,0,0,0,0,0,0,0,0,1,0,0,0,0,0,0,0,0,0,0,0,0,0
0.0,0.02488148321990143,0.18191429815287039,0.10275679003787988,0.035541195476575124,0.0,0.4328237500647917,0.3886494676978178,0.22972972972972974,0.8608247422680413,0.22011095970820121,0.4446036172114981,0.0,0.5,0.6050730758430078,0.5159609397436187,0.0,0.43478260869565216,0.12095049388118337,0.0,0.29436711593934617,1,0,1,0,0,0,0,1,1,0,0,0,0,1,0,0,0,1,0,0,0,0,0,0,0,0,0,0,0,0,0,0,0,0,0,0,0,0,0,0,0,0,0,0,1,0,0,0,0,0,0,0
0.0196078431372549,0.007984041304858013,0.6219292244542577,0.3188636854788399,0.13408723747980614,0.0,0.6876262110551373,0.1987523860125549,0.12162162162162163,0.005154639175257732,0.1944872744629377,0.32465328106150243,0.0,0.0,0.7269361948888637,0.8394511629354122,0.0,0.4782608695652174,0.16569234324373494,0.0,0.47519998381900647,0,0,1,0,0,0,1,0,0,0,0,1,0,1,0,0,0,1,0,0,0,0,0,0,0,0,0,0,0,0,0,0,0,0,0,0,0,0,0,0,1,0,0,0,0,0,0,0,0,0,0,0
0.09803921568627451,0.6435156066651021,0.034983518875552,0.563105252213057,0.0630048465266559,0.0,0.5632351575785447,0.03443729460613575,0.02702702702702703,0.8402061855670103,0.3280274474081132,0.4336776186640239,0.3333333333333333,0.0,0.6223132285506686,0.5803825128095033,0.0,0.5217391304347826,0.09425186055620839,0.0,0.6174617212994257,0,1,1,0,1,0,0,0,0,0,1,0,1,0,0,0,0,1,0,0,0,0,0,0,0,0,0,0,0,0,0,0,0,0,0,0,0,0,1,0,0,0,0,0,0,0,0,0,0,0,0,0
0.37254901960784315,0.09106313072048815,0.10339573356552034,0.11906674441078252,0.024232633279483037,0.0,0.5455362235052225,0.09347265678808275,0.10810810810810811,0.5567010309278351,0.13579732845198658,0.0808908527837751,0.0,0.0,0.42568160613288664,0.33263112673923156,0.0,0.5652173913043478,0.005620387533249095,0.0,0.6665357204440179,0,1,1,0,0,0,0,1,0,0,0,1,0,0,1,0,0,1,0,0,0,0,0,0,0,0,0,0,0,0,0,0,0,0,0,0,0,0,0,0,0,0,0,0,0,1,0,0,0,0,0,0
0.0392156862745098,0.11171555972776342,0.015548230611356443,0.09093207311752546,0.011308562197092083,0.0,0.34774000755563533,0.18202570006100327,0.7432432432432432,0.845360824742268,0.2490056824412198,0.4083599633824327,0.6666666666666666,1.0,0.11148672807154358,0.8816866558765734,0.0,0.6086956521739131,0.035594763400839446,0.0,0.32309460536007956,0,0,1,0,0,0,0,1,0,0,1,0,1,0,0,0,0,1,0,0,0,0,0,0,0,0,0,0,0,0,0,0,0,0,0,1,0,0,0,0,0,0,0,0,0,0,0,0,0,0,0,0
0.0,0.009392161464444965,0.054418807139747546,0.022430264751334358,0.13247172859450726,0.0,0.5815351328712325,0.39356908121298,0.36486486486486486,0.6237113402061856,0.28634067233784866,0.23845478007986723,0.3333333333333333,0.0,0.5109219355415032,0.7672564928701949,0.0,0.6521739130434783,0.042252776698838194,0.0,0.6143492563875665,0,0,1,0,0,0,1,0,0,0,1,0,1,0,0,0,0,1,0,0,0,0,0,0,0,0,0,0,0,0,0,0,0,0,0,0,0,0,0,0,0,1,0,0,0,0,0,0,0,0,0,0
0.0,0.0633701009152781,0.04353504571179804,0.06361289954291353,0.03877221324717286,0.6666666666666666,0.7842526099838574,0.44866875258279726,0.0,0.6907216494845361,0.3208408495344107,0.49251837563865974,0.0,0.0,0.5439371700128206,0.5883427237232629,0.0,0.6956521739130435,0.08260033728471058,0.21428571428571427,0.30924428879084803,0,0,1,0,0,1,0,0,1,0,0,0,1,0,0,0,0,1,0,0,0,0,0,0,0,0,0,0,0,0,0,0,0,0,0,0,0,0,0,0,0,0,0,0,0,0,1,0,0,0,0,0
0.0784313725490196,0.1154705468199953,0.1376018409105045,0.15821063490574885,0.08723747980613894,0.0,0.5876838709205346,0.6425015250801899,0.10810810810810811,0.5773195876288659,0.0789945761641279,0.19462416194416512,0.0,0.0,0.4821002653129889,0.4584849395808033,0.5,0.7391304347826086,0.03402347226251175,0.0,0.772916998128378,0,0,1,0,0,0,1,0,1,0,0,0,1,0,0,0,0,1,0,0,0,0,0,0,0,0,0,0,0,0,0,0,0,0,0,0,0,0,0,0,0,1,0,0,0,0,0,0,0,0,0,0
0.0,0.04647265900023469,0.2565458050873813,0.16065712806168425,0.18739903069466882,0.0,0.417792191941433,0.17612216384280857,0.21621621621621623,0.7371134020618557,0.17217817114359635,0.18408677915034521,0.3333333333333333,0.0,0.0,0.5981572186414756,0.0,0.782608695652174,0.17767676718013267,0.0,0.24169749890484477,0,0,1,0,0,0,0,1,0,1,0,0,0,0,1,0,0,1,0,0,0,0,0,0,0,0,0,0,0,0,0,0,0,0,0,0,0,0,0,0,0,0,0,0,0,0,0,1,0,0,0,0
0.0784313725490196,0.22107955878901667,0.2495491013122709,0.30866996399577573,0.017770597738287562,0.3333333333333333,0.33440186922141596,0.29616073361276746,0.08108108108108109,0.8144329896907216,0.5471024369349546,0.5189779327958445,0.0,0.5,0.615651230018244,0.5586836133534463,0.5,0.8260869565217391,0.06350515514605018,0.2,0.6827902569524349,0,0,1,0,0,0,0,1,1,0,0,0,1,0,0,0,0,1,0,0,0,0,0,1,0,0,0,0,0,0,0,0,0,0,0,0,0,0,0,0,0,0,0,0,0,0,0,0,0,0,0,0
0.09803921568627451,0.8796104200891809,0.02876422663100942,0.7649409375777272,0.0630048465266559,0.6666666666666666,0.4219148821435648,0.0314855264970384,0.06756756756756757,0.5103092783505154,0.19286842259031342,0.07761956350542752,0.0,0.5,0.2771355974062495,0.5335277449079747,0.0,0.8695652173913043,0.1272090263813022,0.13953488372093023,0.33605071125044605,0,1,1,0,0,0,0,1,0,0,1,0,1,0,0,0,0,1,0,0,0,0,0,0,0,0,0,0,0,0,0,0,0,0,0,0,0,0,0,0,0,0,0,0,0,0,1,0,0,0,0,0
0.058823529411764705,0.018310255808495657,0.25110392437340656,0.13333795448707234,0.05492730210016155,0.0,0.662092620238968,0.22630222169746353,0.08108108108108109,0.10824742268041238,0.37898647028222615,0.19298628250847874,0.0,0.0,0.6171179265892076,0.4193583852259634,0.0,0.9130434782608695,0.03675991572798923,0.0,0.8056849930125781,0,0,1,0,0,1,0,0,0,0,0,1,0,1,0,0,0,1,0,0,0,0,0,0,0,0,1,0,0,0,0,0,0,0,0,0,0,0,0,0,0,0,0,0,0,0,0,0,0,0,0,0
0.0196078431372549,0.016432762262379722,0.07618632999564656,0.0399634657022047,0.09046849757673667,0.0,0.6523547525883633,0.0531318259637523,0.16216216216216217,0.09278350515463918,0.25962372172500553,0.4196861183454557,0.0,0.5,0.8330867158960642,0.8322429524028921,0.0,0.9565217391304348,0.02906991036880068,0.0,0.5523706191045827,0,0,1,1,0,0,0,0,0,0,1,0,0,0,1,0,0,1,0,0,0,0,0,0,0,0,0,0,0,0,0,0,0,0,0,0,0,1,0,0,0,0,0,0,0,0,0,0,0,0,0,0
0.0784313725490196,0.02018774935461159,0.054418807139747546,0.03180848851575337,0.18739903069466882,0.3333333333333333,0.4237308065160551,0.14857232815789997,0.04054054054054054,0.4175257731958763,0.11670857839486647,0.22167591264047343,0.3333333333333333,0.0,0.4174147552786449,0.2222615069564947,0.0,1.0,0.009255662793956409,0.025,0.26083101421026195,0,1,1,0,1,0,0,0,0,0,1,0,0,0,1,0,0,1,0,0,0,0,0,0,0,0,0,0,0,0,0,0,0,0,0,0,0,0,0,0,0,0,0,0,0,0,0,0,0,0,0,1
0.0392156862745098,0.4013189392161464,0.03420610734498417,0.35229909194329034,0.017770597738287562,0.0,0.1419243104655863,1.0,0.25675675675675674,0.4742268041237113,0.10091136592826982,0.24513625415607349,0.0,0.0,0.5645091941161078,0.23099858950459734,0.0,0.0,0.12095049388118337,0.0,0.3482211019872103,0,0,1,1,0,0,0,0,0,0,0,1,1,0,0,0,0,0,1,0,0,0,0,0,0,0,0,0,0,0,0,0,0,0,0,0,0,0,0,1,0,0,0,0,0,0,0,0,0,0,0,0
0.0,0.21310021121802394,0.04120281112009457,0.19246153908884442,0.10662358642972536,0.3333333333333333,0.6676236341280541,0.20367199952771717,0.0945945945945946,0.865979381443299,0.03019832287898743,0.5648199173997632,0.0,0.0,0.4781809431463884,0.4482988205234965,0.0,0.043478260869565216,0.20883626941476677,0.04285714285714286,0.5839256195703415,1,0,1,0,1,0,0,0,0,0,0,1,0,0,1,0,0,0,1,0,0,0,0,0,0,0,0,0,0,0,0,0,1,0,0,0,0,0,0,0,0,0,0,0,0,0,0,0,0,0,0,0
0.2549019607843137,0.05351325979816945,0.5760619441507562,0.3343581421330974,0.1583198707592892,0.0,0.40430756211785984,0.06789066650923906,0.04054054054054054,0.030927835051546393,0.39736752703787065,0.3086359705119651,0.0,0.0,0.5830426814742238,0.5413258282087429,0.0,0.08695652173913043,0.023648385254715982,0.0,0.6323388941509277,0,0,1,0,1,0,0,0,0,1,0,0,0,1,0,0,0,0,1,0,0,0,0,0,0,0,0,0,0,0,0,0,1,0,0,0,0,0,0,0,0,0,0,0,0,0,0,0,0,0,0,0
0.0196078431372549,0.06618634123445201,0.11505690652403767,0.10357228775652501,0.05492730210016155,0.0,0.721387032630872,0.22236653088533373,0.24324324324324326,0.8917525773195877,0.49519944702298946,0.2589980446942852,0.0,0.0,0.49321789673552024,0.5981572186414756,0.0,0.13043478260869565,0.060229412603434805,0.0,0.4335163885079065,0,0,1,0,1,0,0,0,0,0,1,0,0,1,0,0,0,0,1,0,0,0,0,0,0,0,0,0,0,0,0,0,0,0,0,0,0,0,0,0,0,0,0,1,0,0,0,0,0,0,0,0
0.09803921568627451,0.022065242900727526,0.09873126438211341,0.056681168934429906,0.05815831987075929,0.0,0.43260261762010693,0.09740834760021255,0.02702702702702703,0.05154639175257732,0.03844592804733862,0.19059861940777956,0.0,0.5,0.36120060218179256,0.5981572186414756,0.0,0.17391304347826086,0.011559335395063975,0.0,0.4554381426000973,0,0,1,0,0,0,1,0,0,0,0,1,1,0,0,0,0,0,1,0,0,0,0,0,0,0,1,0,0,0,0,0,0,0,0,0,0,0,0,0,0,0,0,0,0,0,0,0,0,0,0,0
0.0,0.1793053273879371,0.05908327632315448,0.17248184498203867,0.09369951534733441,0.3333333333333333,0.3862845542304665,0.06100320758801191,0.06756756756756757,0.5,0.25187422105145924,0.00585886915436443,0.0,0.5,0.2786480825727266,0.41258982053023885,0.0,0.21739130434782608,0.1892617103186505,0.04838709677419355,0.5802420306161505,0,0,1,0,0,0,1,0,0,1,0,0,0,0,1,0,0,0,1,0,0,0,0,0,1,0,0,0,0,0,0,0,0,0,0,0,0,0,0,0,0,0,0,0,0,0,0,0,0,0,0,0
0.1568627450980392,0.03943205820229993,1.0,0.6780904305420206,0.08723747980613894,0.0,0.6143016252872457,0.8196076116260309,0.06756756756756757,0.422680412371134,0.3818478299775645,0.009325915538252438,0.0,0.0,0.8096337520464192,0.4809583046274338,0.0,0.2608695652173913,0.07492142861435204,0.0,0.46882643372838395,0,1,1,0,0,0,1,0,0,1,0,0,0,1,0,0,0,0,1,0,0,0,0,0,0,0,0,0,0,0,0,0,0,0,0,0,0,0,0,0,0,0,0,0,0,1,0,0,0,0,0,0
0.17647058823529413,0.0460032856137057,0.35372224640835903,0.21121798661768246,0.10823909531502424,0.0,1.0,0.37585847255839594,0.527027027027027,0.5567010309278351,0.10554344378488853,0.3578253953044185,0.0,0.0,0.56452386612676,0.5703952726745737,0.0,0.30434782608695654,0.021559671368658093,0.0,0.22054637902379515,1,0,1,0,0,0,0,1,0,1,0,0,1,0,0,0,0,0,1,0,0,0,0,0,0,0,0,0,0,0,1,0,0,0,0,0,0,0,0,0,0,0,0,0,0,0,0,0,0,0,0,0
0.0392156862745098,0.1295517484158648,0.03342869581441635,0.115804753536202,0.10662358642972536,0.0,0.7333701609022122,0.21154338115197677,0.05405405405405406,0.041237113402061855,0.1724172049226848,0.11158539983955418,0.3333333333333333,0.0,0.6479275319987998,0.3326662121783723,0.0,0.34782608695652173,0.04371753962439792,0.0,0.30924428879084803,0,0,1,0,0,0,1,0,0,0,0,1,0,0,1,0,0,0,1,0,0,0,0,0,0,0,0,0,0,0,0,0,1,0,0,0,0,0,0,0,0,0,0,0,0,0,0,0,0,0,0,0
0.0784313725490196,0.05022764609246656,0.058305864792586655,0.05994315980901044,0.025848142164781908,0.3333333333333333,0.5696891060085378,0.1101993427396344,0.0,0.7628865979381443,0.49901945146753046,0.03888411215401302,0.0,0.0,0.5561209644381996,0.7241837745423434,0.0,0.391304347826087,0.014768497804699372,0.15000000000000002,0.4873703745557706,0,1,1,0,1,0,0,0,0,0,1,0,0,0,1,0,0,0,1,0,0,0,0,0,0,0,0,0,0,0,0,0,0,0,0,0,0,0,0,0,0,0,0,0,0,0,0,0,0,0,0,1
0.0784313725490196,0.047411405773292656,0.06219292244542577,0.05953541094968787,0.1518578352180937,0.0,0.6554019693268683,0.11905464706692646,0.06756756756756757,0.13402061855670103,0.09746596814058386,0.1919078083073949,0.0,0.0,0.6788352501517124,0.7650706043287663,0.5,0.43478260869565216,0.014688601645123384,0.0,0.6616391370713854,0,1,1,0,0,1,0,0,0,0,0,1,0,0,1,0,0,0,1,0,0,0,0,0,0,0,0,0,0,0,0,0,0,0,0,0,0,0,0,0,0,0,0,0,0,0,0,0,0,1,0,0
0.0,0.06430884768833607,0.09562161825984213,0.09174757083617059,0.17609046849757673,0.3333333333333333,0.23377350599701474,0.5401735639648151,0.14864864864864866,0.7835051546391752,0.10658175777744386,0.33811241960869665,0.0,0.0,0.28055781528309065,0.5713839715918729,0.0,0.4782608695652174,0.11016451233842539,0.02654867256637168,0.7354598739869365,0,0,1,0,0,0,0,1,0,0,0,1,0,1,0,0,0,0,1,0,0,0,0,0,0,0,0,0,0,0,0,0,0,0,0,0,0,0,0,0,0,0,0,0,0,0,0,0,1,0,0,0
0.0784313725490196,0.16053039192677776,0.03420610734498417,0.14312392711081393,0.07592891760904685,0.3333333333333333,0.3594198284024248,0.2046559222307496,0.1891891891891892,0.5670103092783505,0.03589226966556729,0.1971890289340466,0.0,1.0,0.4889060914367718,0.6340620647262393,0.0,0.5217391304347826,0.0310673143582003,0.058823529411764705,0.5839256195703415,0,0,1,0,0,1,0,0,0,1,0,0,0,1,0,0,0,0,1,0,0,0,0,0,0,0,0,0,0,0,0,0,0,0,0,0,0,0,0,0,0,0,0,0,0,0,0,0,0,1,0,0
0.0,0.41962450129077683,0.1337147832576654,0.4203931514501589,0.014539579967689823,0.0,0.08194235001156433,0.0,0.581081081081081,0.8917525773195877,0.1992534653651808,0.17318602193176105,0.0,0.0,0.5787662399888656,0.23846799347214925,0.0,0.5652173913043478,0.4321460354296447,0.0,0.4988449241609157,0,0,1,0,1,0,0,0,0,0,0,1,1,0,0,0,0,0,1,0,0,0,0,0,0,0,0,0,0,0,0,0,0,0,0,0,0,0,0,0,0,0,0,0,0,0,0,0,1,0,0,0
0.0196078431372549,0.12626613471016193,0.41746999191492046,0.31437844802629167,0.05815831987075929,0.6666666666666666,0.9293692593719171,1.0,0.3108108108108108,0.979381443298969,0.10108015381319706,0.65363537610483,0.0,0.0,0.7462671689482473,0.3382229837023727,0.0,0.6086956521739131,0.16349519885539535,0.15000000000000002,0.5802420306161505,0,0,1,0,0,0,0,1,0,1,0,0,1,0,0,0,0,0,1,0,0,0,0,0,0,0,0,0,0,0,0,0,0,0,0,0,0,1,0,0,0,0,0,0,0,0,0,0,0,0,0,0
0.13725490196078433,0.16240788547289367,0.01477081908078862,0.13456120106504002,0.07754442649434572,0.3333333333333333,0.8889067159095538,0.18399354546706817,0.12162162162162163,0.845360824742268,0.17978890670328493,0.10471221016426666,0.3333333333333333,0.5,1.0,0.5919017947930981,0.0,0.6521739130434783,0.017884448028162782,0.057692307692307696,0.32309460536007956,0,0,1,0,0,0,1,0,0,0,1,0,1,0,0,0,0,0,1,0,0,0,0,0,0,0,0,0,0,0,0,0,0,1,0,0,0,0,0,0,0,0,0,0,0,0,0,0,0,0,0,0
0.11764705882352941,0.04975827270593758,0.019435288264195553,0.039147967983559566,0.0210016155088853,0.0,0.6621894911350756,0.2105594584489443,0.04054054054054054,0.4536082474226804,0.2582455408073278,0.05008095247611482,0.0,1.0,0.5579202156398293,0.5981572186414756,0.0,0.6956521739130435,0.007269672541639069,0.0,0.41744781770568096,0,1,1,0,0,0,0,1,0,0,0,1,1,0,0,0,0,0,1,0,0,0,0,0,0,0,0,0,0,0,0,0,1,0,0,0,0,0,0,0,0,0,0,0,0,0,0,0,0,0,0,0
0.0,0.0258202299929594,0.04508986877293368,0.03180848851575337,0.046849757673667204,0.0,0.6106933882098333,0.3817620087765906,0.36486486486486486,0.41237113402061853,0.555335528989833,0.3114588203246074,0.0,0.5,0.3305339198712967,0.8333214572924196,0.0,0.7391304347826086,0.05144083505007646,0.0,0.29436711593934617,0,0,1,0,0,0,0,1,0,0,0,1,0,0,1,0,0,0,1,0,0,0,0,0,0,0,0,0,0,0,0,0,0,0,0,0,0,0,0,0,0,0,0,1,0,0,0,0,0,0,0,0
0.0,0.13659234921379956,0.04819951489520497,0.12966821475316923,0.01615508885298869,0.0,0.2736441605885256,0.23318968061869066,0.06756756756756757,0.6649484536082474,0.29798986904459973,0.06349187030236814,0.0,0.0,0.2167912642417539,0.8289310178364608,0.0,0.782608695652174,0.1473162265412584,0.0,0.22054637902379515,0,0,1,0,1,0,0,0,0,0,1,0,0,0,1,0,0,0,1,0,0,0,0,0,0,0,0,0,0,0,0,0,0,0,0,0,0,1,0,0,0,0,0,0,0,0,0,0,0,0,0,0
0.0,0.0779206758976766,0.764972946078737,0.4546440556332544,0.1098546042003231,0.0,0.5398716879854895,0.29222504280063766,0.05405405405405406,0.6494845360824743,0.23244995952064973,0.033486909182549075,0.0,0.0,0.2786752093126266,0.23307274960089078,0.0,0.8260869565217391,0.46570242245155835,0.0,0.5043452672833115,0,0,1,1,0,0,0,0,0,0,1,0,1,0,0,0,0,0,1,0,0,0,0,0,0,0,1,0,0,0,0,0,0,0,0,0,0,0,0,0,0,0,0,0,0,0,0,0,0,0,0,0
0.0784313725490196,0.008453414691386997,0.2518813359039744,0.125182977300621,0.07592891760904685,0.0,0.9418620407666557,0.1062636519275046,0.06756756756756757,0.7938144329896907,0.2468527501771273,0.342308510551096,0.0,0.0,0.30648522170352055,0.5610533054684832,0.0,0.8695652173913043,0.027551883336856965,0.0,0.4813773932340571,0,0,1,1,0,0,0,0,0,0,0,1,0,1,0,0,0,0,1,0,0,0,0,0,0,0,0,0,0,0,0,0,0,1,0,0,0,0,0,0,0,0,0,0,0,0,0,0,0,0,0,0
0.0,0.04224829852147383,0.23633310529261792,0.14638591798539444,0.011308562197092083,0.6666666666666666,0.6099542071630517,0.0432925989334278,0.02702702702702703,0.4845360824742268,0.47624319033037643,0.19505946167015015,0.6666666666666666,0.0,0.0,0.5981572186414756,0.0,0.9130434782608695,0.16369493925433531,0.5454545454545455,0.5687674810110055,0,0,1,1,0,0,0,0,0,0,1,0,1,0,0,0,0,0,1,0,0,0,0,0,0,0,0,0,0,0,0,0,0,0,0,0,0,0,0,0,1,0,0,0,0,0,0,0,0,0,0,0
0.058823529411764705,0.05726824689040132,0.05908327632315448,0.06646714155817149,0.0888529886914378,0.3333333333333333,0.4708621304103419,0.19973630871558737,0.06756756756756757,0.4639175257731959,0.4590378784166801,0.3972586694173916,0.0,0.0,0.3274369874239232,0.08710400005287444,0.0,0.9565217391304348,0.02038120301491231,0.05084745762711865,0.5436409843838745,0,0,1,0,0,0,1,0,0,0,1,0,0,1,0,0,0,0,1,0,0,0,1,0,0,0,0,0,0,0,0,0,0,0,0,0,0,0,0,0,0,0,0,0,0,0,0,0,0,0,0,0
0.09803921568627451,0.03333020417742314,0.05752845326201884,0.04485645201407549,0.061389337641357025,0.0,0.23238374944680226,0.4968809650313873,0.08108108108108109,0.11855670103092783,0.523691299908295,0.1712801136999035,0.0,0.0,0.6237180718909959,0.6673635962780476,0.0,1.0,0.009628511538644339,0.0,0.4873703745557706,0,0,1,0,0,0,1,0,0,1,0,0,0,1,0,0,0,0,1,0,0,0,0,0,0,0,0,0,0,0,0,0,0,0,0,1,0,0,0,0,0,0,0,0,0,0,0,0,0,0,0,0
0.0392156862745098,0.34921849331142923,0.012438584489085153,0.29562200049745363,0.10177705977382875,0.0,0.8595160999509406,0.08560127516382315,0.1891891891891892,0.16494845360824742,0.15254445559434743,0.05784676899634162,0.0,0.0,0.48725026036976726,0.5146462822801394,0.0,0.0,0.10244121691274685,0.0,0.5436409843838745,0,0,0,0,0,0,1,0,1,0,0,0,0,0,1,0,1,0,0,0,0,0,0,0,0,0,0,0,0,0,0,0,0,0,0,1,0,0,0,0,0,0,0,0,0,0,0,0,0,0,0,0
0.11764705882352941,0.11171555972776342,0.196685117233659,0.18593755733968337,0.045234248788368334,0.0,0.5696891060085378,0.078713816242596,0.06756756756756757,0.8247422680412371,0.1906487045719113,0.09445761705430009,0.0,0.0,0.41617485228654255,0.805125153375374,0.0,0.043478260869565216,0.02781439928974949,0.0,0.4410927580475902,0,0,0,1,0,0,0,0,0,0,1,0,1,0,0,0,1,0,0,0,0,0,0,0,0,0,0,0,0,0,0,0,0,0,0,0,0,0,0,0,0,0,0,0,0,0,0,0,1,0,0,0
0.0196078431372549,0.3093217554564656,0.14148889856334362,0.3286496581025815,0.030694668820678513,0.0,0.23265087951255248,0.42308676230395353,0.02702702702702703,0.9896907216494846,0.13808728099904446,0.4457271862424704,0.0,0.0,0.12607893387734542,0.9804941895123077,0.0,0.08695652173913043,0.17048611281829404,0.0,0.5199960440419653,0,0,0,0,0,1,0,0,0,0,1,0,0,0,1,0,1,0,0,0,0,0,0,0,0,0,0,0,0,0,0,0,0,0,0,0,0,1,0,0,0,0,0,0,0,0,0,0,0,0,0,0
0.0196078431372549,0.08683877024172729,0.3467255426332487,0.2430223976448426,0.03231017770597738,0.0,0.39900049997941606,0.10331188381840725,0.013513513513513514,0.6030927835051546,0.16579776065105806,0.247819072859025,0.0,0.0,0.6947179282257713,0.7072681157539288,0.0,0.13043478260869565,0.12854062904090194,0.0,0.32309460536007956,0,1,0,0,1,0,0,0,0,0,0,1,1,0,0,0,1,0,0,0,0,0,0,0,0,0,0,0,0,0,0,0,0,0,0,0,0,0,0,0,0,0,0,0,0,0,0,0,1,0,0,0
0.0,0.06994132832668387,0.0629703339759936,0.0795151050564936,0.04038772213247173,0.6666666666666666,0.328407147677177,0.1082314973335695,0.12162162162162163,0.34536082474226804,0.16369913501241087,0.3043168007339046,0.0,0.0,0.5801125689356411,0.6015168474119353,0.0,0.17391304347826086,0.09818008840202766,0.20689655172413793,0.5096989169644132,0,0,0,1,0,0,0,0,0,0,0,1,1,0,0,0,1,0,0,0,0,0,0,0,0,0,0,0,0,0,0,0,0,0,0,0,0,0,0,0,0,0,0,0,0,0,0,0,0,1,0,0
0.11764705882352941,0.018310255808495657,0.06841221468996835,0.0375169725462693,0.06623586429725363,0.3333333333333333,0.5573678279668598,0.11216718814569931,0.10810810810810811,0.05670103092783505,0.39147729812281756,0.20427974963490617,0.3333333333333333,0.0,0.4684546565551152,0.33720072242661614,0.0,0.21739130434782608,0.007041397799993399,0.06666666666666668,0.5647921042649243,0,0,0,0,1,0,0,0,0,0,1,0,1,0,0,0,1,0,0,0,0,0,0,0,0,0,0,0,0,0,0,0,0,0,0,0,0,0,0,1,0,0,0,0,0,0,0,0,0,0,0,0
0.0,0.06430884768833607,0.09795385285154559,0.09297081741413829,0.07431340872374798,0.0,0.6251256670644689,0.14857232815789997,0.06756756756756757,0.041237113402061855,0.0354293947981397,0.10342303245577977,0.3333333333333333,0.5,0.002543010264969768,0.8755182838447092,0.0,0.2608695652173913,0.11136295473206517,0.0,0.32309460536007956,0,1,0,1,0,0,0,0,1,0,0,0,1,0,0,0,1,0,0,0,0,0,0,0,0,0,0,0,0,0,0,0,0,0,0,0,0,0,0,0,0,0,0,0,0,1,0,0,0,0,0,0
0.058823529411764705,0.06430884768833607,0.22311710927296494,0.15861838376507142,0.05492730210016155,0.3333333333333333,0.48313738374678106,0.0255819902788437,0.06756756756756757,0.6752577319587629,0.244668814094929,0.2303180175824518,0.0,0.0,0.36677723357166825,0.44423068095705537,0.5,0.30434782608695654,0.04295186809512806,0.07894736842105263,0.4554381426000973,0,0,0,0,0,1,0,0,1,0,0,0,0,1,0,0,1,0,0,0,0,0,0,0,0,0,0,0,0,0,0,0,0,0,0,0,0,0,0,0,0,0,0,0,0,0,0,0,0,0,1,0
0.0392156862745098,0.008922788077915982,0.011661172958517332,0.0,0.04361873990306947,0.0,0.7389686352113158,0.09544050219414765,0.13513513513513514,0.6443298969072165,0.23382596803736672,0.6239376317970676,0.0,0.0,0.5634951352653156,0.32199785724683366,0.0,0.34782608695652173,0.005898692489105442,0.0,0.33605071125044605,0,0,0,1,0,0,0,0,0,1,0,0,1,0,0,0,1,0,0,0,0,0,0,0,0,0,0,0,0,0,0,0,0,0,0,0,0,0,0,0,0,0,1,0,0,0,0,0,0,0,0,0
0.0,0.031922084017836194,0.18735617886684514,0.11172726494297633,0.046849757673667204,0.3333333333333333,0.5994405575960949,0.19186492709132777,0.2972972972972973,0.28350515463917525,0.4103750938923912,0.13502330363095416,0.0,0.5,0.4651276053473066,0.8730799543841432,0.0,0.391304347826087,0.12973907143454172,0.09090909090909091,0.3482211019872103,0,0,0,0,0,1,0,0,1,0,0,0,0,0,1,0,1,0,0,0,0,0,0,0,0,0,0,0,0,0,0,0,0,0,0,0,0,0,0,0,0,0,1,0,0,0,0,0,0,0,0,0
0.0196078431372549,0.04224829852147383,0.07851856458735003,0.06361289954291353,0.529886914378029,0.0,0.7959724430842319,0.1908810043882953,0.05405405405405406,0.18556701030927836,0.15889051722473563,0.5510533081631166,0.0,0.0,0.5120478823105646,0.8170402635211562,0.0,0.43478260869565216,0.0406548535073185,0.0,0.24169749890484477,0,0,0,0,0,0,0,1,0,0,0,1,0,1,0,0,1,0,0,0,0,0,0,0,0,0,0,0,0,0,0,0,0,0,0,0,0,0,1,0,0,0,0,0,0,0,0,0,0,0,0,0
0.17647058823529413,0.10326683877024172,0.02176752285589902,0.0868545845242998,0.03231017770597738,0.0,0.5123167195714338,0.40340830824330454,0.10810810810810811,0.06701030927835051,0.3685065014160019,0.3579241295709716,0.0,0.0,0.6170590595917496,0.5981572186414756,0.0,0.4782608695652174,0.009375507033320386,0.0,0.6713157073472898,0,0,0,0,0,0,1,0,0,1,0,0,1,0,0,0,1,0,0,0,0,0,0,0,0,0,0,0,0,0,0,0,0,0,0,0,0,0,0,0,0,0,0,0,0,0,0,1,0,0,0,0
0.0392156862745098,0.10936869279511852,0.0038870576528391106,0.08277709593107414,0.03877221324717286,0.3333333333333333,0.5696891060085378,0.6749709742802608,0.21621621621621623,0.6855670103092784,0.19214641577742828,0.5479396909208991,0.0,0.0,0.5041324690020476,0.6780976482096204,0.0,0.5217391304347826,0.03293155808163995,0.10714285714285714,0.6351864591358805,0,0,0,0,0,0,0,1,0,1,0,0,0,1,0,0,1,0,0,0,0,0,0,0,0,0,0,0,0,0,0,0,0,0,0,0,0,0,0,0,0,0,0,0,0,0,0,0,0,0,0,1
0.0,0.03051396385824924,0.06841221468996835,0.04811844288865602,1.0,0.0,0.47089365166904285,0.5283664915284257,0.05405405405405406,0.6082474226804123,0.1649253038699632,0.5682517134144008,0.0,0.0,0.6094474958206387,0.6968695650530833,0.0,0.5652173913043478,0.06742006696527345,0.0,0.5391295593473825,0,0,0,1,0,0,0,0,0,0,1,0,0,0,1,0,1,0,0,0,0,0,0,0,0,0,0,0,0,0,0,0,0,0,0,1,0,0,0,0,0,0,0,0,0,0,0,0,0,0,0,0
0.058823529411764705,0.11030743956817649,0.415137757323217,0.29929174023135674,0.09369951534733441,0.0,0.40318401624865846,0.334533719031033,0.0945945945945946,0.32989690721649484,0.1658570420973067,0.12208199910274004,0.0,0.0,0.2917116263835206,0.4239327596393359,0.0,0.6086956521739131,0.07740708691227156,0.0,0.7982945891790858,0,0,0,0,0,0,1,0,0,0,0,1,0,0,1,0,1,0,0,0,0,0,0,0,0,0,0,0,0,0,0,0,0,0,0,0,0,0,0,0,0,0,0,0,0,1,0,0,0,0,0,0
0.0196078431372549,0.05069701947899554,0.5340817215000938,0.3098932105737434,0.01615508885298869,0.0,0.3786111780142455,0.137749178424543,0.0945945945945946,0.7319587628865979,0.09573653887133955,0.05875452655228097,0.0,0.0,0.21101868709139054,0.5534686011608786,0.0,0.6521739130434783,0.16129805446705575,0.0,0.40890397658035194,0,0,0,0,0,1,0,0,0,0,0,1,0,1,0,0,1,0,0,0,0,0,0,0,0,0,0,0,0,0,0,0,0,0,0,0,0,0,0,1,0,0,0,0,0,0,0,0,0,0,0,0
1.0,0.0,0.12127619876858024,0.04648744745136576,0.13408723747980614,0.3333333333333333,0.5415420886094924,0.08756912056988805,0.02702702702702703,0.845360824742268,0.07385319894764791,0.4024606174873953,0.0,0.0,0.572781566581596,0.3635318125920756,0.0,0.6956521739130435,0.0,0.034482758620689655,0.9901134787821477,0,0,0,1,0,0,0,0,1,0,0,0,0,0,1,0,1,0,0,0,0,0,0,0,0,0,1,0,0,0,0,0,0,0,0,0,0,0,0,0,0,0,0,0,0,0,0,0,0,0,0,0
0.058823529411764705,0.034738324337010094,0.7346538963865918,0.40122895506199824,0.027463651050080775,0.3333333333333333,0.24008399694213747,0.1593954778912569,0.12162162162162163,0.5154639175257731,0.39889725332352716,0.34106359284901283,0.0,0.0,0.6164126822361418,0.9375457125479967,0.0,0.7391304347826086,0.10237463677976687,0.14285714285714285,0.40890397658035194,0,1,0,0,0,0,1,0,0,1,0,0,0,1,0,0,1,0,0,0,0,0,0,0,0,0,0,0,0,0,0,0,0,0,0,0,0,0,0,0,0,0,0,0,0,0,0,0,0,0,1,0
0.0196078431372549,0.22201830556207464,0.07618632999564656,0.21855746608548865,0.1421647819063005,0.0,0.6425553525127505,0.25680382549146946,0.10810810810810811,0.26288659793814434,0.11246054975819235,0.08341413593993019,0.3333333333333333,0.0,0.5816362178084626,0.7332327163581879,0.0,0.782608695652174,0.11655620510450419,0.0,0.49318962158236734,0,0,0,1,0,0,0,0,0,1,0,0,1,0,0,0,1,0,0,0,0,0,0,0,0,0,0,0,0,0,0,0,0,0,0,0,0,0,0,0,0,0,0,1,0,0,0,0,0,0,0,0
0.17647058823529413,0.004698427599155128,0.2386653398843214,0.11498925581755685,0.05331179321486268,0.0,0.20296259829615879,0.3109195741582542,0.16216216216216217,0.005154639175257732,0.06195367027763328,0.41837473356467286,0.0,0.0,0.4992058984668659,0.44461363775334084,0.0,0.8260869565217391,0.012131924538691868,0.0,0.3705496443958529,0,0,0,0,0,0,1,0,0,0,1,0,1,0,0,0,1,0,0,0,0,0,0,0,0,0,0,0,0,0,0,0,0,0,0,0,0,0,0,0,0,0,0,0,0,0,0,0,0,0,0,1
0.0,0.0722881952593288,0.04664469183406933,0.07299112330733255,0.04361873990306947,0.3333333333333333,0.615999958349562,0.26467520711572906,0.02702702702702703,0.7989690721649485,0.28737237690129885,0.3312288075797545,0.0,0.0,0.4022552292240477,0.7605666640752092,0.0,0.8695652173913043,0.09178839563594886,0.0967741935483871,0.5096989169644132,0,0,0,0,0,0,1,0,0,0,1,0,1,0,0,0,1,0,0,0,0,0,0,0,1,0,0,0,0,0,0,0,0,0,0,0,0,0,0,0,0,0,0,0,0,0,0,0,0,0,0,0
0.0392156862745098,0.3919314714855668,0.04353504571179804,0.3490371010687098,0.25363489499192243,0.0,0.3136771545207049,0.1416848692366728,0.10810810810810811,0.5773195876288659,0.3328873417226399,0.21523078137070167,0.0,0.0,0.5161010002451965,0.8135943861128054,0.0,0.9130434782608695,0.11988521175350356,0.0,0.5945874151686574,0,1,0,0,0,0,0,1,0,0,0,1,0,0,1,0,1,0,0,0,0,0,0,0,0,0,0,0,0,0,0,0,0,0,0,0,0,0,0,0,0,0,0,1,0,0,0,0,0,0,0,0
0.29411764705882354,0.023942736446843464,0.035760930406119815,0.025284506766592323,0.10662358642972536,0.0,0.5696891060085378,0.3020642698309622,0.2972972972972973,0.34536082474226804,0.11362665243471623,0.0635249686195168,0.0,0.0,0.5519156998023442,0.5083281601871951,0.0,0.9565217391304348,0.0016056055145558512,0.0,0.42564283169636397,0,1,0,0,0,0,1,0,0,0,1,0,0,1,0,0,1,0,0,0,0,0,0,0,0,0,0,0,0,0,1,0,0,0,0,0,0,0,0,0,0,0,0,0,0,0,0,0,0,0,0,0
0.0392156862745098,0.0633701009152781,0.0038870576528391106,0.04281770771746266,0.15024232633279483,0.3333333333333333,0.7044972386489774,0.4368616801464078,0.5,0.005154639175257732,0.24753921462722742,0.49123764290684974,0.0,0.0,0.5646822767517066,0.6178441586022724,0.0,1.0,0.019881852017562405,0.030927835051546393,0.7641873634076698,0,1,0,1,0,0,0,0,0,1,0,0,1,0,0,0,1,0,0,0,0,0,0,0,0,0,0,0,0,0,0,0,0,0,0,0,0,0,0,0,0,0,0,0,0,0,0,0,0,0,1,0
0.0,0.010330908237502932,0.3467255426332487,0.17655933357526435,0.09531502423263329,0.0,1.0,0.32469449200070855,0.28378378378378377,0.8144329896907216,0.2545096356782642,0.6439889902527159,0.0,0.0,1.0,0.6881464801927012,0.0,0.0,0.19325651829744975,0.0,0.4873703745557706,0,0,0,0,1,0,0,0,1,0,0,0,0,1,0,0,0,0,0,0,1,0,1,0,0,0,0,0,0,0,0,0,0,0,0,0,0,0,0,0,0,0,0,0,0,0,0,0,0,0,0,0
0.0196078431372549,0.4107064069467261,0.037315753467255464,0.3620850645670319,0.04361873990306947,0.3333333333333333,0.36828012777322094,0.15250801897002977,0.02702702702702703,0.9278350515463918,0.5745147232265146,0.2328880498207841,0.0,0.0,0.27527297704069564,0.49982187738162265,0.5,0.043478260869565216,0.18686482553137093,0.0967741935483871,0.49318962158236734,1,0,0,0,1,0,0,0,0,0,1,0,0,0,1,0,0,0,0,0,1,0,0,0,0,0,1,0,0,0,0,0,0,0,0,0,0,0,0,0,0,0,0,0,0,0,0,0,0,0,0,0
0.17647058823529413,0.05726824689040132,0.03031904969214506,0.05138043376323655,0.1098546042003231,0.0,0.5536562564413303,0.06985851191530396,0.14864864864864866,0.4793814432989691,0.3899546129908149,0.26755862659264606,0.6666666666666666,0.0,1.0,0.8002208713924496,0.0,0.08695652173913043,0.005900024091765042,0.0,0.2782985451371206,0,0,0,0,0,0,0,1,1,0,0,0,0,1,0,0,0,0,0,0,1,0,0,0,0,0,0,0,0,0,0,0,0,0,0,0,0,0,0,0,0,0,0,0,0,1,0,0,0,0,0,0
0.058823529411764705,0.06712508800750996,0.018657876733627732,0.053826926919171944,0.1825525040387722,0.3333333333333333,0.43906721449764025,0.06789066650923906,0.06756756756756757,0.26804123711340205,0.6156172084864143,0.1867846335129411,0.0,0.0,0.20377349527694472,0.5981572186414756,0.0,0.13043478260869565,0.017285226831342895,0.025641025641025644,0.5199960440419653,0,1,0,0,0,1,0,0,0,0,1,0,1,0,0,0,0,0,0,0,1,0,0,0,0,0,1,0,0,0,0,0,0,0,0,0,0,0,0,0,0,0,0,0,0,0,0,0,0,0,0,0
0.0,0.30275052804505986,0.0629703339759936,0.2817585392804864,0.07269789983844911,0.0,0.4098701616936116,0.0826495070547258,0.13513513513513514,0.6185567010309279,0.16298878009927084,0.35918654312839887,0.0,0.0,0.5532708830463756,0.9351534159443263,0.0,0.17391304347826086,0.2963225641504703,0.0,0.42564283169636397,0,0,0,0,1,0,0,0,0,1,0,0,0,1,0,0,0,0,0,0,1,0,0,0,0,0,0,0,0,0,0,0,0,0,0,1,0,0,0,0,0,0,0,0,0,0,0,0,0,0,0,0
0.0,0.13800046937338653,0.5892779401704091,0.41468466741964294,0.2972536348949919,0.0,0.44082276362798284,0.19580061790345757,0.05405405405405406,0.8711340206185567,0.4638521722286088,0.017265899835236104,0.0,0.0,0.2169615999561597,0.6142384310695845,0.0,0.21739130434782608,0.42655330425932575,0.0,0.33605071125044605,1,0,0,0,0,0,0,1,0,0,1,0,0,1,0,0,0,0,0,0,1,0,0,0,0,0,0,0,0,0,0,0,0,0,0,0,0,0,0,0,0,0,0,0,0,0,0,0,0,0,1,0
0.0196078431372549,0.02018774935461159,0.8504882144411974,0.44934332046206105,0.13570274636510501,0.0,0.5696891060085378,0.24401283035204763,0.013513513513513514,0.5876288659793815,0.25986633226802774,0.2019706733653932,0.0,0.0,0.5363704359960414,0.9159761803169695,0.0,0.2608695652173913,0.22960927090452285,0.0,0.30924428879084803,0,1,0,0,0,0,1,0,0,1,0,0,1,0,0,0,0,0,0,0,1,0,0,0,0,0,0,0,0,0,0,0,0,0,0,0,0,0,1,0,0,0,0,0,0,0,0,0,0,0,0,0
0.058823529411764705,0.027697723539075333,0.008551526836246043,0.014275287564883037,0.07754442649434572,0.3333333333333333,0.4861670009271219,0.0334533719031033,0.08108108108108109,0.010309278350515464,0.31198818149761126,0.3990903203383772,0.0,0.0,0.6801874380322476,0.8588422678344376,0.0,0.30434782608695654,0.007597817482754722,0.057692307692307696,0.925155809603502,0,0,0,1,0,0,0,0,0,0,0,1,1,0,0,0,0,0,0,0,1,0,0,0,0,0,0,0,0,0,0,0,0,0,0,0,0,0,1,0,0,0,0,0,0,0,0,0,0,0,0,0
0.1568627450980392,0.11359305327387936,0.052863984078611904,0.1121350138022989,0.08077544426494346,0.3333333333333333,1.0,0.098392270303245,0.17567567567567569,0.1958762886597938,0.031711929728313035,0.16290805447811296,0.0,0.0,0.4781394273972201,0.9795702967054446,0.0,0.34782608695652173,0.013312612230203644,0.05555555555555555,0.39998028677882225,0,0,0,0,0,0,1,0,0,0,1,0,1,0,0,0,0,0,0,0,1,0,0,0,0,0,0,0,0,0,0,0,1,0,0,0,0,0,0,0,0,0,0,0,0,0,0,0,0,0,0,0
0.11764705882352941,0.028636470312133303,0.02254493438646684,0.022430264751334358,0.07269789983844911,0.3333333333333333,0.6668176303538978,0.19383277249739267,0.13513513513513514,0.09278350515463918,0.31903461623178525,0.47945996268258834,0.0,0.0,0.6782633507672137,0.7336342853535799,0.0,0.391304347826087,0.004929856439770938,0.061224489795918366,0.19690143868188575,0,0,0,1,0,0,0,0,0,0,1,0,1,0,0,0,0,0,0,0,1,0,0,0,0,0,0,0,0,0,0,0,0,0,0,0,0,0,1,0,0,0,0,0,0,0,0,0,0,0,0,0
0.058823529411764705,0.00047406712039427354,0.24877168978170308,0.11662025125484712,0.01938610662358643,0.0,0.38186633771046063,0.0649388984001417,0.13513513513513514,0.41237113402061853,0.11163146588411794,0.5376274138069119,0.0,0.0,0.3810530492350024,0.7105175666111739,0.0,0.43478260869565216,0.03266523754972,0.0,0.32309460536007956,1,0,0,0,0,1,0,0,0,0,0,1,0,1,0,0,0,0,0,0,1,0,0,0,0,0,0,0,0,0,0,1,0,0,0,0,0,0,0,0,0,0,0,0,0,0,0,0,0,0,0,0
0.0,0.059145740436517255,0.11194726040176638,0.09582505942939624,0.05977382875605816,0.0,0.510416144142979,0.22728614440049597,0.12162162162162163,0.4536082474226804,0.07466696279088152,0.4406448982497279,0.0,0.0,0.03502573745676598,0.9163222913064331,0.0,0.4782608695652174,0.11415932031722464,0.0,0.4335163885079065,0,0,0,0,0,0,0,1,0,0,1,0,0,0,1,0,0,0,0,0,1,0,0,0,0,1,0,0,0,0,0,0,0,0,0,0,0,0,0,0,0,0,0,0,0,0,0,0,0,0,0,0
0.0,0.00751466791832903,0.037315753467255464,0.011828794408947641,0.0791599353796446,0.3333333333333333,0.4234630604229107,0.11905464706692646,0.13513513513513514,0.5360824742268041,0.07741196980959356,0.23053584202612573,0.0,1.0,0.6045606940110323,0.14701505355363734,0.0,0.5217391304347826,0.03186627595396015,0.05660377358490566,0.44839356135940844,0,0,0,0,0,0,0,1,0,1,0,0,1,0,0,0,0,0,0,0,1,0,0,0,0,0,0,0,0,0,0,0,0,0,0,0,0,1,0,0,0,0,0,0,0,0,0,0,0,0,0,0
0.0784313725490196,0.4060126730814363,0.0878475029541639,0.384511251829773,0.045234248788368334,0.3333333333333333,0.743569063776073,0.078713816242596,0.16216216216216217,0.7577319587628866,0.08267802974980105,0.3710561882691884,0.0,0.0,0.47772569752173805,0.5366513007033439,0.0,0.5652173913043478,0.07836584082718338,0.09375,0.5436409843838745,0,0,0,0,1,0,0,0,1,0,0,0,0,1,0,0,0,0,0,0,1,0,0,0,0,0,0,0,0,0,0,0,0,0,0,0,0,0,0,0,1,0,0,0,0,0,0,0,0,0,0,0
0.0,0.07839004928420558,0.045867280303501505,0.07788410961920335,0.08723747980613894,0.0,0.256221313249754,0.16431509140641917,0.08108108108108109,0.10824742268041238,0.36578386495385784,0.16259678984804088,0.0,0.0,0.36915160517838064,0.5199250441852479,0.0,0.6086956521739131,0.09658216521050796,0.0,0.5647921042649243,0,0,0,0,0,0,0,1,0,1,0,0,1,0,0,0,0,0,0,0,1,0,0,0,0,0,0,0,0,0,0,0,0,0,0,0,0,0,0,0,1,0,0,0,0,0,0,0,0,0,0,0
0.0196078431372549,0.019249002581553626,0.4998756141551096,0.26463308718893863,0.06623586429725363,0.3333333333333333,0.31573544532952247,0.21941476277623637,0.10810810810810811,0.9432989690721649,0.6608335671797897,0.7426710787703044,0.0,0.5,0.383844934439701,0.6703249533638074,0.0,0.6521739130434783,0.13912687018471995,0.06666666666666668,0.33605071125044605,0,0,0,0,0,1,0,0,1,0,0,0,1,0,0,0,0,0,0,0,1,0,0,0,0,0,0,0,0,0,0,0,0,0,0,0,0,0,0,0,0,0,0,0,0,0,0,0,0,1,0,0
0.058823529411764705,0.0258202299929594,0.1508178369301575,0.08726233338362237,0.12762520193861066,0.0,0.4654868534393073,0.0688745892122715,0.3918918918918919,0.26288659793814434,0.29225049964697364,0.0809075969715694,0.0,0.0,0.557720860059114,0.471398104671454,0.0,0.6956521739130435,0.02547458318788135,0.0,0.5043452672833115,0,0,0,0,1,0,0,0,0,0,1,0,1,0,0,0,0,0,0,0,1,0,0,0,0,0,0,0,0,0,0,0,0,0,0,1,0,0,0,0,0,0,0,0,0,0,0,0,0,0,0,0
0.0,0.002351560666510209,0.17336277131662434,0.07869960733784848,0.1147011308562197,0.0,0.7201649534456118,0.12692602869118605,0.10810810810810811,0.520618556701031,0.15933749997468535,0.6802231772639395,0.0,0.5,0.2978858404221307,0.6507286979250984,0.0,0.7391304347826086,0.0973811268062678,0.0,0.29436711593934617,0,0,0,0,0,0,1,0,1,0,0,0,1,0,0,0,0,0,0,0,1,0,1,0,0,0,0,0,0,0,0,0,0,0,0,0,0,0,0,0,0,0,0,0,0,0,0,0,0,0,0,0
0.0,0.014555268716263788,0.0,0.0,0.07592891760904685,0.3333333333333333,0.830092482266281,0.23318968061869066,0.10810810810810811,0.211340206185567,0.18579163818046315,0.45023735494962214,0.0,0.5,0.5510528286824815,0.22232322008193067,0.0,0.782608695652174,0.020277338007463532,0.058823529411764705,0.33605071125044605,0,0,0,0,0,0,0,1,1,0,0,0,1,0,0,0,0,0,0,0,1,0,0,0,0,0,0,0,0,0,0,1,0,0,0,0,0,0,0,0,0,0,0,0,0,0,0,0,0,0,0,0
0.0392156862745098,0.20652898380661816,0.07463150693451093,0.20428625600919884,0.01615508885298869,0.0,0.8595633516521516,0.07576204813349866,0.10810810810810811,0.3556701030927835,0.09449717613141966,0.09448697698604819,0.3333333333333333,0.0,0.7241305849394033,0.20275704418003748,0.0,0.8260869565217391,0.07261331733771247,0.0,0.2782985451371206,0,0,0,0,0,0,1,0,0,0,0,1,0,0,1,0,0,0,0,0,1,0,0,0,0,0,0,0,0,0,0,1,0,0,0,0,0,0,0,0,0,0,0,0,0,0,0,0,0,0,0,0
0.058823529411764705,0.8049800516310726,0.8403818645438157,1.0,0.2956381260096931,0.0,0.6895623923506139,0.0216462994667139,0.08108108108108109,0.8350515463917526,0.3129565841642055,0.4119162009480439,0.0,0.5,0.9095585843404079,0.825109911711119,0.0,0.8695652173913043,0.24903202729744475,0.0,0.24169749890484477,0,0,0,0,0,0,1,0,0,0,1,0,0,1,0,0,0,0,0,0,1,0,0,0,1,0,0,0,0,0,0,0,0,0,0,0,0,0,0,0,0,0,0,0,0,0,0,0,0,0,0,0
0.11764705882352941,0.14832668387702416,0.3622737732446051,0.3045924754025501,0.05654281098546042,0.0,0.5671301742854177,0.0275498356849086,0.06756756756756757,0.041237113402061855,0.2451873696204845,0.28872785785048743,0.3333333333333333,0.0,0.770068661408064,0.5981572186414756,0.0,0.9130434782608695,0.04442138674447207,0.0,0.6351864591358805,0,0,0,0,0,0,0,1,0,0,0,1,0,0,1,0,0,0,0,0,1,0,0,0,0,0,0,0,0,0,0,0,0,0,0,0,0,0,0,0,0,0,0,0,0,1,0,0,0,0,0,0
0.0784313725490196,0.05679887350387233,0.006219292244542577,0.03833247026491443,0.05977382875605816,0.6666666666666666,0.7424814372400216,0.10724757463053705,0.12162162162162163,0.4845360824742268,0.5262187778814132,0.18622949263065222,0.0,0.0,0.5056233389031078,0.5981572186414756,0.0,0.9565217391304348,0.010534001347172169,0.14634146341463417,0.5687674810110055,0,0,0,1,0,0,0,0,0,0,1,0,1,0,0,0,0,0,0,0,1,0,0,0,0,0,0,0,0,0,0,0,0,0,0,0,0,0,0,0,0,1,0,0,0,0,0,0,0,0,0,0
0.0392156862745098,0.03708519126965501,0.05519621867031537,0.04689519631068832,0.046849757673667204,0.0,0.35499161270402607,0.03837298541826555,0.06756756756756757,0.5824742268041238,0.2873475569628674,0.18953667096632507,0.0,0.0,0.5260336164331978,0.8200347216745215,0.0,1.0,0.021213454677162156,0.0,0.6205266658026173,0,0,0,0,0,0,1,0,1,0,0,0,1,0,0,0,0,0,0,0,1,0,0,0,0,0,0,0,0,0,0,0,0,1,0,0,0,0,0,0,0,0,0,0,0,0,0,0,0,0,0,0
0.0,0.017840882421966672,0.017880465203059907,0.010605547830979943,0.0420032310177706,0.3333333333333333,0.21508141618643697,0.11511895625479666,0.0945945945945946,0.5721649484536082,0.11423327987079604,0.20034206546132163,0.0,0.0,0.38603938847603403,0.8016346713923582,0.0,0.0,0.030667833560320375,0.1,0.4554381426000973,0,0,0,0,1,0,0,0,1,0,0,0,0,1,0,0,0,0,0,0,0,1,0,0,0,0,0,0,0,0,0,0,0,0,0,0,0,0,0,0,0,0,0,0,0,0,0,0,0,1,0,0
0.0,0.6651067824454353,0.5566266558865607,0.855461184347337,0.2407108239095315,0.0,0.6709457209020447,0.5923214672255349,0.05405405405405406,0.38144329896907214,0.610376674792144,0.24518685336343032,0.0,0.0,0.37212431651664124,0.5098671656790292,0.0,0.043478260869565216,0.8583920467675245,0.0,0.5839256195703415,0,0,0,0,0,0,0,1,0,0,1,0,1,0,0,0,0,0,0,0,0,1,0,0,0,0,0,0,0,0,0,0,0,0,0,0,0,0,0,0,0,0,0,0,0,0,0,0,0,1,0,0
0.0196078431372549,0.05022764609246656,0.10650537968779163,0.08522358908700953,0.21163166397415187,0.0,0.3827320370539539,0.0354212173091682,0.10810810810810811,0.37628865979381443,0.46164993038589663,0.6122911717575751,0.3333333333333333,0.0,0.6567617061256914,0.6532979130406931,0.0,0.08695652173913043,0.0512410946511365,0.0,0.13914927256856027,0,0,0,0,1,0,0,0,0,1,0,0,0,1,0,0,0,0,0,0,0,1,0,0,0,0,0,0,0,0,0,0,0,0,0,0,0,0,0,0,0,1,0,0,0,0,0,0,0,0,0,0
0.058823529411764705,0.7078197606195729,0.031873872753280706,0.6173358505029582,0.09531502423263329,0.0,0.5706436933664356,0.12200641517602381,0.16216216216216217,0.9123711340206185,0.42017541566173866,0.03142278529049783,0.0,0.0,0.4057727543932631,0.23955433773355475,0.0,0.13043478260869565,0.1553058424988569,0.0,0.5980191220754025,0,0,0,0,0,0,1,0,0,1,0,0,0,0,1,0,0,0,0,0,0,1,0,0,0,0,0,0,0,1,0,0,0,0,0,0,0,0,0,0,0,0,0,0,0,0,0,0,0,0,0,0
0.058823529411764705,0.31636235625440035,0.0839604453013248,0.3045924754025501,0.05977382875605816,0.0,0.6075984501470651,0.837318220280615,0.08108108108108109,0.23711340206185566,0.5252790111788725,0.07816597215663537,0.0,0.0,0.54910687294126,0.7009856333200457,0.0,0.17391304347826086,0.07870539950538133,0.0,0.47519998381900647,0,1,0,0,0,0,1,0,0,0,1,0,0,0,1,0,0,0,0,0,0,1,0,0,0,0,0,0,0,0,0,0,0,0,0,0,1,0,0,0,0,0,0,0,0,0,0,0,0,0,0,0
0.0,0.0037596808260971603,0.0,0.0,0.11147011308562198,0.0,0.6332747300924396,0.22236653088533373,0.013513513513513514,0.4793814432989691,0.08500522469083244,0.06590400338169891,0.3333333333333333,0.5,0.2663986201353906,0.5581435158937089,0.0,0.21739130434782608,0.020277338007463532,0.0,0.5565970902742413,0,1,0,0,1,0,0,0,0,0,0,1,0,0,1,0,0,0,0,0,0,1,0,0,0,0,0,0,0,0,0,0,0,0,0,0,0,0,0,1,0,0,0,0,0,0,0,0,0,0,0,0
0.0,0.02722835015254635,0.0209901113253312,0.020391520454721528,0.06946688206785137,0.0,0.7710898153623118,0.11216718814569931,0.16216216216216217,0.36597938144329895,0.3674546654970889,0.476047593225758,0.0,0.0,0.7627884551576,0.7578512165220287,0.0,0.2608695652173913,0.04025537270943857,0.0,0.5149134949631412,0,0,0,0,0,0,1,0,1,0,0,0,0,0,1,0,0,0,0,0,0,1,0,0,0,0,0,0,0,0,0,0,0,0,0,0,0,0,1,0,0,0,0,0,0,0,0,0,0,0,0,0
0.13725490196078433,0.02722835015254635,0.0839604453013248,0.05341917805984938,0.05492730210016155,0.3333333333333333,0.7499648338375811,0.13676525572151055,0.10810810810810811,0.7680412371134021,0.5602879389790107,0.2780135940868272,0.0,0.5,0.40259233923364063,0.4509794244630295,0.0,0.30434782608695654,0.007947363180899657,0.07894736842105263,0.2782985451371206,0,0,0,0,0,0,0,1,1,0,0,0,0,1,0,0,0,0,0,0,0,1,0,0,0,0,0,0,0,0,0,0,0,0,0,0,0,0,0,0,0,0,0,0,1,0,0,0,0,0,0,0
0.0392156862745098,0.05726824689040132,0.21145593631444762,0.14638591798539444,0.08723747980613894,0.0,0.6226600211581024,0.22630222169746353,0.04054054054054054,0.8092783505154639,0.21469423218376896,0.10312511847269444,0.0,0.0,0.7027120929366559,0.4652330990460868,0.0,0.34782608695652173,0.053704559571396034,0.0,0.19690143868188575,0,0,0,0,0,0,1,0,0,0,1,0,0,1,0,0,0,0,0,0,0,1,0,0,0,0,0,0,0,0,0,0,0,0,0,0,0,0,0,0,0,0,0,0,0,0,0,1,0,0,0,0
0.0,0.05867636704998827,0.004664469183406933,0.039147967983559566,0.04361873990306947,0.3333333333333333,0.4953671528354296,0.6060963850679892,0.1891891891891892,0.8505154639175257,0.38844851604313774,0.22091034889878183,0.3333333333333333,0.0,0.32144322109950463,0.40095243346642007,0.0,0.391304347826087,0.05863148941191511,0.0967741935483871,0.32309460536007956,0,0,0,0,1,0,0,0,0,1,0,0,1,0,0,0,0,0,0,0,0,1,0,0,0,1,0,0,0,0,0,0,0,0,0,0,0,0,0,0,0,0,0,0,0,0,0,0,0,0,0,0
0.39215686274509803,1.0,0.05130916101747626,1.0,0.08077544426494346,0.3333333333333333,0.6052275172945308,0.0964244248971801,0.02702702702702703,0.08247422680412371,0.1560745261559851,0.3232653688163396,0.0,0.5,0.31018958752612596,0.7039352450613773,0.0,0.43478260869565216,0.04638987593326323,0.05555555555555555,0.5480532491489123,0,0,0,0,1,0,0,0,0,1,0,0,0,0,1,0,0,0,0,0,0,1,0,0,1,0,0,0,0,0,0,0,0,0,0,0,0,0,0,0,0,0,0,0,0,0,0,0,0,0,0,0
0.0392156862745098,0.01502464210279277,0.25421357049567783,0.13211470790910462,0.07754442649434572,0.0,0.4645548007597505,0.07576204813349866,0.22972972972972974,0.0979381443298969,0.43681907372863665,0.09758323272369542,0.0,0.0,0.7537917157341723,0.4984995465779079,0.0,0.4782608695652174,0.04904395026279691,0.0,0.5687674810110055,0,0,0,0,0,0,0,1,0,0,1,0,1,0,0,0,0,0,0,0,0,1,0,0,0,0,0,0,0,0,0,0,0,0,0,0,0,1,0,0,0,0,0,0,0,0,0,0,0,0,0,0
0.058823529411764705,0.08308378314949542,0.012438584489085153,0.06442839726155866,0.1098546042003231,0.0,0.5444419390327547,0.0354212173091682,0.0945945945945946,0.37628865979381443,0.48624852464688484,0.2805817801171627,0.0,0.5,0.3380012359501116,0.4742217496446233,0.0,0.5217391304347826,0.019881852017562405,0.0,0.19690143868188575,0,1,0,0,1,0,0,0,1,0,0,0,1,0,0,0,0,0,0,0,0,1,0,0,0,0,0,0,0,0,0,0,0,0,0,0,0,0,0,0,0,0,0,0,0,0,0,1,0,0,0,0
0.058823529411764705,0.13095986857545178,0.10495055662665599,0.15454089517184577,0.03715670436187399,0.0,1.0,0.17218647303067877,0.0,0.4381443298969072,0.21098401774591677,0.31748813925313624,0.6666666666666666,0.0,0.13758048020120642,0.3888108038422347,0.0,0.5652173913043478,0.04195316610042825,0.0,0.2782985451371206,0,0,0,1,0,0,0,0,0,0,1,0,0,0,1,0,0,0,0,0,0,1,0,0,0,1,0,0,0,0,0,0,0,0,0,0,0,0,0,0,0,0,0,0,0,0,0,0,0,0,0,0
0.0196078431372549,0.0633701009152781,0.08707009142359608,0.08644683566497723,0.11954765751211632,0.0,0.6201001640453623,0.0334533719031033,0.12162162162162163,0.061855670103092786,0.12004583102329405,0.017754694019536554,0.6666666666666666,0.0,0.24992244951650797,0.8809226251390774,0.0,0.6086956521739131,0.051840315847956384,0.0,0.32309460536007956,0,0,0,0,0,0,1,0,0,0,1,0,0,1,0,0,0,0,0,0,0,1,0,0,0,0,0,0,0,0,0,0,0,0,0,0,0,0,0,0,0,0,0,0,0,0,0,0,0,0,1,0
0.0,0.0722881952593288,0.5581814789476963,0.341289872741581,0.027463651050080775,0.0,0.6736648547375925,0.1023279611153748,0.06756756756756757,0.8969072164948454,0.0674183479265331,0.3796165584888621,0.3333333333333333,0.0,0.6535011747872019,0.5357351471297921,0.0,0.6521739130434783,0.3546467606409393,0.0,0.380846771473405,0,0,0,0,1,0,0,0,0,0,1,0,0,1,0,0,0,0,0,0,0,1,0,0,0,0,0,0,0,0,0,0,0,0,0,0,0,0,0,0,0,0,0,0,0,0,0,0,1,0,0,0
0.3333333333333333,0.015963388875850738,0.061415510914857946,0.03180848851575337,0.03877221324717286,0.0,0.4427196576185321,0.0649388984001417,0.06756756756756757,0.8969072164948454,0.37794445324267595,0.4935876597630281,0.0,0.0,0.6330550491765065,0.6511231651026858,0.0,0.6956521739130435,0.001638895581045845,0.0,0.19690143868188575,0,0,0,0,0,0,1,0,0,0,0,1,0,0,1,0,0,0,0,0,0,1,0,0,0,0,0,0,0,0,0,0,0,0,0,0,0,0,0,0,0,0,0,0,0,0,0,0,1,0,0,0
0.11764705882352941,0.07181882187279981,0.06607998009826488,0.08277709593107414,0.04038772213247173,0.0,0.7875319564949095,0.3778263179644608,0.05405405405405406,0.422680412371134,0.0847962213358199,0.3440271129038495,0.0,0.0,0.3089574360849683,0.4310287502109346,0.0,0.7391304347826086,0.013376021880660775,0.0,0.19690143868188575,0,0,0,0,1,0,0,0,0,1,0,0,0,1,0,0,0,0,0,0,0,1,0,0,0,0,0,0,0,0,0,0,0,0,0,0,0,0,0,0,0,0,0,0,0,0,0,0,1,0,0,0
0.09803921568627451,0.11593992020652429,0.21378817090615107,0.1985777719786829,0.022617124394184167,0.0,0.7356167023141709,0.098392270303245,0.0945945945945946,0.7731958762886598,0.3088307986799568,0.138197676023688,0.3333333333333333,0.0,0.33678598046094754,0.5445677264202886,0.0,0.782608695652174,0.03472922167209961,0.0,0.29436711593934617,0,0,0,0,1,0,0,0,0,0,1,0,0,0,1,0,0,0,0,0,0,1,0,0,0,0,0,0,0,0,1,0,0,0,0,0,0,0,0,0,0,0,0,0,0,0,0,0,0,0,0,0
0.0784313725490196,0.09340999765313307,0.01477081908078862,0.07462211874462281,0.15508885298869143,0.6666666666666666,0.7370315038769033,0.2203986854792688,0.06756756756756757,0.5670103092783505,0.13379627341497544,0.24857460000008275,0.0,0.0,0.6144140692486322,0.42235430222926085,0.0,0.8260869565217391,0.017644759549434827,0.060000000000000005,0.4622438779286399,0,0,0,0,0,0,0,1,1,0,0,0,0,1,0,0,0,0,0,0,0,1,0,0,0,0,1,0,0,0,0,0,0,0,0,0,0,0,0,0,0,0,0,0,0,0,0,0,0,0,0,0
0.0,0.12391926777751701,0.06219292244542577,0.12599847501926614,0.025848142164781908,0.0,0.6266348159777038,0.02459806757581125,0.013513513513513514,0.6597938144329897,0.31110976240040417,0.12023210434006461,0.3333333333333333,0.5,0.7512146249325314,0.711473930762801,0.0,0.8695652173913043,0.14372089936033908,0.0,0.24169749890484477,0,0,0,0,0,0,1,0,0,0,1,0,0,0,1,0,0,0,0,0,0,1,0,0,0,0,0,1,0,0,0,0,0,0,0,0,0,0,0,0,0,0,0,0,0,0,0,0,0,0,0,0
0.1568627450980392,0.32293358366580616,0.04664469183406933,0.29072901418558283,0.033925686591276254,0.0,0.7903528502310673,0.17612216384280857,0.2702702702702703,0.8762886597938144,0.27780098763322936,0.3194996863568685,0.3333333333333333,0.0,0.45656680002180094,0.7310805319355259,0.0,0.9130434782608695,0.03275401106035999,0.0,0.42564283169636397,1,0,0,0,1,0,0,0,0,0,1,0,1,0,0,0,0,0,0,0,0,1,0,0,0,0,0,0,1,0,0,0,0,0,0,0,0,0,0,0,0,0,0,0,0,0,0,0,0,0,0,0
0.0,0.18869279511851678,0.06841221468996835,0.1855298084803608,0.19063004846526657,0.0,0.5696891060085378,0.0452604443394927,0.08108108108108109,0.08762886597938144,0.22945639350849684,0.4981099939170562,0.0,0.0,0.5891400040099013,0.4480318520624173,0.0,0.9565217391304348,0.20204509585080807,0.0,0.6351864591358805,0,0,0,1,0,0,0,0,1,0,0,0,0,0,1,0,0,0,0,0,0,1,0,0,0,0,0,0,0,0,0,0,0,0,0,0,0,1,0,0,0,0,0,0,0,0,0,0,0,0,0,0
0.058823529411764705,0.0690025815536259,0.21223334784501544,0.15698738832778117,0.03877221324717286,0.3333333333333333,0.640264550831884,0.1062636519275046,0.05405405405405406,0.23195876288659795,0.023468565790694493,0.15107435148229928,0.0,1.0,0.6570598751193251,0.6256510170640037,0.0,1.0,0.04255238729724814,0.10714285714285714,0.22054637902379515,1,1,0,0,0,1,0,0,0,0,1,0,1,0,0,0,0,0,0,0,0,1,0,0,0,0,0,0,0,0,0,0,0,0,0,0,0,0,0,0,1,0,0,0,0,0,0,0,0,0,0,0
0.0,0.012677775170147851,0.15237265999129312,0.07666086304123565,0.05492730210016155,0.0,0.5607910976832465,0.8865143554322376,0.04054054054054054,0.42783505154639173,0.2224842871391729,0.27943634755555924,0.0,0.0,0.9293333621592902,0.34903146828139653,0.0,0.0,0.09538372281686817,0.0,0.40890397658035194,0,0,0,0,0,1,0,0,0,0,1,0,0,0,1,0,0,0,0,1,0,0,0,0,0,0,0,0,0,1,0,0,0,0,0,0,0,0,0,0,0,0,0,0,0,0,0,0,0,0,0,0
0.0,0.029575217085191268,0.03265128428384853,0.028546497641172848,0.024232633279483037,0.0,0.7624531826688727,0.3384694098431628,0.1891891891891892,0.8969072164948454,0.35625649659934905,0.23797185672989718,0.0,0.0,0.22528715804804905,0.7236412053088231,0.0,0.043478260869565216,0.04824498866703707,0.0,0.6294503556041471,1,0,0,0,0,0,0,1,0,0,1,0,0,0,1,0,0,0,0,1,0,0,0,0,0,0,0,0,0,0,0,0,0,0,1,0,0,0,0,0,0,0,0,0,0,0,0,0,0,0,0,0
0.058823529411764705,0.048350152546350625,0.09406679519870648,0.0770686119005582,0.13408723747980614,0.3333333333333333,0.4030250908742857,0.14070094653364035,0.02702702702702703,0.5927835051546392,0.20030707006101242,0.2727645120083415,0.0,0.0,0.32891192954707255,0.09261941179645587,0.0,0.08695652173913043,0.022977828201131822,0.034482758620689655,0.3705496443958529,0,1,0,0,0,0,0,1,0,0,0,1,0,0,1,0,0,0,0,1,0,0,0,0,0,0,0,0,0,0,0,0,0,0,0,0,0,1,0,0,0,0,0,0,0,0,0,0,0,0,0,0
0.0,0.08543065008214033,0.43535045711798037,0.28828252102964746,0.13570274636510501,0.0,0.4402258902297983,1.0,0.10810810810810811,0.39690721649484534,0.22761658428753442,0.40440447919676004,0.0,0.0,0.36343633052100727,0.8159727907416352,0.0,0.13043478260869565,0.3027142569165491,0.0,0.3482211019872103,0,0,0,1,0,0,0,0,0,0,1,0,0,1,0,0,0,0,0,1,0,0,0,0,0,0,0,0,0,0,0,0,0,0,0,1,0,0,0,0,0,0,0,0,0,0,0,0,0,0,0,0
0.0,0.034738324337010094,0.02954163816157724,0.03140073965643081,0.12277867528271405,0.0,0.5730428941633906,0.06395497569710926,0.05405405405405406,0.02577319587628866,0.07617529485633044,0.21733633836226496,0.0,0.0,0.6472911406773401,0.5222111543850834,0.0,0.17391304347826086,0.05104135425219654,0.0,0.6540627675317016,0,1,0,0,0,0,1,0,0,0,0,1,0,0,1,0,0,0,0,1,0,0,0,0,0,0,0,0,0,0,0,0,0,0,0,0,0,0,0,0,0,0,0,0,0,0,0,1,0,0,0,0
0.0784313725490196,0.01877962919502464,0.0948442067292743,0.05178818262255912,0.10339256865912763,0.0,0.23572357637284688,0.4053761536493694,0.06756756756756757,0.5927835051546392,0.3373121178789795,0.09581775012760327,0.0,0.0,0.41760197615871864,0.8731629458192791,0.0,0.21739130434782608,0.013170574613179671,0.0,0.39064139524608293,0,0,0,0,0,0,0,1,0,0,0,1,0,1,0,0,0,0,0,1,0,0,0,0,0,0,0,0,0,0,0,0,0,0,0,0,0,0,0,0,0,0,0,0,0,1,0,0,0,0,0,0
0.3333333333333333,0.012677775170147851,0.06374774550656141,0.03017749307846311,0.06946688206785137,0.3333333333333333,0.7490696258999348,0.0275498356849086,0.04054054054054054,0.26804123711340205,0.25773956664161257,0.15980205437202236,0.0,0.0,0.5376475853163896,0.7974777658785037,0.5,0.2608695652173913,0.0015501220704058616,0.06382978723404256,0.6434945398518718,0,0,0,1,0,0,0,0,0,0,0,1,0,1,0,0,0,0,0,1,0,0,0,0,0,0,0,0,0,0,0,0,0,0,0,0,0,0,0,0,0,0,0,0,0,0,0,1,0,0,0,0
0.17647058823529413,0.005167800985684112,0.07463150693451093,0.02936199535981798,0.04038772213247173,0.6666666666666666,0.3912775448914257,0.1259421059881536,0.05405405405405406,0.3247422680412371,0.04624088593617639,0.2554240839588386,0.0,0.0,0.4971326850811416,0.7703925016110922,0.0,0.30434782608695654,0.003742827783213448,0.20689655172413793,0.5199960440419653,0,1,0,0,1,0,0,0,0,0,1,0,1,0,0,0,0,0,0,1,0,0,0,0,0,0,1,0,0,0,0,0,0,0,0,0,0,0,0,0,0,0,0,0,0,0,0,0,0,0,0,0
0.0196078431372549,0.047411405773292656,0.009328938366813866,0.03180848851575337,0.030694668820678513,0.3333333333333333,0.48947710381877424,0.03640514001220065,0.10810810810810811,1.0,0.2288611720243361,0.3662685828012507,0.0,0.0,0.47157595259759966,0.7171145688649794,0.0,0.34782608695652173,0.02507510239000143,0.13043478260869565,0.380846771473405,0,0,0,0,1,0,0,0,0,0,1,0,0,1,0,0,0,0,0,1,0,0,0,0,0,0,0,0,0,0,0,0,0,0,1,0,0,0,0,0,0,0,0,0,0,0,0,0,0,0,0,0
0.0392156862745098,0.00751466791832903,0.3980347036507249,0.2010242651346183,0.19547657512116318,0.0,0.5410747193997612,0.19580061790345757,0.12162162162162163,0.5257731958762887,0.26332120428870914,0.5563391513840287,0.0,0.5,0.4940587106837315,0.4981476712042235,0.0,0.391304347826087,0.07154803521003268,0.0,0.5297906678146433,0,1,0,0,0,1,0,0,0,1,0,0,0,1,0,0,0,0,0,1,0,0,0,0,0,0,1,0,0,0,0,0,0,0,0,0,0,0,0,0,0,0,0,0,0,0,0,0,0,0,0,0
0.09803921568627451,0.016902135648908707,0.031096461222712885,0.016721780720818435,0.1260096930533118,0.0,0.5915443098311834,0.1652990141094516,0.05405405405405406,0.13917525773195877,0.21008108205890136,0.6119796207622068,0.0,0.0,0.6903538619509391,0.8157556347360085,0.0,0.43478260869565216,0.005034482363025205,0.0,0.5043452672833115,0,0,0,0,0,0,0,1,0,0,1,0,0,0,1,0,0,0,0,1,0,0,0,0,0,0,0,0,0,0,0,0,0,0,0,0,0,0,0,0,0,0,0,0,0,0,0,0,0,0,1,0
0.13725490196078433,0.03896268481577095,0.25887803967908474,0.15535639289049089,0.033925686591276254,0.0,0.5150225373963696,0.11905464706692646,0.0945945945945946,0.04639175257731959,0.19597760568629546,0.056964938339992666,0.3333333333333333,0.0,0.26468013741617913,0.6045237488868118,0.0,0.4782608695652174,0.020431138114647304,0.0,0.44839356135940844,0,0,0,0,0,0,0,1,0,0,0,1,0,0,1,0,0,0,0,1,0,0,0,0,0,0,0,0,0,0,0,0,0,0,0,0,0,0,0,0,0,0,1,0,0,0,0,0,0,0,0,0
0.0196078431372549,0.00986153485097395,0.03809316499782328,0.014275287564883037,0.06785137318255251,0.3333333333333333,0.5702311874720274,0.38372985418265554,0.20270270270270271,0.3865979381443299,0.2929015143484993,0.3923349360309584,0.0,0.0,0.43961705013946795,0.43385881939363,0.0,0.5217391304347826,0.016486265235583046,0.06521739130434782,0.3482211019872103,0,0,0,0,0,0,0,1,0,0,1,0,0,1,0,0,0,0,0,1,0,0,0,0,0,0,0,0,0,0,0,0,0,0,0,0,0,0,0,0,0,0,0,0,1,0,0,0,0,0,0,0
0.0392156862745098,0.09951185167800985,0.03809316499782328,0.09215531969549316,0.050080775444264945,0.6666666666666666,0.5717785308590335,0.0924887340850503,0.013513513513513514,0.061855670103092786,0.15119903383800348,0.2325148143053031,0.3333333333333333,0.0,0.21261330101274348,0.5052322252121287,0.0,0.5652173913043478,0.03599424419871937,0.17142857142857143,0.4554381426000973,0,1,0,0,0,0,1,0,1,0,0,0,1,0,0,0,0,0,0,1,0,0,0,0,0,0,0,0,0,0,0,0,0,0,0,0,0,0,0,0,0,0,0,0,0,0,0,0,0,0,1,0
0.058823529411764705,0.15114292419619807,0.3195161390633749,0.28461278129574435,0.022617124394184167,0.3333333333333333,0.49436488509674,0.20760769033984697,0.0945945945945946,0.42783505154639173,0.2855731078494326,0.7383987614066824,0.0,0.0,0.5194142604699157,0.6931959434268132,0.0,0.6086956521739131,0.07381175973135225,0.16666666666666666,0.4335163885079065,1,0,0,0,1,0,0,0,1,0,0,0,1,0,0,0,0,0,0,1,0,0,0,0,0,0,0,0,0,0,0,0,0,0,0,0,0,0,0,0,0,0,0,0,0,1,0,0,0,0,0,0
0.0784313725490196,0.031922084017836194,0.25032651284283874,0.14475492254810418,0.07592891760904685,0.0,0.4291886101252674,0.3099356514552218,0.04054054054054054,0.41237113402061853,0.5622571619509267,0.20802232900390513,0.0,0.0,0.429600686597315,0.4616430035753735,0.0,0.6521739130434783,0.03138689899650424,0.0,0.5726656610764669,0,1,0,0,1,0,0,0,0,1,0,0,0,0,1,0,0,0,0,1,0,0,0,0,0,0,0,0,0,0,0,0,0,0,0,0,1,0,0,0,0,0,0,0,0,0,0,0,0,0,0,0
0.0196078431372549,0.03661581788312603,0.10261832203495252,0.07136012787004228,0.045234248788368334,0.3333333333333333,0.7998014360283733,0.029517681090973504,0.04054054054054054,0.8814432989690721,0.3063566363217973,0.392374241828792,0.0,0.5,0.6987253428823427,0.6486297827389739,0.0,0.6956521739130435,0.04444992108717778,0.09375,0.26083101421026195,0,0,0,1,0,0,0,0,0,0,0,1,0,0,1,0,0,0,0,1,0,0,0,0,0,0,0,0,0,0,0,0,0,0,0,0,0,0,0,0,0,0,0,0,1,0,0,0,0,0,0,0
0.0392156862745098,0.11969490729875616,0.19202064805025207,0.1904227947922316,0.025848142164781908,0.3333333333333333,0.16317665562425548,0.0767459708365311,0.12162162162162163,0.33505154639175255,0.15009533574105996,0.387094773092931,0.0,0.0,0.4701800085142882,0.5681268475124475,0.0,0.7391304347826086,0.06808586829507332,0.15000000000000002,0.626519647124331,0,0,0,0,0,0,0,1,0,0,0,1,1,0,0,0,0,0,0,1,0,0,0,0,0,0,0,0,0,0,0,0,0,0,0,0,0,1,0,0,0,0,0,0,0,0,0,0,0,0,0,0
0.17647058823529413,0.025350856606430414,0.05752845326201884,0.03792472140559187,0.014539579967689823,0.3333333333333333,0.5425862981153728,0.1652990141094516,0.06756756756756757,0.27319587628865977,0.21924155745277726,0.21305913152103967,0.0,0.0,0.3767639562333282,0.936970046943321,0.0,0.782608695652174,0.004581737458761291,0.23076923076923078,0.5297906678146433,0,0,0,0,0,0,1,0,0,0,1,0,1,0,0,0,0,0,0,1,0,0,0,0,0,0,0,0,0,0,0,0,0,0,0,0,0,0,0,0,0,0,0,0,0,1,0,0,0,0,0,0
0.13725490196078433,0.023003989673785495,0.07929597611791786,0.047302945170010886,0.012924071082390954,0.3333333333333333,0.48999496541416754,0.266643052521794,0.02702702702702703,0.6185567010309279,0.23055124101177626,0.3993993807687662,0.3333333333333333,0.0,0.4187100916743278,0.9826436372788008,0.0,0.8260869565217391,0.007198336684874798,0.25,0.22054637902379515,0,0,0,0,0,0,0,1,0,1,0,0,0,1,0,0,0,0,0,1,0,0,0,0,0,0,0,0,0,0,0,0,0,0,0,0,0,0,0,0,0,0,0,0,1,0,0,0,0,0,0,0
0.058823529411764705,0.25346632245951656,0.03653834193668764,0.2250814478346497,0.046849757673667204,0.0,0.667379590015132,0.4929452742192575,0.28378378378378377,0.6391752577319587,0.3061754551210768,0.023577695256392982,0.0,0.0,0.83792534060078,0.5387921488821136,0.5,0.8695652173913043,0.05923071060873499,0.0,0.6616391370713854,0,0,0,0,0,0,0,1,0,0,0,1,0,1,0,0,0,0,0,1,0,0,0,0,0,0,1,0,0,0,0,0,0,0,0,0,0,0,0,0,0,0,0,0,0,0,0,0,0,0,0,0
0.23529411764705882,0.17789720722835015,0.22622675539523623,0.2589246031584227,0.05977382875605816,0.3333333333333333,0.2930867697418769,0.1298777968002834,0.21621621621621623,0.03608247422680412,0.07922045386811338,0.14732131461145556,0.3333333333333333,0.5,0.13711653192334972,0.5116686633638838,0.0,0.9130434782608695,0.019881852017562405,0.07317073170731708,0.8460795378461801,0,0,0,0,0,1,0,0,0,1,0,0,0,1,0,0,0,0,0,1,0,0,0,0,0,0,0,0,1,0,0,0,0,0,0,0,0,0,0,0,0,0,0,0,0,0,0,0,0,0,0,0
0.0196078431372549,0.12861300164280684,0.034983518875552,0.115804753536202,0.029079159935379646,0.0,0.4838231346788809,0.11807072436389401,0.013513513513513514,0.08247422680412371,0.1177620370553818,0.1891692892277128,0.0,0.0,0.3376802313168229,0.9803643442794694,0.0,0.9565217391304348,0.06622162457163368,0.0,0.6235455191644107,0,0,0,0,1,0,0,0,0,0,1,0,0,1,0,0,0,0,0,1,0,0,0,0,0,0,0,0,0,0,0,0,0,0,0,0,0,0,0,0,0,0,0,0,0,0,1,0,0,0,0,0
0.21568627450980393,0.18634592818587187,0.4330182225262769,0.37472527920603144,0.1147011308562197,0.0,0.5632395030283652,0.0669067438062066,0.02702702702702703,0.16494845360824742,0.22957635094967066,0.16705198623974138,0.0,0.0,0.4788682939093607,0.7401006061047554,0.0,1.0,0.031100604424690294,0.0,0.6998856840369311,0,0,0,0,0,0,0,1,0,1,0,0,1,0,0,0,0,0,0,1,0,0,0,0,0,0,0,0,0,0,0,0,0,0,0,0,0,0,0,0,0,0,0,0,0,0,0,0,0,1,0,0
0.0784313725490196,0.0014128138934522412,0.05519621867031537,0.015906283002173303,0.061389337641357025,0.3333333333333333,0.7975233454418109,0.2085916130428794,0.16216216216216217,0.7783505154639175,0.6083590794867924,0.11091605267791795,0.0,0.0,0.33578424231030024,0.5675284547866651,0.0,0.0,0.006139712570492998,0.07142857142857142,0.4622438779286399,0,0,0,0,0,0,0,1,1,0,0,0,0,0,1,1,0,0,0,0,0,0,0,0,0,0,0,0,0,0,0,0,0,0,0,0,0,0,0,0,0,0,0,0,0,0,0,0,1,0,0,0
0.8627450980392157,0.30275052804505986,0.08240562224018914,0.2919522607635505,0.10662358642972536,0.6666666666666666,0.6500732686237201,0.12003856976995891,0.08108108108108109,0.20618556701030927,0.1949267403651364,0.0997970138753669,0.0,0.0,0.5756160750986598,0.46315211280421165,0.0,0.043478260869565216,0.005544930049205109,0.08571428571428572,0.1700950162222878,1,0,0,0,0,0,0,1,0,0,1,0,1,0,0,1,0,0,0,0,0,0,0,0,0,0,0,0,0,0,0,0,0,0,0,0,0,0,0,0,0,0,0,0,0,0,0,0,1,0,0,0
0.0,0.10091997183759681,0.19202064805025207,0.17411284041932895,0.05492730210016155,0.3333333333333333,0.3472008387202876,0.12299033787905626,0.32432432432432434,0.9948453608247423,0.6143892994140695,0.4665520017904281,0.0,0.0,0.45918705751780253,0.5948486870191256,0.0,0.08695652173913043,0.19085963351017018,0.07894736842105263,0.13914927256856027,0,0,0,0,0,1,0,0,0,1,0,0,1,0,0,1,0,0,0,0,0,0,0,0,0,0,1,0,0,0,0,0,0,0,0,0,0,0,0,0,0,0,0,0,0,0,0,0,0,0,0,0
0.0,0.2055902370335602,0.08240562224018914,0.20754824688377935,0.030694668820678513,0.0,0.48628272983912063,0.14463663734577015,0.16216216216216217,0.4381443298969072,0.20267326063326593,0.29507531967093037,0.0,0.0,0.5256760954599609,0.21979558711561623,0.0,0.13043478260869565,0.223617058936324,0.0,0.49318962158236734,0,0,0,1,0,0,0,0,0,0,1,0,1,0,0,1,0,0,0,0,0,0,0,0,0,0,0,1,0,0,0,0,0,0,0,0,0,0,0,0,0,0,0,0,0,0,0,0,0,0,0,0
0.058823529411764705,0.10045059845106782,0.05675104173145101,0.10275679003787988,0.07108239095315025,0.0,0.7607507290425661,0.24991636657024233,0.13513513513513514,0.9381443298969072,0.05864153189043873,0.033304008401202574,0.3333333333333333,0.0,0.4962783915862244,0.6301575985104876,0.0,0.17391304347826086,0.02926965076774064,0.0,0.33605071125044605,0,0,0,0,0,1,0,0,0,0,1,0,1,0,0,1,0,0,0,0,0,0,0,0,0,0,0,0,0,0,0,0,0,0,0,0,0,0,0,0,0,0,0,0,0,0,0,0,0,0,1,0
0.058823529411764705,0.06712508800750996,0.07774115305678221,0.08481584022768697,0.01938610662358643,0.0,0.3437464982342746,0.09347265678808275,0.04054054054054054,0.24742268041237114,0.30665914226570673,0.23770958367074949,0.0,0.0,0.4492797921017173,0.6361534910765512,0.0,0.21739130434782608,0.024875361991061464,0.0,0.2782985451371206,0,0,0,1,0,0,0,0,0,0,1,0,0,0,1,1,0,0,0,0,0,0,0,0,0,0,0,0,0,0,0,0,0,0,0,0,0,0,0,0,0,0,0,0,0,0,0,0,0,0,0,1
0.27450980392156865,0.04506453884064774,0.22311710927296494,0.1419006805328462,0.10339256865912763,0.3333333333333333,0.5696891060085378,0.0747781254304662,0.14864864864864866,0.422680412371134,0.3283893492450286,0.16487516897308038,0.0,0.0,0.19653823883156862,0.6932337141298444,0.0,0.2608695652173913,0.00941545511310838,0.04411764705882353,0.4335163885079065,0,0,0,0,0,0,0,1,0,0,1,0,1,0,0,1,0,0,0,0,0,0,0,0,0,0,0,0,0,0,0,0,0,0,0,0,0,0,0,0,0,0,0,0,0,0,0,0,1,0,0,0
0.0,0.0981037315184229,0.03653834193668764,0.09011657539888032,0.027463651050080775,0.3333333333333333,0.5818712292840298,0.22728614440049597,0.02702702702702703,0.13402061855670103,0.30428284120283666,0.29486387586430285,0.0,0.5,0.5086761661705933,0.7181994952192415,0.0,0.30434782608695654,0.1085665891469057,0.14285714285714285,0.44839356135940844,0,0,0,0,0,0,0,1,0,0,1,0,0,1,0,1,0,0,0,0,0,0,0,0,0,0,0,0,0,0,0,0,0,0,0,0,0,0,1,0,0,0,0,0,0,0,0,0,0,0,0,0
0.09803921568627451,0.0431870452945318,0.06918962622053616,0.05953541094968787,0.14378029079159935,0.6666666666666666,0.5066038689873104,0.0,0.28378378378378377,0.845360824742268,0.18274886416090233,0.7053679202697158,0.0,0.0,0.09597916300106048,0.6310658072221788,0.0,0.34782608695652173,0.01202539632592389,0.06451612903225808,0.19690143868188575,0,0,0,0,0,1,0,0,0,1,0,0,0,1,0,1,0,0,0,0,0,0,0,0,0,0,0,0,0,0,0,0,0,0,0,0,0,0,0,0,0,0,0,0,0,0,0,0,0,1,0,0
0.13725490196078433,0.17461159352264727,0.08162821070962133,0.18022907330916743,0.048465266558966075,0.0,1.0,0.08953696597595295,0.14864864864864866,0.5979381443298969,0.17137577647137017,0.10055318877890597,0.0,0.0,0.3282230221203241,0.46015518637940533,0.0,0.391304347826087,0.02347717919848173,0.0,0.3705496443958529,0,0,0,0,0,0,0,1,0,0,1,0,0,0,1,1,0,0,0,0,0,0,0,0,0,0,0,0,0,0,0,0,0,0,0,0,0,0,0,0,0,0,1,0,0,0,0,0,0,0,0,0
0.0784313725490196,0.005637174372213095,0.21612040549785455,0.10398003661584758,0.16155088852988692,0.0,0.5012188510514096,0.04821221244859005,0.05405405405405406,0.07216494845360824,0.2609389590399321,0.10024781064117738,0.0,0.0,0.5753019219735122,0.295603303493988,0.0,0.43478260869565216,0.02339728303890574,0.0,0.44839356135940844,0,0,0,1,0,0,0,0,0,0,1,0,1,0,0,1,0,0,0,0,0,0,0,0,0,0,0,0,0,0,1,0,0,0,0,0,0,0,0,0,0,0,0,0,0,0,0,0,0,0,0,0
0.0,0.031922084017836194,0.07152186081223963,0.05097268490391398,0.022617124394184167,0.3333333333333333,0.6735689662171733,0.4181671487887913,0.1891891891891892,0.7474226804123711,0.03360080926039881,0.13507368220538177,0.0,0.0,0.724354119269036,0.746819784473649,0.0,0.4782608695652174,0.07021643255043292,0.16666666666666666,0.26083101421026195,0,0,0,0,1,0,0,0,1,0,0,0,0,1,0,1,0,0,0,0,0,0,0,0,0,0,0,0,0,0,0,0,0,0,0,0,0,0,0,1,0,0,0,0,0,0,0,0,0,0,0,0
0.17647058823529413,0.6543111945552688,0.6195969898625542,0.8791106181880458,0.033925686591276254,0.0,0.4305660850883064,0.10527972922447215,0.5675675675675675,0.8917525773195877,0.13160862875312448,0.14843495585986227,1.0,0.0,0.9711271026242851,0.23287327936177576,0.0,0.5217391304347826,0.08699462606138976,0.0,0.6013931504972001,0,0,0,1,0,0,0,0,0,0,0,1,0,0,1,1,0,0,0,0,0,0,0,0,0,0,0,0,0,0,0,0,0,0,1,0,0,0,0,0,0,0,0,0,0,0,0,0,0,0,0,0
0.13725490196078433,0.028636470312133303,0.0668573916288327,0.045671949732720624,0.09046849757673667,0.6666666666666666,0.6891520420134243,0.09347265678808275,0.08108108108108109,0.6855670103092784,0.48761968976642256,0.042196529308790136,0.3333333333333333,0.0,0.3800802452596765,0.33163518571388334,0.0,0.5652173913043478,0.006998596285934835,0.1,0.3596956515923554,0,0,0,0,0,1,0,0,0,0,0,1,0,1,0,1,0,0,0,0,0,0,0,0,0,0,0,0,0,0,0,0,0,0,0,0,0,0,0,0,0,0,0,0,0,0,0,0,0,0,1,0
0.0784313725490196,0.047411405773292656,0.06063809938429012,0.05871991323104274,0.1777059773828756,0.0,0.7577006184518551,0.15054017356396487,0.16216216216216217,0.8092783505154639,0.24742100671720035,0.29155507967364835,0.0,0.0,0.287120672599098,0.8683852780448544,0.0,0.6086956521739131,0.014528809325971415,0.0,0.5436409843838745,0,0,0,0,1,0,0,0,0,0,1,0,1,0,0,1,0,0,0,0,0,0,0,0,0,0,0,0,0,0,0,0,1,0,0,0,0,0,0,0,0,0,0,0,0,0,0,0,0,0,0,0
0.0392156862745098,0.02018774935461159,0.06607998009826488,0.03792472140559187,0.2665589660743134,0.0,0.4662026501535086,0.0905208886789854,0.06756756756756757,0.27319587628865977,0.2779064363322574,0.13565642203339648,0.0,0.5,0.5823404844195544,0.5585818367153874,0.0,0.6521739130434783,0.018283928826042708,0.0,0.6407632056713689,0,0,0,0,0,1,0,0,0,0,1,0,0,0,1,1,0,0,0,0,0,0,0,0,0,0,0,0,0,0,0,0,0,0,0,0,0,0,0,0,0,0,0,0,0,0,0,0,0,0,0,1
0.0392156862745098,0.09434874442619103,0.01477081908078862,0.07543761646326795,0.06785137318255251,0.0,0.5727628421459872,0.10921542003660195,0.10810810810810811,0.4329896907216495,0.17159322278871852,0.21531270103256211,0.0,0.5,0.8691078506838774,0.6272340735916139,0.0,0.6956521739130435,0.030534673294360402,0.0,0.5764895855592514,0,0,0,0,0,0,0,1,0,0,1,0,0,1,0,1,0,0,0,0,0,0,0,0,0,0,0,0,0,0,0,0,0,0,0,0,0,0,0,0,0,0,0,0,0,0,1,0,0,0,0,0
0.0392156862745098,0.02488148321990143,0.02254493438646684,0.019168273876753832,0.3069466882067851,0.3333333333333333,0.40479266796424207,0.1712025503276463,0.02702702702702703,0.8556701030927835,0.02650705175481143,0.16476360624409334,0.0,0.5,0.7973515977701469,0.3870789876667195,0.0,0.7391304347826086,0.012158556591883862,0.015463917525773196,0.6079757062969443,0,0,0,0,1,0,0,0,0,0,1,0,0,1,0,1,0,0,0,0,0,0,0,0,0,0,0,0,0,0,0,0,0,0,0,0,0,0,0,0,0,0,0,0,0,0,0,0,0,0,1,0
0.0784313725490196,0.05069701947899554,0.042757634181230214,0.05219593148188168,0.050080775444264945,0.3333333333333333,0.3550109570334312,0.10724757463053705,0.10810810810810811,0.6082474226804123,0.13410242718851023,0.7095476910997781,0.0,0.0,0.2509568685072945,0.8502541512031201,0.0,0.782608695652174,0.013250470772755655,0.08571428571428572,0.24169749890484477,0,1,0,1,0,0,0,0,1,0,0,0,0,0,1,1,0,0,0,0,0,0,0,0,0,0,0,0,0,0,0,0,0,0,0,0,0,0,0,0,0,0,0,0,0,0,0,0,0,0,0,1
0.0392156862745098,0.1708566064304154,0.29308414702406893,0.28787477217032487,0.16639741518578352,0.3333333333333333,0.7908734668645212,0.1062636519275046,0.10810810810810811,0.6134020618556701,0.516088351598641,0.2735690781783564,0.3333333333333333,0.0,0.4413080542005159,0.8980412884057017,0.0,0.8260869565217391,0.09991117185950733,0.028037383177570093,0.6434945398518718,0,0,0,0,0,0,0,1,1,0,0,0,0,1,0,1,0,0,0,0,0,0,0,0,0,0,0,0,0,0,0,0,0,0,0,0,0,0,0,0,0,0,0,0,0,0,0,1,0,0,0,0
0.0,0.0258202299929594,0.07774115305678221,0.04893394060730115,0.027463651050080775,0.3333333333333333,0.47298939284192454,0.05706751677588211,0.40540540540540543,0.7680412371134021,0.055709173730842484,0.2969689626280215,0.3333333333333333,0.0,0.6521518197045917,0.8005044483173193,0.0,0.8695652173913043,0.0682190285610333,0.14285714285714285,0.29436711593934617,1,0,0,1,0,0,0,0,0,0,0,1,0,1,0,1,0,0,0,0,0,0,1,0,0,0,0,0,0,0,0,0,0,0,0,0,0,0,0,0,0,0,0,0,0,0,0,0,0,0,0,0
0.0,0.1595916451537198,0.04508986877293368,0.14801691342268472,0.09369951534733441,0.0,0.10138882193290243,0.04821221244859005,0.013513513513513514,0.6134020618556701,0.6634288554083199,0.39041779555243383,0.0,0.0,0.666907163029029,0.7498160849169286,0.0,0.9130434782608695,0.165292862445855,0.0,0.49318962158236734,0,0,0,0,1,0,0,0,0,0,1,0,0,1,0,1,0,0,0,0,0,0,0,0,0,0,0,0,0,0,0,0,0,0,0,0,0,0,0,0,0,0,0,1,0,0,0,0,0,0,0,0
0.0,0.16569349917859658,0.3241806082467818,0.2996994890906793,0.0032310177705977385,0.3333333333333333,0.9364595734604944,0.16628293681248407,0.08108108108108109,0.12371134020618557,0.4700433209909262,0.30996592005918255,0.0,0.0,0.5971457266400272,0.7056540355375033,0.5,0.9565217391304348,0.31389971925718696,0.5,0.49318962158236734,0,0,0,0,0,0,1,0,0,0,0,1,0,1,0,1,0,0,0,0,0,0,0,0,0,0,0,0,0,1,0,0,0,0,0,0,0,0,0,0,0,0,0,0,0,0,0,0,0,0,0,0
0.0392156862745098,0.21591645153719782,0.4656695068101254,0.4175389094349009,0.022617124394184167,0.6666666666666666,0.4234134367790449,0.2046559222307496,0.28378378378378377,0.211340206185567,0.30241693213191145,0.7426813685473714,0.0,0.5,0.3757192982128237,0.4193409650931573,0.0,1.0,0.14225613643477933,0.3333333333333333,0.5297906678146433,0,1,0,0,0,0,1,0,0,0,1,0,0,0,1,1,0,0,0,0,0,0,0,0,0,0,1,0,0,0,0,0,0,0,0,0,0,0,0,0,0,0,0,0,0,0,0,0,0,0,0,0
0.0392156862745098,0.0751044355785027,0.33506436967473135,0.22671244327193996,0.09693053311793215,0.0,0.5344617548253251,0.03246944920007085,0.08108108108108109,0.7783505154639175,0.3658480319037111,0.29317186035290255,0.0,0.5,0.5952526400280497,0.4602712491622848,0.0,0.0,0.0799371319655111,0.0,0.5043452672833115,0,0,1,0,1,0,0,0,0,0,1,0,1,0,0,0,0,1,0,0,0,0,0,0,0,0,0,0,0,0,0,0,0,0,0,0,0,0,0,0,0,0,1,0,0,0,0,0,0,0,0,0
0.0392156862745098,1.0,0.02876422663100942,1.0,0.017770597738287562,0.3333333333333333,0.9115911725715374,0.29616073361276746,0.0945945945945946,0.2422680412371134,0.20917158383719733,0.14826963544310806,0.0,0.0,0.6689583375992423,0.6752654877036524,0.0,0.043478260869565216,0.33247291315328426,0.2,0.29436711593934617,0,0,1,1,0,0,0,0,0,0,1,0,1,0,0,0,0,1,0,0,0,0,0,0,0,0,0,0,0,0,0,0,0,0,0,0,0,0,0,0,0,0,0,0,0,0,0,0,0,1,0,0
0.058823529411764705,0.21591645153719782,0.04431245724236586,0.19653902768207007,0.09369951534733441,0.0,0.5553698439856111,0.29714465631579995,0.05405405405405406,0.6649484536082474,0.5210550324298433,0.17920254744055836,0.3333333333333333,0.0,0.2728863174317249,0.7336210297218628,0.0,0.08695652173913043,0.05223979664583631,0.0,0.22054637902379515,0,0,1,1,0,0,0,0,0,1,0,0,0,0,1,0,0,1,0,0,0,0,0,0,0,0,1,0,0,0,0,0,0,0,0,0,0,0,0,0,0,0,0,0,0,0,0,0,0,0,0,0
0.0196078431372549,0.09340999765313307,0.6234840475153933,0.3938894755941921,0.1421647819063005,0.0,0.5510546781495856,0.3502764822795522,0.04054054054054054,0.4742268041237113,0.41005806348498286,0.43492615052053907,0.3333333333333333,0.0,0.7542607191875543,0.4111015461599656,0.5,0.13043478260869565,0.202444576648688,0.0,0.6013931504972001,0,0,1,0,0,0,1,0,0,0,0,1,1,0,0,0,0,1,0,0,0,0,0,0,0,0,0,0,0,0,0,0,0,0,0,0,0,0,0,0,1,0,0,0,0,0,0,0,0,0,0,0
0.17647058823529413,0.02018774935461159,0.10650537968779163,0.0591276620903653,0.04038772213247173,0.0,0.33827160228829195,0.20367199952771717,0.013513513513513514,0.6185567010309279,0.03669717718361326,0.1132893312294027,0.0,0.0,0.6822805390733561,0.3972286570086991,0.0,0.17391304347826086,0.006659037607736899,0.0,0.4813773932340571,0,0,1,0,0,0,1,0,1,0,0,0,1,0,0,0,0,1,0,0,0,0,0,0,0,0,0,0,0,0,0,0,1,0,0,0,0,0,0,0,0,0,0,0,0,0,0,0,0,0,0,0
0.0196078431372549,0.05632950011734335,0.058305864792586655,0.06524389498020379,0.025848142164781908,0.3333333333333333,0.25700982200191985,0.2676269752248264,0.05405405405405406,0.23711340206185566,0.16305588287915843,0.014112509262687152,0.3333333333333333,0.0,0.31332795374453715,0.5694651119091304,0.0,0.21739130434782608,0.04145381510307834,0.15000000000000002,0.6514724094563449,0,0,1,0,0,0,1,0,0,0,1,0,0,1,0,0,0,1,0,0,0,0,0,0,0,1,0,0,0,0,0,0,0,0,0,0,0,0,0,0,0,0,0,0,0,0,0,0,0,0,0,0
0.0196078431372549,0.32809669091762494,0.18346912121400602,0.3669780508789027,0.0420032310177706,0.0,0.5504452732505958,0.8697876694806859,0.04054054054054054,0.30927835051546393,0.21656941695540324,0.12652126275479067,0.0,0.0,0.6680133638923784,0.45790741179365774,0.0,0.2608695652173913,0.1892617103186505,0.0,0.4410927580475902,1,0,1,0,0,1,0,0,0,0,1,0,1,0,0,0,0,1,0,0,0,0,0,0,0,0,0,0,0,0,0,0,0,0,0,0,0,0,0,0,0,0,0,0,0,0,0,0,0,0,1,0
0.058823529411764705,0.4506031448016897,0.25343615896511,0.5100979005011234,0.025848142164781908,0.0,0.6561929321057587,0.12003856976995891,0.10810810810810811,0.6907216494845361,0.2200106862470511,0.4613460200568414,0.0,0.0,0.6442248021926015,0.9198626663470687,0.0,0.30434782608695654,0.12903998003825184,0.0,0.19690143868188575,0,0,1,0,0,0,1,0,0,0,1,0,0,1,0,0,0,1,0,0,0,0,0,0,0,0,0,0,0,0,0,0,0,1,0,0,0,0,0,0,0,0,0,0,0,0,0,0,0,0,0,0
0.0,0.34781037315184227,0.04042539958952675,0.30907771285509833,0.05977382875605816,0.3333333333333333,0.6447459689078742,0.0550996713698172,0.05405405405405406,0.17010309278350516,0.47497068970891887,0.3143241272215573,0.3333333333333333,0.0,0.6523189346726533,0.614499032797209,0.0,0.34782608695652173,0.3230877776084252,0.07317073170731708,0.44839356135940844,0,0,1,1,0,0,0,0,0,1,0,0,1,0,0,0,0,1,0,0,0,0,0,0,0,0,0,0,0,0,0,0,0,0,0,0,0,0,0,0,0,0,0,0,1,0,0,0,0,0,0,0
0.0,0.1591222717671908,0.10339573356552034,0.1781903290125546,0.07108239095315025,0.0,0.48752478220790146,0.0275498356849086,0.06756756756756757,0.30927835051546393,0.12557957927566651,0.35716352257389183,0.0,0.5,0.8065499284794925,0.5114649553586013,0.0,0.391304347826087,0.19485444148896944,0.0,0.380846771473405,0,0,1,0,1,0,0,0,0,0,1,0,1,0,0,0,0,1,0,0,0,0,0,0,0,0,0,0,0,0,0,0,0,0,0,0,0,0,0,0,0,0,0,0,0,0,0,1,0,0,0,0
0.11764705882352941,0.011269655010560901,0.23166863610921098,0.11702800011416968,0.048465266558966075,0.3333333333333333,0.5877417973341079,0.6336462207528979,0.06756756756756757,1.0,0.10529637026048116,0.05953360849091345,0.0,0.0,0.4689802071810946,0.570239736473261,0.0,0.43478260869565216,0.018169791455219873,0.08823529411764706,0.5043452672833115,0,0,1,0,0,0,1,0,0,1,0,0,0,1,0,0,0,1,0,0,0,0,0,0,0,0,0,0,0,0,0,0,0,0,0,0,0,0,1,0,0,0,0,0,0,0,0,0,0,0,0,0
0.0,0.1126543065008214,0.018657876733627732,0.09337856627346086,0.2681744749596123,0.6666666666666666,0.21656957318251882,0.640533679674125,0.0945945945945946,0.14948453608247422,0.5445248189129057,0.048793512330503996,0.0,0.0,0.5417491199616161,0.6141766604194846,0.0,0.4782608695652174,0.1117624355299451,0.03529411764705882,0.33605071125044605,0,0,1,0,0,1,0,0,0,0,0,1,0,1,0,0,0,1,0,0,0,0,0,0,0,0,0,0,0,0,0,0,0,0,1,0,0,0,0,0,0,0,0,0,0,0,0,0,0,0,0,0
0.13725490196078433,0.011269655010560901,0.08162821070962133,0.03833247026491443,0.033925686591276254,0.0,0.6756475390007123,0.0629710529940768,0.06756756756756757,0.5773195876288659,0.09629764604403121,0.10485754167705257,0.0,0.0,0.0,0.41709277671838935,0.0,0.5217391304347826,0.006099764490705005,0.0,0.7405424230657603,0,0,1,0,0,1,0,0,0,0,0,1,0,0,1,0,0,1,0,0,0,0,0,0,0,0,0,1,0,0,0,0,0,0,0,0,0,0,0,0,0,0,0,0,0,0,0,0,0,0,0,0
0.19607843137254902,0.007045294531800047,0.020212699794763374,0.0024505706445286215,0.21324717285945072,0.0,0.615946988349822,0.078713816242596,0.04054054054054054,0.14948453608247422,0.1843386973902186,0.3176987347669372,0.0,0.5,0.7086367808486123,0.5435083381826747,0.0,0.5652173913043478,0.0008883559001805317,0.0,0.29436711593934617,0,0,1,1,0,0,0,0,0,1,0,0,1,0,0,0,0,1,0,0,0,0,0,0,0,0,0,0,0,0,0,0,0,0,0,0,0,0,1,0,0,0,0,0,0,0,0,0,0,0,0,0
0.0196078431372549,0.08449190330908236,0.024099757447602486,0.07176787672936485,0.024232633279483037,0.6666666666666666,0.978084485080003,0.11708680166086156,0.10810810810810811,0.7061855670103093,0.10505493010930621,0.3595408982088952,0.0,0.0,0.6881591329873383,0.8448510676410261,0.0,0.6086956521739131,0.044649661486117743,0.3157894736842105,0.39064139524608293,0,0,1,1,0,0,0,0,0,0,0,1,0,0,1,0,0,1,0,0,0,0,0,0,0,0,0,0,0,0,0,0,0,0,0,0,0,0,0,0,0,0,0,0,0,0,0,1,0,0,0,0
0.058823529411764705,0.11734804036611124,0.04120281112009457,0.10928077178704093,0.06946688206785137,0.0,0.5851883773218303,0.4250546077100184,0.24324324324324326,0.12371134020618557,0.34321996793936643,0.04299813019042276,0.0,0.5,0.7597502359514438,0.5981572186414756,0.0,0.6521739130434783,0.03086757395926034,0.0,0.4622438779286399,0,0,1,0,1,0,0,0,1,0,0,0,0,1,0,0,0,1,0,0,0,0,0,0,0,0,0,0,0,0,0,0,0,0,0,0,0,0,0,0,0,0,0,0,0,0,0,0,0,1,0,0
0.13725490196078433,0.18165219432058202,0.13915666397164017,0.21651872178887582,0.17932148626817448,0.0,0.3953229497286384,0.04034083082433045,0.10810810810810811,0.5721649484536082,0.2879441496389165,0.30662684148637614,0.0,0.0,0.27189466824526337,0.7489848037933032,0.0,0.6956521739130435,0.027921403074895892,0.0,0.26083101421026195,0,0,1,0,1,0,0,0,0,0,1,0,0,0,1,0,0,1,0,0,0,0,0,0,0,1,0,0,0,0,0,0,0,0,0,0,0,0,0,0,0,0,0,0,0,0,0,0,0,0,0,0
0.0196078431372549,0.11406242666040835,0.05519621867031537,0.11376600923958916,0.17124394184168013,0.6666666666666666,0.573557890075399,0.0098392270303245,0.05405405405405406,0.4381443298969072,0.1531396969134356,0.40575174321532315,0.0,0.0,0.6759152578176897,0.2504338719353896,0.0,0.7391304347826086,0.06522292257693386,0.05454545454545454,0.5043452672833115,0,0,1,0,0,0,0,1,0,0,1,0,0,0,1,0,0,1,0,0,0,0,0,0,0,0,0,0,0,0,0,0,0,0,0,0,0,0,0,0,0,0,1,0,0,0,0,0,0,0,0,0
0.09803921568627451,0.11875616052569819,0.03653834193668764,0.10805752520907323,0.04361873990306947,0.3333333333333333,0.5181904900873754,0.8589645197473289,0.0945945945945946,0.6907216494845361,0.1919707801263348,0.6675307367248485,0.0,0.5,0.6879810060652087,0.940058685524121,0.0,0.782608695652174,0.019948432150542393,0.0967741935483871,0.7337366877372178,1,0,1,0,0,0,0,1,0,0,1,0,1,0,0,0,0,1,0,0,0,0,0,0,0,0,0,0,0,0,0,0,1,0,0,0,0,0,0,0,0,0,0,0,0,0,0,0,0,0,0,0
0.0,0.01737150903543769,0.08551526836246043,0.045671949732720624,0.1050080775444265,0.3333333333333333,0.6705601129510461,0.20563984493378207,0.013513513513513514,0.0,0.2195861589583907,0.2072795714830827,0.3333333333333333,0.0,0.3327009506120169,0.4155568954664823,0.0,0.8260869565217391,0.0650231821779939,0.04347826086956522,0.3596956515923554,0,0,1,1,0,0,0,0,0,0,1,0,0,1,0,0,0,1,0,0,0,0,0,0,0,0,0,0,0,0,0,0,0,0,0,0,0,0,0,0,1,0,0,0,0,0,0,0,0,0,0,0
0.0196078431372549,0.05586012673081436,0.019435288264195553,0.044448703154752925,0.09369951534733441,0.0,0.5890675021078853,0.23122183521262576,0.0945945945945946,0.5154639175257731,0.22230929763022853,0.08045985994737709,0.0,0.0,0.6958998319598596,0.42636786021228773,0.5,0.8695652173913043,0.03126705475714026,0.0,0.5149134949631412,0,0,1,1,0,0,0,0,0,0,1,0,0,1,0,0,0,1,0,0,0,0,0,0,0,0,0,0,0,0,0,0,0,0,0,0,0,0,0,0,0,0,0,0,0,0,0,0,0,0,1,0
0.0,0.007045294531800047,0.13215996019652976,0.06116640638697814,0.04038772213247173,0.6666666666666666,0.3319223677082217,0.13086171950331585,0.06756756756756757,0.5412371134020618,0.394931366967755,0.18338690315948916,0.0,0.5,0.5697344898290634,0.42286140571977404,0.0,0.9130434782608695,0.08020345249743104,0.20689655172413793,0.0,0,0,1,0,0,1,0,0,0,0,1,0,1,0,0,0,0,1,0,0,0,0,0,0,0,0,0,0,0,0,0,0,0,0,0,0,0,0,0,0,1,0,0,0,0,0,0,0,0,0,0,0
0.058823529411764705,0.0014128138934522412,0.2915293239629333,0.1398619362362334,0.11147011308562198,0.3333333333333333,0.5696891060085378,0.23318968061869066,0.04054054054054054,0.23711340206185566,0.09883166372977199,0.25969930772017186,0.3333333333333333,0.0,0.10989468451033968,0.6855985743830131,0.0,0.9565217391304348,0.038357838919508926,0.0410958904109589,0.4410927580475902,0,0,1,0,0,0,0,1,1,0,0,0,1,0,0,0,0,1,0,0,0,0,0,0,0,0,0,0,0,0,0,0,0,0,0,0,0,0,0,0,0,0,0,0,1,0,0,0,0,0,0,0
0.13725490196078433,0.15114292419619807,0.07307668387337528,0.15535639289049089,0.3134087237479806,0.3333333333333333,0.636229900404953,0.028533758387941054,0.05405405405405406,0.29896907216494845,0.32477624490354123,0.660503118269451,0.3333333333333333,0.5,0.5955751376963058,0.5852039201809143,0.0,1.0,0.020431138114647304,0.015151515151515154,0.39064139524608293,1,0,1,0,0,1,0,0,0,0,1,0,0,0,1,0,0,1,0,0,0,0,0,0,0,0,0,0,0,0,0,0,0,0,0,0,0,0,0,0,0,0,0,0,0,0,0,0,0,1,0,0
0.0196078431372549,0.023942736446843464,0.0629703339759936,0.03955571684288213,0.09854604200323101,0.3333333333333333,0.8600773767047245,0.06985851191530396,0.06756756756756757,0.7061855670103093,0.0061178179148644735,0.08447078314860482,0.0,0.0,0.3079561160398593,0.299991964189911,0.0,0.0,0.028870169969860714,0.046153846153846156,0.29436711593934617,0,0,1,0,0,1,0,0,0,0,1,0,1,0,0,0,0,0,1,0,0,0,0,0,0,0,0,0,0,1,0,0,0,0,0,0,0,0,0,0,0,0,0,0,0,0,0,0,0,0,0,0
0.0,0.17555034029570524,0.12360843336028371,0.20306300943123112,0.10662358642972536,0.3333333333333333,0.5995495919177103,0.17218647303067877,0.22972972972972974,0.5515463917525774,0.3613831593955111,0.5144445256340268,0.0,0.5,0.11459294991094329,0.9189492458751677,0.0,0.043478260869565216,0.2192227701596448,0.04285714285714286,0.637994196729476,0,0,1,1,0,0,0,0,1,0,0,0,0,1,0,0,0,0,1,0,0,0,0,0,0,0,0,0,0,0,0,0,0,1,0,0,0,0,0,0,0,0,0,0,0,0,0,0,0,0,0,0
0.0,0.22952827974653836,0.0038870576528391106,0.18716080391765105,0.11631663974151858,0.0,0.7462125154563899,0.0,0.24324324324324326,0.5773195876288659,0.210482232915186,0.22802037010913642,0.0,0.5,0.5492033996064098,0.7901094839443745,0.0,0.08695652173913043,0.2036430190423278,0.0,0.39064139524608293,0,0,1,1,0,0,0,0,0,0,1,0,0,1,0,0,0,0,1,0,0,0,0,0,0,0,0,0,0,0,0,0,0,0,0,0,0,0,0,0,1,0,0,0,0,0,0,0,0,0,0,0
0.058823529411764705,0.029105843698662284,0.14926301386902185,0.0893010776802352,0.014539579967689823,0.0,0.7860803607390778,0.12003856976995891,0.04054054054054054,0.9381443298969072,0.049179713723487686,0.32216999285611403,0.0,0.0,0.4573049167747683,0.17353758201243974,0.0,0.13043478260869565,0.02597393418523126,0.0,0.41744781770568096,0,1,1,0,0,1,0,0,0,1,0,0,0,0,1,0,0,0,1,0,0,0,0,0,0,0,0,0,0,0,0,0,0,0,0,0,0,0,0,0,0,1,0,0,0,0,0,0,0,0,0,0
0.2549019607843137,0.1272048814832199,1.0,1.0,0.09693053311793215,0.0,0.6370059571819557,0.11315111084873176,0.06756756756756757,0.4020618556701031,0.18202081399323147,0.2207673934335828,0.0,0.0,0.7699169526988784,0.7963819482873328,0.0,0.17391304347826086,0.07023012903493166,0.0,0.380846771473405,0,0,1,0,0,0,1,0,0,0,1,0,1,0,0,0,0,0,1,0,0,0,0,0,0,0,0,0,0,0,1,0,0,0,0,0,0,0,0,0,0,0,0,0,0,0,0,0,0,0,0,0
0.058823529411764705,0.02722835015254635,0.069967037751104,0.04607969859204319,0.024232633279483037,0.0,0.42093634830811083,0.12003856976995891,0.06756756756756757,0.8711340206185567,0.1827791919716691,1.0,0.0,0.5,0.5098734424522604,0.6020530906957916,0.0,0.21739130434782608,0.015387693041413252,0.0,0.10254822633628438,0,0,1,1,0,0,0,0,0,0,1,0,0,0,1,0,0,0,1,0,0,0,0,1,0,0,0,0,0,0,0,0,0,0,0,0,0,0,0,0,0,0,0,0,0,0,0,0,0,0,0,0
0.0196078431372549,0.0028209340530391926,0.069967037751104,0.024876757907269755,0.03715670436187399,0.0,0.6227215714477692,0.0944565794911152,0.1891891891891892,0.9742268041237113,0.2710904600286996,0.21172963289870603,0.0,0.0,0.636863643910459,0.555704466374203,0.0,0.2608695652173913,0.021679515608022067,0.0,0.24169749890484477,0,0,1,0,0,0,1,0,1,0,0,0,0,0,1,0,0,0,1,0,0,0,0,0,0,0,0,0,0,0,0,0,0,0,0,0,0,0,0,0,0,0,0,0,1,0,0,0,0,0,0,0
0.09803921568627451,0.07322694203238676,0.18891100192798077,0.14842466228200726,0.40064620355411956,0.0,0.824899500539847,0.05805143947891456,0.10810810810810811,0.5773195876288659,0.010565847509724948,0.0463732124838891,0.0,0.0,0.579473378431354,0.5981572186414756,0.0,0.30434782608695654,0.026539865315561156,0.0,0.6174617212994257,0,0,1,0,0,0,0,1,0,0,1,0,1,0,0,0,0,0,1,0,0,0,0,0,0,0,0,0,0,0,0,0,1,0,0,0,0,0,0,0,0,0,0,0,0,0,0,0,0,0,0,0
0.0196078431372549,0.03520769772353908,0.5169786678276017,0.2874670233110023,0.051696284329563816,0.3333333333333333,0.6895801828793033,0.014758840545486752,0.10810810810810811,0.211340206185567,0.5238077971463202,0.2911505649253618,0.0,0.0,0.6884508479988023,0.550348215583364,0.0,0.34782608695652173,0.15031233252535783,0.08333333333333333,0.10254822633628438,0,0,1,0,0,1,0,0,0,1,0,0,0,1,0,0,0,0,1,0,0,0,0,0,0,0,0,0,0,0,1,0,0,0,0,0,0,0,0,0,0,0,0,0,0,0,0,0,0,0,0,0
0.0196078431372549,0.03661581788312603,0.24488463212886397,0.14597816912607187,0.03231017770597738,0.0,0.5696891060085378,0.17809000924887347,0.16216216216216217,0.4175257731958763,0.1242785253248563,0.2298781892126028,0.0,0.0,0.2825920276408877,0.2339926320841606,0.0,0.391304347826087,0.0810024140931909,0.0,0.30924428879084803,0,1,1,1,0,0,0,0,0,0,1,0,0,0,1,0,0,0,1,0,0,0,0,0,0,0,0,0,0,0,0,0,0,0,0,0,0,1,0,0,0,0,0,0,0,0,0,0,0,0,0,0
0.0,0.6054963623562544,0.0031096461222712883,0.5133598913757039,0.17447495961227788,0.0,0.4912645123682611,0.12003856976995891,0.05405405405405406,0.04639175257731959,0.06225622994511789,0.16230482927951115,0.3333333333333333,0.0,0.5134519580839878,0.40729853642893277,0.0,0.43478260869565216,0.5232276573462675,0.0,0.3705496443958529,0,0,1,0,0,1,0,0,0,0,0,1,1,0,0,0,0,0,1,0,0,0,0,0,0,0,0,0,0,0,0,0,1,0,0,0,0,0,0,0,0,0,0,0,0,0,0,0,0,0,0,0
0.17647058823529413,0.006575921145271063,0.1539274830524288,0.07217562558868741,0.025848142164781908,0.0,0.5432579964590304,0.0354212173091682,0.2972972972972973,0.7010309278350515,0.1681409002182307,0.14965818027760583,0.0,0.0,0.4412598124929902,0.45508072731431226,0.0,0.4782608695652174,0.007937376160952659,0.0,0.7581493153071209,0,1,1,0,0,1,0,0,0,0,0,1,0,1,0,0,0,0,1,0,0,0,0,0,0,0,0,0,0,0,0,0,0,0,0,0,0,0,0,0,0,0,0,0,0,0,1,0,0,0,0,0
0.0,0.09998122506453884,1.0,0.8289575084913701,0.04361873990306947,0.0,0.5599688191740875,0.16628293681248407,0.10810810810810811,0.27319587628865977,0.18028552630754932,0.3563637095799908,0.0,0.0,0.6103004132236152,0.660176192383059,0.0,0.5217391304347826,0.8324257949053293,0.0,0.5839256195703415,0,0,1,0,1,0,0,0,0,0,1,0,0,0,1,0,0,0,1,0,0,0,0,0,0,0,0,0,0,0,0,0,0,0,0,0,0,0,0,0,0,0,0,0,0,0,1,0,0,0,0,0
0.09803921568627451,0.016902135648908707,0.1648112444803783,0.0868545845242998,0.1890145395799677,0.3333333333333333,0.5734350227556799,0.12003856976995891,0.04054054054054054,0.9278350515463918,0.12047078122196427,0.5755420101262401,0.0,0.0,0.5256395334729612,0.5621552387484883,0.0,0.5652173913043478,0.016486265235583046,0.024793388429752067,0.44839356135940844,0,0,1,0,1,0,0,0,0,1,0,0,0,0,1,0,0,0,1,0,0,0,0,0,0,0,0,0,0,0,0,0,0,0,0,0,0,0,1,0,0,0,0,0,0,0,0,0,0,0,0,0
0.0196078431372549,0.18306031448016896,0.018657876733627732,0.15454089517184577,0.06785137318255251,0.0,0.8170833528926459,0.10331188381840725,0.08108108108108109,0.654639175257732,0.12771054228533768,0.10807983356020594,0.0,0.0,0.34054819904638534,0.45069935933162875,0.0,0.6086956521739131,0.0851969624709301,0.0,0.6782788319159428,0,0,1,0,0,0,0,1,0,0,1,0,0,1,0,0,0,0,1,0,0,0,0,0,0,0,0,0,0,0,0,0,0,0,0,0,0,0,0,0,0,0,0,0,0,0,0,1,0,0,0,0
0.0196078431372549,0.09059375733395916,0.11116984887119856,0.12273648414468562,0.012924071082390954,0.0,0.11466504834462171,0.0039356908121298,0.2702702702702703,0.4896907216494845,0.02633897085240348,0.12786251350170064,0.0,0.0,0.39929909030964633,0.5128258853123915,0.0,0.6521739130434783,0.06961721135361304,0.0,0.30924428879084803,0,0,1,0,1,0,0,0,1,0,0,0,0,1,0,0,0,0,1,0,0,0,0,0,0,0,0,0,0,0,0,0,0,0,0,0,0,0,0,0,0,0,0,1,0,0,0,0,0,0,0,0
0.21568627450980393,0.09951185167800985,0.015548230611356443,0.08033060277513875,0.1050080775444265,0.3333333333333333,0.5897961198932272,0.2784501249581834,0.06756756756756757,0.18556701030927836,0.33612044834953675,0.3389854165016955,0.0,0.0,0.8219831593961552,0.24090982157477595,0.0,0.6956521739130435,0.007065176418914823,0.04347826086956522,0.626519647124331,0,0,1,1,0,0,0,0,0,0,1,0,0,0,1,0,0,0,1,0,0,0,0,0,0,0,0,0,0,0,0,0,0,0,0,0,0,0,0,0,0,0,0,0,0,0,1,0,0,0,0,0
0.0,0.018310255808495657,0.3265128428384853,0.17288959384136124,0.045234248788368334,0.0,0.5678082194143085,0.0432925989334278,0.21621621621621623,0.0979381443298969,0.04700623643255766,0.3819759296890604,0.0,0.0,0.11067361752214337,0.9864483900011365,0.0,0.7391304347826086,0.1896611911165304,0.0,0.19690143868188575,0,0,1,0,0,0,0,1,0,0,1,0,1,0,0,0,0,0,1,0,0,0,0,0,0,0,0,0,0,0,0,0,0,0,0,0,1,0,0,0,0,0,0,0,0,0,0,0,0,0,0,0
0.0,0.02347336306031448,0.024877168978170307,0.019168273876753832,0.2407108239095315,0.0,0.3096307781189939,0.16628293681248407,0.05405405405405406,0.6752577319587629,0.15079450732168748,0.4847024649873751,0.0,0.0,0.622148570045796,0.7861305534228932,0.0,0.782608695652174,0.039056930315798793,0.0,0.637994196729476,0,1,1,0,0,1,0,0,0,0,1,0,0,0,1,0,0,0,1,0,0,0,0,0,0,0,0,0,0,0,0,0,0,0,0,0,0,0,0,0,0,0,0,0,0,1,0,0,0,0,0,0
0.0196078431372549,0.18681530157240084,0.0878475029541639,0.19409253452613467,0.03715670436187399,0.3333333333333333,0.7179309721591789,0.07182635732136886,0.05405405405405406,0.7680412371134021,0.4459581898136426,0.11420260775453117,0.0,0.0,0.7353676132775838,0.6770008731110402,0.0,0.8260869565217391,0.10457178116810645,0.1111111111111111,0.3705496443958529,0,0,1,0,0,1,0,0,0,0,0,1,1,0,0,0,0,0,1,0,0,0,0,0,0,0,0,1,0,0,0,0,0,0,0,0,0,0,0,0,0,0,0,0,0,0,0,0,0,0,0,0
0.058823529411764705,0.48205116169913165,0.027986815100441594,0.41916990487219113,0.15993537964458804,0.0,0.4389190393433818,0.1101993427396344,0.17567567567567569,0.26288659793814434,0.09383163154196417,0.3249805733200118,0.0,0.0,0.5943742491488203,0.7709439495738384,0.5,0.8695652173913043,0.10676892555644603,0.0,0.26083101421026195,1,0,1,0,1,0,0,0,0,0,1,0,1,0,0,0,0,0,1,0,0,0,0,0,0,0,0,0,0,0,0,0,0,1,0,0,0,0,0,0,0,0,0,0,0,0,0,0,0,0,0,0
0.0196078431372549,0.11171555972776342,0.0419802226506624,0.10479553433449271,0.2924071082390953,0.3333333333333333,0.5123489773903968,0.4014404628372396,0.04054054054054054,0.010309278350515464,0.28171872770009215,0.2594547320635649,0.0,0.5,0.8906075389715007,0.7744522454731969,0.0,0.9130434782608695,0.060828633800254696,0.016216216216216217,0.40890397658035194,0,1,1,0,0,1,0,0,0,0,0,1,0,1,0,0,0,0,1,0,0,0,0,0,0,0,0,0,0,0,0,0,0,0,0,0,0,0,0,0,0,1,0,0,0,0,0,0,0,0,0,0
0.0,0.01971837596808261,0.4330182225262769,0.2299744341465205,0.029079159935379646,0.3333333333333333,0.9531302913785226,0.24598067575811253,0.20270270270270271,0.31958762886597936,0.15887866445542437,0.2524245899668085,0.0,0.0,0.670908479616582,0.5065552606230778,0.0,0.9565217391304348,0.24558850281971986,0.13636363636363638,0.49318962158236734,1,0,1,0,1,0,0,0,0,0,1,0,1,0,0,0,0,0,1,0,0,0,0,0,0,0,0,0,0,0,0,0,0,0,0,0,0,0,0,0,0,0,0,0,0,0,0,0,1,0,0,0
0.0,0.09481811781272001,0.09095714907643519,0.115804753536202,0.05492730210016155,0.6666666666666666,0.7855137503375687,0.3945530039160125,0.13513513513513514,0.7680412371134021,0.3255733948811742,0.4812137251703068,0.0,0.0,0.5529421273443584,0.3595763430009539,0.0,1.0,0.13373387941334094,0.15789473684210525,0.3596956515923554,0,0,1,0,0,0,1,0,0,0,0,1,0,0,1,0,0,0,1,0,0,0,0,0,0,0,0,0,0,1,0,0,0,0,0,0,0,0,0,0,0,0,0,0,0,0,0,0,0,0,0,0
0.1568627450980392,0.9997700070406009,0.04120281112009457,0.8758486273134652,0.09208400646203554,0.0,0.6984917457845005,0.2085916130428794,0.04054054054054054,0.5824742268041238,0.3487895689293434,0.2713130270366078,0.3333333333333333,0.0,0.3718932144735946,0.4721897353752391,0.0,0.0,0.09644900494454797,0.0,0.5436409843838745,0,0,0,0,0,1,0,0,1,0,0,0,0,0,1,0,1,0,0,0,0,0,0,0,0,0,0,0,0,0,0,0,0,0,0,0,0,0,0,0,0,0,0,0,0,1,0,0,0,0,0,0
0.0392156862745098,0.07181882187279981,0.019435288264195553,0.05831216437172017,0.029079159935379646,0.3333333333333333,0.659783255969996,0.2203986854792688,0.0945945945945946,0.08247422680412371,0.3357864578612115,0.0703001125932338,0.0,0.5,0.5568879578304512,0.11230511944539219,0.0,0.043478260869565216,0.024941942124041456,0.13636363636363638,0.3482211019872103,0,0,0,0,0,1,0,0,1,0,0,0,1,0,0,0,1,0,0,0,0,0,0,0,0,0,0,0,0,0,0,0,0,0,0,0,0,1,0,0,0,0,0,0,0,0,0,0,0,0,0,0
0.058823529411764705,0.3417085191269655,0.006219292244542577,0.28583602787371204,0.08239095315024232,0.3333333333333333,0.5507862265074244,0.01672668595155165,0.06756756756756757,0.1134020618556701,0.47537116748189095,0.5095574474807393,0.0,0.5,0.6162580850501279,0.7410408711140497,0.0,0.08695652173913043,0.07411137032976219,0.05454545454545454,0.5565970902742413,0,0,0,1,0,0,0,0,0,0,0,1,0,1,0,0,1,0,0,0,0,0,0,0,0,0,0,0,0,0,0,0,0,1,0,0,0,0,0,0,0,0,0,0,0,0,0,0,0,0,0,0
0.0196078431372549,0.024412109833372445,0.016325642141924265,0.015498534142850736,0.05331179321486268,0.0,0.983223310484159,0.11807072436389401,0.13513513513513514,0.10309278350515463,0.12110162147108343,0.06552742978625126,0.0,0.0,0.47195115626835493,0.8475886044662678,0.0,0.13043478260869565,0.017085486432402933,0.0,0.5249530851670432,0,0,0,0,0,1,0,0,0,0,1,0,0,1,0,0,1,0,0,0,0,0,0,0,0,0,0,0,0,0,0,0,0,0,0,0,0,0,0,1,0,0,0,0,0,0,0,0,0,0,0,0
0.0,0.06008448720957521,0.09173456060700301,0.08603908680565467,0.051696284329563816,0.6666666666666666,0.7439884963595729,0.12889387409725095,0.43243243243243246,0.7577319587628866,0.17087715892134525,0.19986163538297913,0.0,0.0,0.3131438712732622,0.677323408444364,0.0,0.17391304347826086,0.10457178116810645,0.16666666666666666,0.4335163885079065,0,0,0,0,1,0,0,0,0,0,1,0,1,0,0,0,1,0,0,0,0,0,0,0,0,0,0,0,0,0,0,0,0,0,0,0,0,0,0,0,0,0,0,0,0,0,0,1,0,0,0,0
0.21568627450980393,0.13142924196198075,0.2464394551899996,0.22915893642787535,0.06785137318255251,0.0,0.43391342844486736,0.42407068500698597,0.06756756756756757,0.7835051546391752,0.28875066057752097,0.47394241424773675,0.3333333333333333,0.0,0.21496565745742585,0.4091306623738465,0.0,0.21739130434782608,0.019216050687762533,0.0,0.3705496443958529,0,0,0,0,0,0,0,1,0,0,1,0,0,0,1,0,1,0,0,0,0,0,0,0,0,0,0,0,0,0,0,0,0,0,0,0,0,1,0,0,0,0,0,0,0,0,0,0,0,0,0,0
0.0196078431372549,0.1013893452241258,0.04120281112009457,0.09541731057007369,0.06946688206785137,0.3333333333333333,0.30391549865093526,0.098392270303245,0.16216216216216217,0.4072164948453608,0.06069904643462833,0.217492419232202,0.0,0.0,0.5106581438180751,0.7224934712681128,0.0,0.2608695652173913,0.05623460462463556,0.06382978723404256,0.47519998381900647,0,0,0,0,0,0,0,1,0,1,0,0,0,0,1,0,1,0,0,0,0,0,0,0,0,0,0,0,0,0,0,0,1,0,0,0,0,0,0,0,0,0,0,0,0,0,0,0,0,0,0,0
0.0196078431372549,0.02347336306031448,0.4757758567075071,0.25566261228384213,0.07431340872374798,0.3333333333333333,0.696963281590036,0.19776846330952247,0.10810810810810811,0.6907216494845361,0.18347584340809958,0.08961134157959653,0.3333333333333333,0.0,0.15621706093103813,0.5921244987431419,0.0,0.30434782608695654,0.13473258140804076,0.060000000000000005,0.5436409843838745,1,0,0,1,0,0,0,0,1,0,0,0,0,0,1,0,1,0,0,0,0,0,0,0,0,0,0,0,0,0,0,0,0,0,0,0,0,0,0,0,0,0,0,0,0,0,0,0,0,0,0,1
0.11764705882352941,0.022065242900727526,0.03342869581441635,0.022430264751334358,0.03715670436187399,0.0,0.5725295811549505,0.1908810043882953,0.10810810810810811,0.020618556701030927,0.10197112415082889,0.1975945377614902,0.0,0.0,0.37086905182329255,0.8573997441284872,0.0,0.34782608695652173,0.004929856439770938,0.0,0.8151337941924527,0,1,0,0,1,0,0,0,1,0,0,0,0,0,1,0,1,0,0,0,0,0,0,0,0,0,1,0,0,0,0,0,0,0,0,0,0,0,0,0,0,0,0,0,0,0,0,0,0,0,0,0
0.0,0.20042712978174138,0.06063809938429012,0.19164604137019928,0.03877221324717286,0.0,0.2981533094030602,0.40340830824330454,0.0945945945945946,0.5618556701030928,0.6859154855037735,0.36679138033565034,0.0,0.0,0.0,0.9760580343613331,0.0,0.391304347826087,0.20803730781900692,0.0,0.6143492563875665,0,0,0,0,0,0,1,0,0,0,0,1,0,0,1,0,1,0,0,0,0,0,0,0,0,0,0,0,0,0,0,0,0,0,0,0,0,0,0,0,0,0,0,0,0,0,1,0,0,0,0,0
0.0196078431372549,0.2520582022999296,0.0209901113253312,0.21570322407023068,0.05815831987075929,0.6666666666666666,0.6693368313703639,0.1397170238306079,0.04054054054054054,0.27319587628865977,0.6405317233415216,0.096988477692826,0.0,0.0,0.6484602631601152,0.5065644019434035,0.0,0.43478260869565216,0.11515802231192446,0.15000000000000002,0.6205266658026173,0,0,0,1,0,0,0,0,0,0,0,1,0,0,1,0,1,0,0,0,0,0,0,0,0,0,0,0,0,0,0,0,0,0,0,0,0,0,0,0,0,0,0,0,0,1,0,0,0,0,0,0
0.0392156862745098,0.3614222013611828,0.24877168978170308,0.43017912407390047,0.0630048465266559,0.0,0.5299348505876493,0.31190349686128666,0.13513513513513514,0.8247422680412371,0.07264414948240845,0.36004535089070727,0.3333333333333333,0.0,0.7167702818324877,0.3186148684713566,0.0,0.4782608695652174,0.14638410467953858,0.0,1.0,0,0,0,0,0,0,1,0,0,0,0,1,0,0,1,0,1,0,0,0,0,0,0,0,0,0,0,0,0,0,0,0,0,0,0,0,0,0,0,0,0,0,0,0,0,0,0,0,0,0,1,0
0.0392156862745098,0.5003567237737621,0.8535978605634686,0.8681013989863365,0.04361873990306947,0.0,0.6897349241007578,0.019678454060649,0.08108108108108109,0.4896907216494845,0.3954192737366307,0.3726351346806278,0.0,0.0,0.48800529028390566,0.71453641626253,0.0,0.5217391304347826,0.28939823032055156,0.0,0.5391295593473825,0,0,0,0,0,0,0,1,0,0,1,0,0,1,0,0,1,0,0,0,0,0,0,1,0,0,0,0,0,0,0,0,0,0,0,0,0,0,0,0,0,0,0,0,0,0,0,0,0,0,0,0
0.058823529411764705,0.07463506219197372,0.0069967037751103986,0.05423467577849451,0.08562197092084006,0.0,0.6719653655443739,0.0236141448727788,0.04054054054054054,0.8556701030927835,0.174972568288112,0.19251097866429492,0.0,0.0,0.8609135420180177,0.46120174778227363,0.0,0.5652173913043478,0.017385097030812875,0.0,0.5297906678146433,0,0,0,1,0,0,0,0,0,1,0,0,0,0,1,0,1,0,0,0,0,0,0,0,0,0,0,0,0,1,0,0,0,0,0,0,0,0,0,0,0,0,0,0,0,0,0,0,0,0,0,0
0.3137254901960784,0.0431870452945318,0.05364139560917972,0.05138043376323655,0.009693053311793215,0.3333333333333333,0.46214616501324296,0.0,0.22972972972972974,0.5618556701030928,0.45797643277997613,0.24632349536712025,0.3333333333333333,0.0,0.7579101654683804,0.4018912076030354,0.0,0.6086956521739131,0.002939166413360894,0.30000000000000004,0.5726656610764669,0,0,0,0,0,1,0,0,0,0,1,0,1,0,0,0,1,0,0,0,0,0,0,0,0,0,0,0,0,0,0,0,0,0,0,1,0,0,0,0,0,0,0,0,0,0,0,0,0,0,0,0
0.058823529411764705,0.3013424078854729,0.3381740157970026,0.42487838890270707,0.03231017770597738,0.0,0.7101532151610288,0.3020642698309622,0.10810810810810811,0.4587628865979381,0.27222213799614253,0.4698958739163072,0.0,0.5,0.5732975774848461,0.675078994885812,0.0,0.6521739130434783,0.10816710834902578,0.0,0.26083101421026195,1,0,0,0,1,0,0,0,0,0,1,0,1,0,0,0,1,0,0,0,0,0,0,0,0,0,0,0,0,1,0,0,0,0,0,0,0,0,0,0,0,0,0,0,0,0,0,0,0,0,0,0
0.0,0.14644919033090822,0.012438584489085153,0.11947449327010508,0.050080775444264945,0.3333333333333333,0.4841988611231154,0.27648227955211846,0.08108108108108109,0.9484536082474226,0.24460012823900398,0.5165941668614379,0.0,0.0,0.4471159870552244,0.6504008849672444,0.0,0.6956521739130435,0.1373292065942603,0.08571428571428572,0.3705496443958529,0,1,0,0,0,0,1,0,1,0,0,0,0,0,1,0,1,0,0,0,0,0,0,0,0,0,0,0,0,1,0,0,0,0,0,0,0,0,0,0,0,0,0,0,0,0,0,0,0,0,0,0
0.058823529411764705,0.01737150903543769,0.1547048945829966,0.081961598212429,0.029079159935379646,0.3333333333333333,0.4971922542487889,0.3296141055158708,0.2972972972972973,1.0,0.21018323196660377,0.3069361821698779,0.0,0.0,0.3968595985359034,0.17417099501988242,0.0,0.7391304347826086,0.024176270594771596,0.13636363636363638,0.3596956515923554,0,0,0,0,0,0,1,0,1,0,0,0,0,0,1,0,1,0,0,0,0,0,0,0,0,0,0,0,0,0,0,1,0,0,0,0,0,0,0,0,0,0,0,0,0,0,0,0,0,0,0,0
0.0392156862745098,0.015963388875850738,0.32262578518564616,0.16881210524813559,0.25848142164781907,0.0,0.477331541567673,0.0826495070547258,0.013513513513513514,0.4536082474226804,0.10511527415725742,0.44041381641252225,0.3333333333333333,1.0,0.5908960470025394,0.5965721391119025,0.0,0.782608695652174,0.06102837419919466,0.0,0.5607364114683707,1,0,0,1,0,0,0,0,1,0,0,0,0,0,1,0,1,0,0,0,0,0,0,0,0,0,0,0,0,0,0,0,0,0,0,0,0,0,0,0,1,0,0,0,0,0,0,0,0,0,0,0
0.0392156862745098,0.11312367988735038,0.0878475029541639,0.1300759636124918,0.06623586429725363,0.0,0.8096929733218229,0.09347265678808275,0.2702702702702703,0.3556701030927835,0.2817315281461351,0.21540677183548881,0.0,0.0,0.44115534823118935,0.5935208642984374,0.0,0.8260869565217391,0.04837814893299704,0.0,0.41744781770568096,0,0,0,1,0,0,0,0,0,0,0,1,1,0,0,0,1,0,0,0,0,0,0,0,0,1,0,0,0,0,0,0,0,0,0,0,0,0,0,0,0,0,0,0,0,0,0,0,0,0,0,0
0.058823529411764705,0.051166392865524525,0.1515952484607253,0.1096885206463635,0.07592891760904685,0.0,0.52762780231907,0.1416848692366728,0.04054054054054054,0.6494845360824743,0.4857742335283382,0.0037881583845717753,0.0,0.0,0.5878615455392707,0.8347426091539409,0.0,0.8695652173913043,0.03096744415873032,0.0,0.46882643372838395,0,0,0,0,1,0,0,0,1,0,0,0,0,1,0,0,1,0,0,0,0,0,0,0,0,0,0,0,0,0,0,0,0,0,0,0,0,0,0,1,0,0,0,0,0,0,0,0,0,0,0,0
0.0392156862745098,0.061492607369162164,0.5877231171092735,0.34740610563141955,0.0420032310177706,0.6666666666666666,0.857944950708045,0.5018005785465496,0.12162162162162163,0.17010309278350516,0.1737575403334162,0.1106451471699447,0.3333333333333333,0.0,0.6036551829661675,0.5646080419235092,0.0,0.9130434782608695,0.11935257068966366,0.2,0.6407632056713689,0,0,0,0,0,1,0,0,0,0,0,1,0,0,1,0,1,0,0,0,0,0,0,0,0,0,0,0,0,0,0,0,0,0,0,0,0,0,1,0,0,0,0,0,0,0,0,0,0,0,0,0
0.0392156862745098,0.2201408120159587,0.7237701349586424,0.5565812704638959,0.06462035541195477,0.3333333333333333,0.9400821800014082,0.6051124623649567,0.05405405405405406,0.3865979381443299,0.3241907177949821,0.011556267268944972,0.0,0.0,0.422355271008584,0.7209445329975234,0.0,0.9565217391304348,0.18766378712713078,0.06818181818181819,0.5980191220754025,0,1,0,0,0,1,0,0,0,0,0,1,1,0,0,0,1,0,0,0,0,0,0,0,0,0,0,0,0,0,0,0,0,0,0,0,0,0,0,0,0,0,0,1,0,0,0,0,0,0,0,0
0.0784313725490196,0.15442853790190095,0.07463150693451093,0.159026132624394,0.01938610662358643,0.0,0.4360777101842504,0.30403211523702706,0.04054054054054054,0.845360824742268,0.5352509538559047,0.23428093432767946,0.0,0.0,0.7043732307956412,0.44858674776592283,0.0,1.0,0.034183264581663715,0.0,0.44839356135940844,0,0,0,1,0,0,0,0,0,0,1,0,0,0,1,0,1,0,0,0,0,0,0,0,0,0,0,0,0,0,0,0,0,0,0,0,0,0,0,0,0,0,1,0,0,0,0,0,0,0,0,0
0.0196078431372549,0.2943018070875381,0.042757634181230214,0.2638175894702935,0.05654281098546042,0.0,0.0,0.2085916130428794,0.28378378378378377,0.8969072164948454,0.5733114908969889,0.016433990141305446,0.0,0.0,0.4225740121590305,0.19391178327508454,0.0,0.0,0.13872738938684,0.0,0.32309460536007956,0,0,0,0,1,0,0,0,1,0,0,0,0,0,1,0,0,0,0,0,1,0,0,0,0,0,0,0,0,0,0,0,0,0,0,0,0,0,1,0,0,0,0,0,0,0,0,0,0,0,0,0
0.0,0.001882187279981225,0.02565458050873813,0.000819575207238357,0.027463651050080775,0.0,0.7924149545072449,0.46244367042525153,0.43243243243243246,0.4175257731958763,0.23521873022978157,0.06440573623277987,0.0,0.0,0.4757468436273275,0.28008206835366045,0.0,0.043478260869565216,0.02108029441120218,0.0,0.6488481895329735,0,0,0,0,1,0,0,0,1,0,0,0,0,1,0,0,0,0,0,0,1,0,0,0,0,0,0,0,0,0,0,0,0,0,0,0,0,0,0,0,0,0,0,0,0,0,0,0,0,0,1,0
0.7058823529411765,0.08590002346866932,0.24566204365943178,0.18919954821426388,0.050080775444264945,0.6666666666666666,0.5153585223368395,0.12495818328512116,0.08108108108108109,0.3917525773195876,0.07717475015554087,0.18089493844057639,0.0,0.0,0.2632036318353868,0.8307695080177417,0.0,0.08695652173913043,0.004302100900245343,0.17142857142857143,0.5839256195703415,0,0,0,0,1,0,0,0,0,0,1,0,1,0,0,0,0,0,0,0,1,0,0,0,0,0,0,0,0,0,0,0,0,0,0,0,0,0,1,0,0,0,0,0,0,0,0,0,0,0,0,0
0.0,0.14316357662520535,0.013993407550220797,0.11743574897349225,0.0016155088852988692,0.0,0.410606306277212,0.1101993427396344,0.13513513513513514,0.8762886597938144,0.5233593151795577,0.6613297555139337,0.0,0.0,0.4136231045064004,0.6666637004400775,0.0,0.13043478260869565,0.13533180260486066,0.0,0.1700950162222878,0,0,0,0,0,1,0,0,0,1,0,0,0,0,1,0,0,0,0,0,1,0,0,0,0,0,0,0,0,0,0,0,0,0,0,0,0,1,0,0,0,0,0,0,0,0,0,0,0,0,0,0
0.0392156862745098,0.006575921145271063,0.059860687853722304,0.022838013610656925,0.022617124394184167,0.0,0.4660519667232413,0.14070094653364035,0.10810810810810811,0.20103092783505155,0.2983587110853522,0.40065162154989786,0.0,0.0,0.9304388285322054,0.26049824643743885,0.0,0.17391304347826086,0.013356998985523635,0.0,0.39064139524608293,0,0,0,0,0,1,0,0,0,0,0,1,0,0,1,0,0,0,0,0,1,0,0,0,0,0,0,0,0,0,0,0,0,0,0,0,0,0,0,0,0,0,0,0,0,0,0,0,0,0,0,1
0.0,0.027697723539075333,0.09095714907643519,0.05749666665307504,0.22617124394184168,0.6666666666666666,0.5008027389083153,0.05903536218194701,0.3918918918918919,0.05670103092783505,0.1890808666070142,0.22268240405918835,0.0,0.0,0.27961745686585626,0.681993939566776,0.0,0.21739130434782608,0.07660812531651172,0.041666666666666664,0.47519998381900647,1,0,0,0,1,0,0,0,1,0,0,0,0,0,1,0,0,0,0,0,1,0,0,0,0,0,0,0,0,0,0,0,0,0,0,1,0,0,0,0,0,0,0,0,0,0,0,0,0,0,0,0
0.0392156862745098,0.02112649612766956,0.04431245724236586,0.02732325106320515,0.13247172859450726,0.0,0.8429079507100272,0.13479741031544565,0.013513513513513514,0.07216494845360824,0.18541246637620262,0.3516178572230089,0.0,0.0,0.5643449937764953,0.42799293910218406,0.0,0.2608695652173913,0.01482176191108336,0.0,0.5839256195703415,0,0,0,0,0,0,1,0,1,0,0,0,1,0,0,0,0,0,0,0,1,0,0,0,0,0,0,0,0,0,0,0,0,0,0,0,0,0,0,0,0,0,0,0,0,0,0,0,0,0,1,0
0.0,0.06477822107486506,0.11116984887119856,0.10031029688194448,0.20032310177705978,0.0,0.6156483258203098,0.05018005785465495,0.13513513513513514,0.10824742268041238,0.03645493378395235,0.17930893757870292,0.0,0.0,0.37449736516027804,0.07218780475092254,0.0,0.30434782608695654,0.11855360909390382,0.0,0.6079757062969443,0,1,0,0,1,0,0,0,0,0,1,0,0,1,0,0,0,0,0,0,1,0,0,0,0,0,0,0,0,1,0,0,0,0,0,0,0,0,0,0,0,0,0,0,0,0,0,0,0,0,0,0
0.0196078431372549,0.4111757803332551,1.0,1.0,0.21163166397415187,0.0,0.8401914103822941,0.36405140012200654,0.05405405405405406,0.8814432989690721,0.37727468803813863,0.4741395095457808,0.0,0.0,0.00012102854215229518,0.46208923085641024,0.0,0.34782608695652173,0.49935468486496315,0.0,0.4988449241609157,0,0,0,1,0,0,0,0,1,0,0,0,1,0,0,0,0,0,0,0,1,0,0,0,0,0,0,0,0,0,0,0,0,0,0,0,0,0,1,0,0,0,0,0,0,0,0,0,0,0,0,0
0.11764705882352941,0.6383524994132833,0.069967037751104,0.5769687134300242,0.11631663974151858,0.3333333333333333,0.6824522676622522,0.24893244386720986,0.0,0.03608247422680412,0.12323032557263937,0.03032517052136013,0.0,0.5,0.5901469048528291,0.6787115971288626,0.0,0.391304347826087,0.08254326859929917,0.039473684210526314,0.44839356135940844,1,0,0,0,0,0,0,1,0,0,1,0,0,1,0,0,0,0,0,0,1,0,0,0,0,0,0,0,0,0,0,0,0,0,0,0,0,0,0,0,0,0,0,0,0,0,0,0,1,0,0,0
0.058823529411764705,0.022065242900727526,0.04819951489520497,0.03017749307846311,0.04361873990306947,0.0,0.5219010929217158,0.49589704232835485,0.08108108108108109,0.32989690721649484,0.16819338271847878,0.2607390899219079,0.3333333333333333,0.5,0.3528713526841871,0.6609258952401246,0.0,0.43478260869565216,0.011492755262083989,0.0,0.4554381426000973,1,1,0,0,0,0,1,0,0,0,0,1,0,1,0,0,0,0,0,0,1,0,0,0,1,0,0,0,0,0,0,0,0,0,0,0,0,0,0,0,0,0,0,0,0,0,0,0,0,0,0,0
0.0784313725490196,0.11781741375264022,0.25576839355681347,0.22222720581939173,0.024232633279483037,0.6666666666666666,0.5696891060085378,0.0236141448727788,0.4189189189189189,0.6030927835051546,0.24992736476346633,0.3357692326305962,0.3333333333333333,0.0,0.5390935405361146,0.8485165032328412,0.0,0.4782608695652174,0.046567169315941376,0.3157894736842105,0.32309460536007956,0,0,0,0,0,1,0,0,1,0,0,0,0,0,1,0,0,0,0,0,1,0,0,0,0,0,0,0,0,0,0,0,0,0,0,0,0,0,1,0,0,0,0,0,0,0,0,0,0,0,0,0
0.0,0.12251114761793006,0.10650537968779163,0.14801691342268472,0.172859450726979,0.0,0.6959183359824516,0.7064565007772992,0.05405405405405406,0.6082474226804123,0.6175810524910479,0.18869930181088168,0.3333333333333333,0.5,0.681803783083608,0.4857130741848855,0.0,0.5217391304347826,0.165292862445855,0.0,0.39998028677882225,0,0,0,0,1,0,0,0,0,1,0,0,1,0,0,0,0,0,0,0,1,0,0,0,0,0,0,1,0,0,0,0,0,0,0,0,0,0,0,0,0,0,0,0,0,0,0,0,0,0,0,0
0.2549019607843137,0.10045059845106782,0.4112506996703779,0.28869026988897,0.06946688206785137,0.0,0.7476369373746641,0.0255819902788437,0.1891891891891892,0.8350515463917526,0.3423697566146572,0.23148629802164886,0.3333333333333333,0.0,0.5211253626358963,0.5718861513582619,0.5,0.5652173913043478,0.020452538871676584,0.0,0.44839356135940844,0,0,0,0,1,0,0,0,0,0,1,0,0,1,0,0,0,0,0,0,1,0,0,0,0,0,0,0,0,0,0,0,0,0,0,0,0,0,0,0,0,0,0,1,0,0,0,0,0,0,0,0
0.0,0.10185871861065478,0.09717644132097776,0.125182977300621,0.5234248788368336,0.3333333333333333,0.7828798378259723,0.0452604443394927,0.25675675675675674,0.9845360824742269,0.37973550695380776,0.3042998731768406,0.3333333333333333,0.5,0.5410634263237352,0.5198689590359968,0.0,0.6086956521739131,0.14292193776457923,0.009146341463414635,0.4410927580475902,0,1,0,1,0,0,0,0,1,0,0,0,1,0,0,0,0,0,0,0,1,0,1,0,0,0,0,0,0,0,0,0,0,0,0,0,0,0,0,0,0,0,0,0,0,0,0,0,0,0,0,0
0.19607843137254902,0.09106313072048815,0.059860687853722304,0.09623280828871882,0.046849757673667204,0.3333333333333333,0.5314312848673454,0.08756912056988805,0.0945945945945946,0.4020618556701031,0.33347711436720023,0.04055955603725128,0.0,0.0,0.28652162002445025,0.4152604467338277,0.0,0.6521739130434783,0.00924113621948805,0.09090909090909091,0.10254822633628438,0,0,0,1,0,0,0,0,0,1,0,0,0,0,1,0,0,0,0,0,1,0,0,0,0,0,0,0,0,0,0,0,0,0,0,0,1,0,0,0,0,0,0,0,0,0,0,0,0,0,0,0
0.11764705882352941,0.43933818352499415,0.0069967037751103986,0.3710555394721284,0.34248788368336025,0.3333333333333333,0.6187046033277788,0.45260444339492706,0.10810810810810811,0.23195876288659795,0.24705978051579158,0.6057344371421768,0.0,0.5,0.6216082350090945,0.34399069708928665,0.0,0.6956521739130435,0.05372358246653318,0.013888888888888888,0.3705496443958529,0,0,0,0,0,1,0,0,0,0,1,0,0,1,0,0,0,0,0,0,1,0,0,0,0,0,0,0,0,0,0,0,0,0,0,0,0,0,0,1,0,0,0,0,0,0,0,0,0,0,0,0
0.0784313725490196,0.22812015958695142,0.009328938366813866,0.1887917993549413,0.05654281098546042,0.3333333333333333,0.7004007870929625,0.1908810043882953,0.013513513513513514,0.08762886597938144,0.07080565566055262,0.06586190497758986,0.0,0.0,0.4308443830381163,0.5690525716705118,0.0,0.7391304347826086,0.04001568423071062,0.07692307692307693,0.4554381426000973,1,0,0,0,0,0,1,0,0,0,1,0,0,0,1,0,0,0,0,0,1,0,0,0,0,0,0,0,0,0,0,0,0,0,0,0,0,0,0,0,0,0,1,0,0,0,0,0,0,0,0,0
0.0,0.015494015489321755,0.006219292244542577,0.0024505706445286215,0.2035541195476575,0.0,0.506967161271205,0.1259421059881536,0.05405405405405406,0.8917525773195877,0.1588435097533214,0.4621907695435674,0.0,0.0,0.04597045349880174,0.5492638340905818,0.0,0.782608695652174,0.02267821760272188,0.0,0.39998028677882225,0,0,0,1,0,0,0,0,0,1,0,0,0,0,1,0,0,0,0,0,1,0,0,0,0,0,0,0,0,0,0,0,0,0,0,0,0,0,0,0,0,0,0,0,0,0,0,1,0,0,0,0
0.0392156862745098,0.16099976531330673,0.12438584489085154,0.19083054365155414,0.2730210016155089,0.3333333333333333,0.35690207548562347,0.07379420272743376,0.21621621621621623,0.3711340206185567,0.46212873127538057,0.3503618280925911,0.0,0.0,0.6472316204238777,0.5981572186414756,0.0,0.8260869565217391,0.0682190285610333,0.017341040462427747,0.39998028677882225,0,0,0,0,0,1,0,0,1,0,0,0,0,0,1,0,0,0,0,0,1,0,0,0,0,0,0,0,0,0,0,0,0,0,0,0,0,0,0,0,0,0,0,0,0,1,0,0,0,0,0,0
0.0196078431372549,0.17977470077446608,0.013993407550220797,0.1492401600006524,0.024232633279483037,0.0,0.4225790104387285,0.0354212173091682,0.10810810810810811,0.9020618556701031,0.23750339132177292,0.05579351004677856,0.0,0.0,0.7122882067230902,0.754559302220743,0.0,0.8695652173913043,0.08260033728471058,0.0,0.5345144143574192,0,0,0,0,0,0,0,1,0,1,0,0,1,0,0,0,0,0,0,0,1,0,0,0,0,1,0,0,0,0,0,0,0,0,0,0,0,0,0,0,0,0,0,0,0,0,0,0,0,0,0,0
0.0392156862745098,0.09200187749354612,0.33506436967473135,0.24139140220755234,0.0420032310177706,0.0,0.5355283516808584,0.39553692661904494,0.13513513513513514,0.34536082474226804,0.1427709381871667,0.06937084713151104,0.0,0.0,0.7863671327205257,0.8785884252462919,0.0,0.9130434782608695,0.0847309015400702,0.0,0.26083101421026195,0,1,0,0,0,0,0,1,0,0,1,0,1,0,0,0,0,0,0,0,1,0,0,0,1,0,0,0,0,0,0,0,0,0,0,0,0,0,0,0,0,0,0,0,0,0,0,0,0,0,0,0
0.0196078431372549,0.23563013377141515,0.08318303377075696,0.23405192273974615,0.024232633279483037,0.6666666666666666,0.716020610542356,0.30501603794005955,0.10810810810810811,0.7577319587628866,0.6534969658559756,0.08869801620833886,0.0,0.5,0.9331251441186685,0.6502977625969089,0.0,0.9565217391304348,0.12414634026422276,0.3157894736842105,0.1700950162222878,0,0,0,0,0,0,0,1,0,1,0,0,0,1,0,0,0,0,0,0,1,0,0,0,1,0,0,0,0,0,0,0,0,0,0,0,0,0,0,0,0,0,0,0,0,0,0,0,0,0,0,0
0.0,0.07932879605726355,0.06063809938429012,0.08644683566497723,0.01938610662358643,0.3333333333333333,0.8352714428366524,0.46834720664344626,0.5405405405405406,0.6443298969072165,0.3452246767986616,0.12442062274782138,0.0,0.0,0.6358029571056162,0.8416251607763642,0.0,1.0,0.10497126196598637,0.1875,0.380846771473405,0,1,0,0,1,0,0,0,0,0,1,0,1,0,0,0,0,0,0,0,1,0,0,0,0,0,0,0,0,0,0,0,0,0,1,0,0,0,0,0,0,0,0,0,0,0,0,0,0,0,0,0
0.13725490196078433,0.0807369162168505,0.02876422663100942,0.07095237901071973,0.11631663974151858,0.0,0.3127188911899873,0.2203986854792688,0.06756756756756757,0.7164948453608248,0.33583875213615566,0.1371783937378617,0.0,0.0,0.5805719351586122,0.5172724860965212,0.0,0.0,0.010094572469504251,0.0,0.5802420306161505,0,0,0,0,0,1,0,0,1,0,0,0,0,1,0,0,0,0,0,0,0,1,0,0,0,0,0,0,0,0,0,0,0,0,1,0,0,0,0,0,0,0,0,0,0,0,0,0,0,0,0,0
0.0392156862745098,0.07322694203238676,0.16403383294981047,0.13537669878368516,0.05492730210016155,0.0,0.46432807758969896,0.0,0.35135135135135137,0.654639175257732,0.24861013318343617,0.548050939353597,0.3333333333333333,0.0,0.7034714317953275,0.579438275683882,0.0,0.043478260869565216,0.05010923239047671,0.0,0.7471249788655046,0,0,0,0,1,0,0,0,0,1,0,0,1,0,0,0,0,0,0,0,0,1,0,0,0,0,0,0,1,0,0,0,0,0,0,0,0,0,0,0,0,0,0,0,0,0,0,0,0,0,0,0
0.0196078431372549,0.0014128138934522412,0.03031904969214506,0.0028583195038511876,0.06785137318255251,0.6666666666666666,0.51218315140884,0.04230867623039535,0.10810810810810811,0.30412371134020616,0.15908864550274382,0.13346112375274174,0.0,0.0,0.28246695219993323,0.8593604901730061,0.5,0.08695652173913043,0.010893534065264101,0.13043478260869565,0.5839256195703415,0,0,0,0,1,0,0,0,0,0,1,0,1,0,0,0,0,0,0,0,0,1,0,0,0,0,0,0,0,0,0,0,0,0,0,0,0,0,0,0,0,0,0,0,1,0,0,0,0,0,0,0
0.0196078431372549,0.05726824689040132,0.024099757447602486,0.04811844288865602,0.1050080775444265,0.0,0.742499665457844,0.23318968061869066,0.3783783783783784,0.10309278350515463,0.24855586268430008,0.12470796650021995,0.0,0.5,0.11543610741811024,0.5958346995181679,0.0,0.13043478260869565,0.03306471834759993,0.0,0.19690143868188575,1,0,0,1,0,0,0,0,1,0,0,0,1,0,0,0,0,0,0,0,0,1,0,0,0,0,0,0,0,0,0,0,0,0,0,0,0,0,0,0,0,0,0,0,0,1,0,0,0,0,0,0
0.058823529411764705,0.02722835015254635,0.31096461222712884,0.17248184498203867,0.009693053311793215,0.0,0.4781629959995308,0.11216718814569931,0.02702702702702703,0.010309278350515464,0.2093596382269323,0.08707564042238623,0.0,0.0,0.3697059430436107,0.3380474244403667,0.0,0.17391304347826086,0.046347454877107425,0.0,0.39998028677882225,0,0,0,1,0,0,0,0,1,0,0,0,0,1,0,0,0,0,0,0,0,1,0,0,0,0,0,0,0,0,0,0,0,0,0,0,0,0,0,0,0,0,0,0,0,0,0,0,0,1,0,0
0.0,0.012677775170147851,0.12127619876858024,0.060350908668333,0.19547657512116318,0.0,0.4978216170374897,0.09347265678808275,0.12162162162162163,0.4175257731958763,0.23391984248407577,0.4882375638267907,0.0,0.5,0.7429848694854712,0.9068129104007372,0.0,0.21739130434782608,0.07940449090167119,0.0,0.49318962158236734,0,0,0,0,1,0,0,0,0,1,0,0,0,1,0,0,0,0,0,0,0,1,0,0,0,0,0,0,0,0,0,0,0,0,0,0,0,0,0,0,0,0,0,0,1,0,0,0,0,0,0,0
0.0,0.3309129312367989,0.06063809938429012,0.3050002242618727,0.046849757673667204,0.0,0.3015394958403986,0.0511639805576874,0.06756756756756757,0.8917525773195877,0.0343987391314424,0.061102218218114526,0.3333333333333333,0.0,0.3305342620229146,0.6787631557018291,0.0,0.2608695652173913,0.319092969629626,0.0,0.47519998381900647,0,0,0,0,1,0,0,0,0,1,0,0,1,0,0,0,0,0,0,0,0,1,0,0,0,0,0,0,0,0,0,1,0,0,0,0,0,0,0,0,0,0,0,0,0,0,0,0,0,0,0,0
0.058823529411764705,0.11500117343346632,0.1679208906026496,0.17370509156000638,0.10339256865912763,0.0,0.6802915775745834,0.3424051006552926,0.10810810810810811,0.6443298969072165,0.37982870437496147,0.4790833452782284,0.0,0.5,0.5702813213270463,0.5665872926445136,0.0,0.30434782608695654,0.04664706547551736,0.0,0.5436409843838745,0,0,0,0,0,0,1,0,1,0,0,0,0,1,0,0,0,0,0,0,0,1,0,0,0,0,1,0,0,0,0,0,0,0,0,0,0,0,0,0,0,0,0,0,0,0,0,0,0,0,0,0
0.0784313725490196,0.06102323398263318,0.08162821070962133,0.08155384935310644,0.11147011308562198,0.6666666666666666,0.5514418484858248,0.23122183521262576,0.2702702702702703,0.6752577319587629,0.26874872923311477,0.5843255148306498,0.3333333333333333,0.5,0.5931954515650194,0.3334146678794044,0.0,0.34782608695652173,0.01900299426222657,0.0821917808219178,0.2782985451371206,0,0,0,0,0,1,0,0,0,0,1,0,0,0,1,0,0,0,0,0,0,1,0,0,0,0,0,0,0,0,0,0,1,0,0,0,0,0,0,0,0,0,0,0,0,0,0,0,0,0,0,0
0.0196078431372549,0.030983337244778225,0.12516325642141937,0.0782918584785259,0.2084006462035541,0.0,0.4529978822653109,0.24007713953991783,0.13513513513513514,0.25773195876288657,0.3023399402681777,0.161137441213822,0.0,0.0,0.5231823038558101,0.06308403163321928,0.0,0.391304347826087,0.04784550786915714,0.0,0.4554381426000973,0,0,0,0,1,0,0,0,0,1,0,0,0,1,0,0,0,0,0,0,0,1,0,0,0,0,0,0,0,0,0,0,0,0,0,0,0,0,0,0,0,1,0,0,0,0,0,0,0,0,0,0
0.0,0.09012438394743018,0.02954163816157724,0.0795151050564936,0.05977382875605816,0.0,0.5318359918792328,0.0865851978668556,0.2702702702702703,0.4845360824742268,0.32028431738181495,0.44404703319335626,0.3333333333333333,0.0,0.1993451681769548,0.9671801654404948,0.0,0.43478260869565216,0.09818008840202766,0.0,0.5199960440419653,0,0,0,1,0,0,0,0,0,0,1,0,0,1,0,0,0,0,0,0,0,1,0,0,0,0,0,0,0,0,0,0,0,0,0,0,0,0,0,0,0,0,0,0,1,0,0,0,0,0,0,0
0.0392156862745098,0.20089650316827035,0.8287206915852984,0.5949096632402171,0.006462035541195477,0.3333333333333333,0.808897876485692,0.1830096227640357,0.05405405405405406,0.4072164948453608,0.6123059456840768,0.21045930790406436,0.0,0.0,0.5441290002667384,0.871689234853733,0.0,0.4782608695652174,0.2001808521273684,0.375,0.5945874151686574,0,0,0,0,0,0,0,1,0,0,1,0,0,1,0,0,0,0,0,0,0,1,0,0,0,0,0,0,0,0,0,0,0,0,0,0,0,0,0,0,0,0,0,0,0,0,0,0,0,0,0,1
0.0,0.021595869514198545,0.04042539958952675,0.025692255625914887,0.06785137318255251,0.0,0.3828902018917726,0.0373890627152331,0.05405405405405406,0.13402061855670103,0.19580235467712617,0.08875238482727153,0.0,0.0,0.38150601505318765,0.7588023706668797,0.0,0.5217391304347826,0.04544862308187759,0.0,0.30924428879084803,0,0,0,0,0,1,0,0,0,0,1,0,0,1,0,0,0,0,0,0,0,1,0,0,0,0,0,0,0,1,0,0,0,0,0,0,0,0,0,0,0,0,0,0,0,0,0,0,0,0,0,0
0.0,0.06290072752874912,0.46800174140182893,0.28583602787371204,0.07754442649434572,0.3333333333333333,0.4155074196439469,0.1397170238306079,0.10810810810810811,0.6134020618556701,0.11243500147905294,0.27858802477410427,0.0,0.0,0.8335498356906829,0.5918966208065713,0.0,0.5652173913043478,0.3003173721292695,0.057692307692307696,0.380846771473405,0,0,0,0,0,0,1,0,0,0,1,0,1,0,0,0,0,0,0,0,0,1,0,0,0,0,0,0,0,0,0,0,0,0,0,0,0,0,1,0,0,0,0,0,0,0,0,0,0,0,0,0
0.0,0.17461159352264727,0.06452515703712923,0.17125859840407098,0.024232633279483037,0.3333333333333333,0.8339275966228096,0.0,0.0945945945945946,0.36082474226804123,0.46561915960970224,0.3790696708583531,0.0,0.0,0.7131171345524095,0.5794527842519263,0.0,0.6086956521739131,0.1880632679250107,0.15789473684210525,0.0,1,0,0,0,0,0,1,0,0,0,1,0,0,1,0,0,0,0,0,0,0,1,0,0,0,0,0,0,0,0,0,0,1,0,0,0,0,0,0,0,0,0,0,0,0,0,0,0,0,0,0,0
0.09803921568627451,0.001882187279981225,0.20290440947820157,0.09378631513278342,0.07431340872374798,0.3333333333333333,0.5988355988360872,0.0255819902788437,0.08108108108108109,0.4020618556701031,0.2399510254434255,0.41055201953817705,0.6666666666666666,0.0,0.38900890079582473,0.7847687916183481,0.0,0.6521739130434783,0.017618127496242832,0.060000000000000005,0.33605071125044605,0,0,0,0,0,0,0,1,1,0,0,0,1,0,0,0,0,0,0,0,0,1,0,0,0,1,0,0,0,0,0,0,0,0,0,0,0,0,0,0,0,0,0,0,0,0,0,0,0,0,0,0
0.0196078431372549,0.059145740436517255,0.18657876733627732,0.1349689499243626,0.046849757673667204,0.3333333333333333,0.7175286964460639,0.11708680166086156,0.04054054054054054,0.5979381443298969,0.2661436035890969,0.21266599792097274,0.0,0.0,0.8469287608250025,0.48923097522852355,0.0,0.6956521739130435,0.0756094233218119,0.09090909090909091,0.3482211019872103,0,1,0,0,0,0,0,1,0,0,1,0,0,1,0,0,0,0,0,0,0,1,0,0,0,0,0,0,0,0,0,0,1,0,0,0,0,0,0,0,0,0,0,0,0,0,0,0,0,0,0,0
0.0196078431372549,0.03708519126965501,0.296971204676908,0.17370509156000638,0.017770597738287562,0.3333333333333333,0.6639746224521992,0.9996654662809693,0.25675675675675674,0.030927835051546393,0.051772745232936575,0.025027297274619043,0.0,0.0,0.5443429904238588,0.6380746695329054,0.0,0.7391304347826086,0.09458476122110833,0.2,0.26083101421026195,0,0,0,0,1,0,0,0,0,0,1,0,0,0,1,0,0,0,0,0,0,1,0,0,0,0,0,0,0,0,0,0,0,0,0,0,0,0,0,0,0,0,0,0,0,1,0,0,0,0,0,0
0.27450980392156865,0.05398263318469843,0.02876422663100942,0.04771069402933345,0.11631663974151858,0.3333333333333333,0.5766329442689176,0.0157427632485192,0.08108108108108109,0.9381443298969072,0.3594239463895662,0.03301753903668571,0.0,0.0,0.11550694352022357,0.6934652598584512,0.0,0.782608695652174,0.0032634508257575385,0.039473684210526314,0.47519998381900647,0,0,0,0,0,1,0,0,0,0,1,0,0,1,0,0,0,0,0,0,0,1,0,0,0,0,0,0,1,0,0,0,0,0,0,0,0,0,0,0,0,0,0,0,0,0,0,0,0,0,0,0
0.058823529411764705,0.033799577563952125,0.2736488587598734,0.15861838376507142,0.03877221324717286,0.3333333333333333,0.514094172564187,0.04230867623039535,0.3108108108108108,0.22164948453608246,0.1879828648955971,0.14733425681908993,0.0,0.5,0.4545441193163519,0.6827127117069434,0.0,0.8260869565217391,0.04295186809512806,0.10714285714285714,0.4335163885079065,0,0,0,0,0,1,0,0,0,0,0,1,1,0,0,0,0,0,0,0,0,1,0,0,0,0,0,0,0,0,0,0,0,0,0,0,0,0,0,0,0,1,0,0,0,0,0,0,0,0,0,0
0.058823529411764705,0.07463506219197372,0.646806393432428,0.3898119870009664,0.045234248788368334,0.0,0.5696891060085378,0.18989708168526287,0.10810810810810811,0.6804123711340206,0.42622017394550843,0.4538246142034086,0.3333333333333333,0.0,0.819169122916884,0.7961175597830402,0.0,0.8695652173913043,0.0995782711946074,0.0,0.05775216611332546,0,0,0,0,1,0,0,0,1,0,0,0,0,1,0,0,0,0,0,0,0,1,0,0,0,0,0,0,0,0,0,0,0,0,0,0,0,0,1,0,0,0,0,0,0,0,0,0,0,0,0,0
0.0196078431372549,0.5717014785261676,0.05908327632315448,0.5133598913757039,0.0420032310177706,0.3333333333333333,0.8159599757932189,0.640533679674125,0.17567567567567569,0.7783505154639175,0.21689503151342435,0.14031031442514563,0.0,0.0,0.2967568865070524,0.2497157348905251,0.0,0.9130434782608695,0.26096851353809697,0.1,0.4813773932340571,0,0,0,0,0,0,1,0,0,0,1,0,1,0,0,0,0,0,0,0,0,1,0,1,0,0,0,0,0,0,0,0,0,0,0,0,0,0,0,0,0,0,0,0,0,0,0,0,0,0,0,0
0.0196078431372549,0.04224829852147383,0.0839604453013248,0.06646714155817149,0.18739903069466882,0.3333333333333333,0.8003438509757934,0.1869453135761655,0.16216216216216217,0.15463917525773196,0.3188553687325565,0.24638405158115811,0.0,0.0,0.45668588187934395,0.15314943323697994,0.0,0.9565217391304348,0.04205303629989823,0.025,0.2782985451371206,0,0,0,0,1,0,0,0,0,1,0,0,1,0,0,0,0,0,0,0,0,1,0,0,0,0,0,0,0,0,0,0,0,0,0,0,0,0,0,0,0,0,0,0,0,0,0,0,0,0,1,0
0.0,0.0896550105609012,0.042757634181230214,0.08603908680565467,0.0630048465266559,0.0,0.34680449728903434,0.2823858157703132,0.05405405405405406,0.24742268041237114,0.08311157715618032,0.1879616706750802,0.0,0.0,0.1818512605458796,0.8645364958091064,0.0,1.0,0.10457178116810645,0.0,0.5297906678146433,0,0,0,0,0,0,1,0,1,0,0,0,0,0,1,0,0,0,0,0,0,1,0,0,0,0,0,0,0,0,0,0,0,0,0,0,0,0,1,0,0,0,0,0,0,0,0,0,0,0,0,0
0.11764705882352941,0.618638817179066,0.05364139560917972,0.5512805352927026,0.06946688206785137,0.3333333333333333,0.8444502009684365,0.11610287895782911,0.13513513513513514,0.41237113402061853,0.13303836278866296,0.10031859943747481,0.0,0.0,0.21562309952021405,0.8818733010584222,0.5,0.0,0.07894794141837985,0.06382978723404256,0.22054637902379515,0,0,0,0,0,1,0,0,1,0,0,0,0,0,1,0,0,0,0,1,0,0,0,0,0,0,0,0,0,0,0,0,0,0,0,0,0,0,0,0,0,0,0,0,0,0,0,0,0,1,0,0
0.058823529411764705,0.031922084017836194,0.5566266558865607,0.3054079731211952,0.04361873990306947,0.0,0.5121686125686656,0.098392270303245,0.44594594594594594,0.8195876288659794,0.5230901185896747,0.14990991903125825,0.3333333333333333,0.0,0.29369251674034635,0.6288307570821597,0.0,0.043478260869565216,0.07890513990432128,0.0,0.44839356135940844,0,0,0,0,1,0,0,0,0,0,0,1,0,1,0,0,0,0,0,1,0,0,0,0,1,0,0,0,0,0,0,0,0,0,0,0,0,0,0,0,0,0,0,0,0,0,0,0,0,0,0,0
0.0196078431372549,0.5064585777986388,0.023322345917034665,0.4379263524010292,0.09693053311793215,0.0,0.43281845168275185,0.1692347049215814,0.12162162162162163,0.634020618556701,0.26187385669677476,0.2899298088733112,0.0,0.0,0.21003423921941394,0.5670562250756092,0.0,0.08695652173913043,0.2240165397342039,0.0,0.39998028677882225,0,0,0,0,0,0,0,1,0,0,0,1,1,0,0,0,0,0,0,1,0,0,0,0,0,0,0,0,0,0,0,0,0,0,0,0,0,0,0,0,0,0,0,0,0,0,0,0,0,0,1,0
0.0196078431372549,0.06383947430180709,0.02565458050873813,0.05464242463781708,0.20516962843295639,0.3333333333333333,0.5498574956725779,0.0846173524607907,0.20270270270270271,0.4690721649484536,0.40637425645422476,0.04553731978959995,0.0,0.5,0.3396467947521009,0.6779611618078009,0.0,0.13043478260869565,0.03626056473063932,0.022900763358778626,0.4988449241609157,0,1,0,0,1,0,0,0,0,1,0,0,1,0,0,0,0,0,0,1,0,0,0,0,0,0,0,0,0,0,0,0,1,0,0,0,0,0,0,0,0,0,0,0,0,0,0,0,0,0,0,0
0.0784313725490196,0.48815301572400843,0.49754337956340616,0.6707509510742145,0.1147011308562197,0.0,0.7497756470136155,0.2873054292854754,0.17567567567567569,0.8505154639175257,0.05272594783348368,0.09772693754400277,0.3333333333333333,0.0,0.8410871297360406,0.6108803876231088,0.0,0.17391304347826086,0.13445294484952483,0.0,0.46882643372838395,0,0,0,0,0,0,0,1,0,0,1,0,0,0,1,0,0,0,0,1,0,0,0,0,0,0,0,0,0,0,0,0,0,0,0,0,0,0,0,0,0,0,0,0,0,0,0,0,0,0,0,1
0.0,0.152551044355785,0.1648112444803783,0.2046940048685214,0.11793214862681745,0.0,0.6916930805668503,0.02459806757581125,0.13513513513513514,0.4742268041237113,0.2322164110701104,0.44286243805594366,0.0,0.0,0.4635306128937515,0.7466575197802244,0.5,0.21739130434782608,0.22082069335116453,0.0,0.39998028677882225,0,0,0,0,0,1,0,0,0,0,1,0,1,0,0,0,0,0,0,1,0,0,0,0,0,0,0,0,0,0,0,0,0,0,1,0,0,0,0,0,0,0,0,0,0,0,0,0,0,0,0,0
0.0196078431372549,0.09153250410701713,0.8753653834193676,0.5243691105774132,0.1098546042003231,0.0,0.5326606404820885,0.32764626010980585,0.12162162162162163,0.8865979381443299,0.267501111929096,0.06526199762635773,0.0,0.0,0.6383536449169797,0.48868541371792656,0.0,0.2608695652173913,0.2663615043094759,0.0,0.1700950162222878,1,1,0,0,1,0,0,0,1,0,0,0,1,0,0,0,0,0,0,1,0,0,0,0,0,0,0,0,0,0,0,0,0,0,0,0,0,0,0,0,0,0,0,1,0,0,0,0,0,0,0,0
0.0,0.05867636704998827,0.04664469183406933,0.06116640638697814,0.01615508885298869,0.3333333333333333,0.7510820023889396,0.16234724600035427,0.16216216216216217,0.7731958762886598,0.12402867834864353,0.3374760873378185,0.0,0.5,0.7034759587886903,0.5824231109499297,0.0,0.30434782608695654,0.08020345249743104,0.21428571428571427,0.19690143868188575,0,1,0,1,0,0,0,0,0,0,0,1,0,0,1,0,0,0,0,1,0,0,0,0,0,0,0,0,0,0,0,0,0,0,0,0,0,0,0,1,0,0,0,0,0,0,0,0,0,0,0,0
0.23529411764705882,0.028636470312133303,0.09328938366813866,0.05953541094968787,0.029079159935379646,0.0,0.6116416627954958,0.1298777968002834,0.1891891891891892,0.17010309278350516,0.1564064055756497,0.13172876831964944,0.0,0.0,0.23534753545092632,0.4881466710887898,0.0,0.34782608695652173,0.004855228158848315,0.0,0.3482211019872103,0,0,0,0,0,1,0,0,1,0,0,0,0,1,0,0,0,0,0,1,0,0,0,0,0,0,0,0,0,0,0,0,0,0,0,0,0,0,0,0,0,0,0,1,0,0,0,0,0,0,0,0
0.09803921568627451,0.06947195494015489,0.03653834193668764,0.06524389498020379,0.05331179321486268,0.3333333333333333,0.4691985707377064,0.02263022216974635,0.02702702702702703,0.38144329896907214,0.0833812923402167,0.06286429764518157,0.3333333333333333,0.0,0.29427285228736727,0.6122903538382255,0.0,0.391304347826087,0.01295751818764371,0.08108108108108109,0.4410927580475902,1,0,0,1,0,0,0,0,0,0,0,1,0,1,0,0,0,0,0,1,0,0,1,0,0,0,0,0,0,0,0,0,0,0,0,0,0,0,0,0,0,0,0,0,0,0,0,0,0,0,0,0
0.0,0.18071344754752405,0.0948442067292743,0.19246153908884442,0.033925686591276254,0.3333333333333333,0.4422091727747485,0.05903536218194701,0.12162162162162163,0.020618556701030927,0.23798489436892725,0.24833531287582847,0.0,0.0,0.6341611454104182,0.23140023753892866,0.0,0.43478260869565216,0.20883626941476677,0.12000000000000001,0.33605071125044605,0,0,0,0,1,0,0,0,0,1,0,0,1,0,0,0,0,0,0,1,0,0,0,0,0,0,0,1,0,0,0,0,0,0,0,0,0,0,0,0,0,0,0,0,0,0,0,0,0,0,0,0
0.0,0.06243135414222013,0.0069967037751103986,0.04363320543610779,0.024232633279483037,0.3333333333333333,0.6656697418203629,0.41619930338272637,0.08108108108108109,0.23711340206185566,0.24500569403476294,0.370096711800755,0.0,0.0,0.33624033466793224,0.5340120916768145,0.0,0.4782608695652174,0.06302577818859428,0.15789473684210525,0.5565970902742413,0,0,0,0,0,0,0,1,0,0,1,0,1,0,0,0,0,0,0,1,0,0,0,0,0,0,0,0,0,0,0,0,0,0,0,0,0,0,0,0,0,0,0,0,0,0,0,0,0,1,0,0
0.0196078431372549,0.04271767190800282,0.1764724174388956,0.11539700467687942,0.008077544426494346,0.6666666666666666,0.5672044700738376,0.13086171950331585,0.06756756756756757,0.020618556701030927,0.1960014491186483,0.07392300864236767,0.0,0.0,0.6200680560678695,0.8805233661408989,0.0,0.5217391304347826,0.06602188417269371,0.6666666666666666,0.39998028677882225,0,1,0,0,0,0,0,1,0,0,1,0,0,1,0,0,0,0,0,1,0,0,0,0,0,0,0,0,0,0,0,0,0,0,0,0,0,0,0,0,0,0,1,0,0,0,0,0,0,0,0,0
0.0196078431372549,0.04647265900023469,0.11661172958517331,0.08726233338362237,0.017770597738287562,0.3333333333333333,0.308830668403765,0.19973630871558737,0.28378378378378377,0.10309278350515463,0.258683752486921,0.3426764278911351,0.0,0.0,0.8281155652855128,0.5684439014124155,0.0,0.5652173913043478,0.05223979664583631,0.2,0.2782985451371206,0,0,0,0,0,0,1,0,0,1,0,0,1,0,0,0,0,0,0,1,0,0,0,0,0,0,0,0,0,0,0,0,0,0,0,0,1,0,0,0,0,0,0,0,0,0,0,0,0,0,0,0
0.0,0.20136587655479934,0.07540891846507874,0.20020876741597315,0.051696284329563816,0.0,0.7529794849204409,0.0669067438062066,0.05405405405405406,0.0,0.12137246710184063,0.09882928480952924,0.0,0.0,0.1615225004176403,0.8401882419507566,0.0,0.6086956521739131,0.21642640457448534,0.0,0.39998028677882225,0,1,0,1,0,0,0,0,0,0,1,0,1,0,0,0,0,0,0,1,0,0,0,1,0,0,0,0,0,0,0,0,0,0,0,0,0,0,0,0,0,0,0,0,0,0,0,0,0,0,0,0
0.27450980392156865,0.26191504341703825,0.05053174948690844,0.23976040677026209,0.061389337641357025,0.6666666666666666,0.4877218219936844,0.1534919416730622,0.02702702702702703,0.6752577319587629,0.3496022409387238,0.2887845244635733,0.0,0.0,0.39525604054183383,0.5161636872722968,0.0,0.6521739130434783,0.01580714787918717,0.14285714285714285,0.4873703745557706,0,0,0,0,0,1,0,0,0,0,0,1,0,0,1,0,0,0,0,1,0,0,0,0,0,0,0,0,0,0,1,0,0,0,0,0,0,0,0,0,0,0,0,0,0,0,0,0,0,0,0,0
0.058823529411764705,0.02722835015254635,0.027209403569873773,0.023653511329302056,0.030694668820678513,0.0,0.9018422410091145,0.0354212173091682,0.1891891891891892,0.4072164948453608,0.17635557265390137,0.3330921436663833,0.0,0.0,0.42901712086742555,0.3297831240136304,0.0,0.6956521739130435,0.00989483207056429,0.0,0.5043452672833115,0,0,0,0,0,0,0,1,1,0,0,0,0,0,1,0,0,0,0,1,0,0,0,0,0,0,0,0,0,0,0,0,1,0,0,0,0,0,0,0,0,0,0,0,0,0,0,0,0,0,0,0
0.058823529411764705,0.02722835015254635,0.18502394427514166,0.10642652977178296,0.06946688206785137,0.0,0.303338456825716,0.1712025503276463,0.02702702702702703,0.4690721649484536,0.14567208861544761,0.2096425596421352,0.0,0.5,0.3592033713066554,0.6068778886849934,0.0,0.7391304347826086,0.03016848256297047,0.0,0.7826438124204319,0,0,0,1,0,0,0,0,0,0,1,0,1,0,0,0,0,0,0,1,0,0,0,0,0,0,0,0,1,0,0,0,0,0,0,0,0,0,0,0,0,0,0,0,0,0,0,0,0,0,0,0
0.0,0.09951185167800985,0.018657876733627732,0.081961598212429,0.04361873990306947,0.0,0.5475832846001263,0.21547907196410657,0.013513513513513514,0.7680412371134021,0.30868330208970446,0.3122624446593931,0.3333333333333333,0.0,0.3418384980599354,0.1731465549702302,0.0,0.782608695652174,0.10057697318930721,0.0,0.32309460536007956,0,0,0,0,0,1,0,0,0,0,0,1,1,0,0,0,0,0,0,1,0,0,0,0,0,0,0,0,1,0,0,0,0,0,0,0,0,0,0,0,0,0,0,0,0,0,0,0,0,0,0,0
0.0784313725490196,0.3675240553860596,0.14537595621618274,0.3812492609551925,0.16478190630048464,0.3333333333333333,0.44381929854505275,0.2066237676368145,0.21621621621621623,0.8092783505154639,0.246376957891372,0.03451104039385922,0.0,0.0,0.36649033303034856,0.25192718212675763,0.0,0.8260869565217391,0.07772667155057551,0.02830188679245283,0.4335163885079065,0,1,0,0,0,1,0,0,0,0,1,0,0,0,1,0,0,0,0,1,0,0,0,0,0,0,0,0,0,0,0,0,0,1,0,0,0,0,0,0,0,0,0,0,0,0,0,0,0,0,0,0
0.0196078431372549,0.23938512086364702,0.8318303377075696,0.6299760651419578,0.05654281098546042,0.0,0.3887779822544995,0.0649388984001417,0.12162162162162163,0.5309278350515464,0.44395942577611525,0.039611917024364826,0.3333333333333333,0.5,0.4679611905574749,0.5981572186414756,0.0,0.8695652173913043,0.3180942676349262,0.0,0.5199960440419653,1,0,0,0,0,0,0,1,0,0,1,0,0,0,1,0,0,0,0,1,0,0,0,0,0,0,0,1,0,0,0,0,0,0,0,0,0,0,0,0,0,0,0,0,0,0,0,0,0,0,0,0
0.0196078431372549,0.011269655010560901,0.4330182225262769,0.2226349546787143,0.11954765751211632,0.0,0.4864198115558765,0.11511895625479666,0.14864864864864866,0.4587628865979381,0.2359376377733889,0.060413462914223545,0.0,0.0,0.5062913498315267,0.5719898955141896,0.0,0.9130434782608695,0.11855360909390382,0.0,0.4410927580475902,0,0,0,0,1,0,0,0,0,1,0,0,1,0,0,0,0,0,0,1,0,0,0,0,1,0,0,0,0,0,0,0,0,0,0,0,0,0,0,0,0,0,0,0,0,0,0,0,0,0,0,0
0.0784313725490196,0.045533912227176725,0.01088376142794951,0.030992990797108246,0.07754442649434572,0.0,0.937500962407923,0.24696459846114496,0.06756756756756757,0.6494845360824743,0.19908085153979593,0.1613679661231126,0.3333333333333333,0.0,0.6740779555447969,0.3828336696107715,0.0,0.9565217391304348,0.00909587047480444,0.0,0.3596956515923554,0,0,0,0,0,0,0,1,0,1,0,0,1,0,0,0,0,0,0,1,0,0,0,0,0,0,0,0,0,0,0,0,0,0,0,0,0,0,0,1,0,0,0,0,0,0,0,0,0,0,0,0
0.0,0.01877962919502464,0.0419802226506624,0.024061260188624624,0.01615508885298869,0.0,0.6123429735140575,0.1298777968002834,0.02702702702702703,0.41237113402061853,0.06472492805986138,0.49405400160396307,0.0,0.0,0.4658614391862319,0.35465961980924327,0.0,1.0,0.04385069989035789,0.0,0.1700950162222878,0,0,0,0,0,0,0,1,1,0,0,0,0,0,1,0,0,0,0,1,0,0,0,0,0,0,0,0,0,0,0,0,0,0,0,0,0,0,0,0,1,0,0,0,0,0,0,0,0,0,0,0
0.19607843137254902,0.045533912227176725,0.13060513713539412,0.09378631513278342,0.05977382875605816,0.0,0.42548909667185925,0.12102249247299136,0.02702702702702703,0.44329896907216493,0.1593432855399538,0.22654333627134618,0.0,0.0,0.7091373047941464,0.5830472317279287,0.0,0.0,0.009023237602462635,0.0,0.3596956515923554,0,0,0,0,1,0,0,0,0,0,1,0,0,0,1,1,0,0,0,0,0,0,0,0,0,0,0,0,0,0,0,0,0,0,0,0,0,1,0,0,0,0,0,0,0,0,0,0,0,0,0,0
0.0392156862745098,0.4003801924430885,0.0738540954039431,0.37227878605009607,0.01938610662358643,0.3333333333333333,0.21828440559943849,0.7074404234803316,0.08108108108108109,0.29896907216494845,0.4348834096506561,0.11925055544524939,0.0,0.0,0.34528006962603247,0.8359867294398549,0.0,0.043478260869565216,0.12747534691322213,0.1875,0.26083101421026195,0,0,0,0,0,0,1,0,0,1,0,0,1,0,0,1,0,0,0,0,0,0,1,0,0,0,0,0,0,0,0,0,0,0,0,0,0,0,0,0,0,0,0,0,0,0,0,0,0,0,0,0
0.1568627450980392,0.008453414691386997,0.013215996019652976,4.07748859322485e-06,0.05815831987075929,0.0,0.2397190218155296,0.06100320758801191,0.02702702702702703,0.18556701030927836,0.24416906157750676,0.06864914295408464,0.3333333333333333,0.0,0.2155741863763644,0.5261465218558897,0.0,0.08695652173913043,0.0011062545172059453,0.0,0.13914927256856027,0,1,0,0,0,1,0,0,1,0,0,0,0,1,0,1,0,0,0,0,0,0,0,0,0,0,0,0,0,0,0,0,0,0,0,0,0,0,0,0,1,0,0,0,0,0,0,0,0,0,0,0
0.0,0.005637174372213095,0.12516325642141937,0.05627342007510734,0.03231017770597738,0.0,0.47649391922266415,0.37979416337052574,0.13513513513513514,0.1958762886597938,0.25680528307256384,0.6942785535456198,0.3333333333333333,0.0,0.4063591952632774,0.9303777565945429,0.0,0.13043478260869565,0.07540968292287195,0.0,0.30924428879084803,0,0,0,0,1,0,0,0,1,0,0,0,1,0,0,1,0,0,0,0,0,0,0,0,0,1,0,0,0,0,0,0,0,0,0,0,0,0,0,0,0,0,0,0,0,0,0,0,0,0,0,0
0.0,0.021595869514198545,0.07929597611791786,0.04607969859204319,0.09046849757673667,0.0,0.45706577074200966,0.04821221244859005,0.06756756756756757,0.654639175257732,0.3029487604343533,0.19003841467957683,0.0,0.0,0.5696178715710168,0.9139918681061729,0.0,0.17391304347826086,0.06542266297587383,0.0,0.26083101421026195,0,0,0,0,0,0,1,0,0,0,0,1,0,1,0,1,0,0,0,0,0,0,0,0,0,0,1,0,0,0,0,0,0,0,0,0,0,0,0,0,0,0,0,0,0,0,0,0,0,0,0,0
0.0,0.08918563717437221,0.6973381429193364,0.4289558774959327,0.017770597738287562,0.0,0.5389223606495113,0.2715626660369562,0.12162162162162163,0.8298969072164949,0.22709846684062387,0.05489157476532162,0.0,0.0,0.6543008259684711,0.6047970467330178,0.0,0.21739130434782608,0.44053513218512313,0.0,0.5480532491489123,0,0,0,0,1,0,0,0,0,0,1,0,1,0,0,1,0,0,0,0,0,0,0,0,0,0,0,0,0,0,0,0,0,0,0,0,0,0,0,0,0,0,0,1,0,0,0,0,0,0,0,0
0.058823529411764705,0.13142924196198075,0.059860687853722304,0.1312992101904595,0.06623586429725363,0.3333333333333333,0.12965006095602014,0.2833697384733456,0.12162162162162163,0.422680412371134,0.30626535072857275,0.16689680579127814,0.0,0.0,0.7819222920919903,0.4566263561041051,0.0,0.2608695652173913,0.03626056473063932,0.06666666666666668,0.5523706191045827,0,0,0,0,0,0,1,0,0,0,1,0,1,0,0,1,0,0,0,0,0,0,0,0,0,0,0,0,0,0,0,0,0,0,0,0,0,0,0,0,0,1,0,0,0,0,0,0,0,0,0,0
0.0392156862745098,0.10655245247594461,0.30396790845201843,0.23772166247364926,0.10662358642972536,0.0,0.5653732835400479,0.098392270303245,0.13513513513513514,0.09278350515463918,0.05561162708298647,0.33420975554467336,0.0,0.0,0.5329566236323043,0.5008046421691686,0.0,0.30434782608695654,0.08353245914643041,0.0,0.29436711593934617,0,0,0,0,0,0,0,1,0,0,1,0,0,1,0,1,0,0,0,0,0,0,0,0,0,0,0,0,0,0,0,0,0,1,0,0,0,0,0,0,0,0,0,0,0,0,0,0,0,0,0,0
0.0196078431372549,0.24736446843463974,0.016325642141924265,0.20917924232106963,0.1421647819063005,0.0,0.7890619037177511,0.04427652163646025,0.14864864864864866,0.6082474226804123,0.1253777561702964,0.31198453849873053,0.0,0.5,0.6314390446451886,0.5475181090599797,0.0,0.34782608695652173,0.11196217592888506,0.0,0.39998028677882225,0,0,0,0,1,0,0,0,0,0,0,1,1,0,0,1,0,0,0,0,0,0,0,0,1,0,0,0,0,0,0,0,0,0,0,0,0,0,0,0,0,0,0,0,0,0,0,0,0,0,0,0
0.0,0.0037596808260971603,0.02254493438646684,0.000819575207238357,0.03231017770597738,0.3333333333333333,0.9079812461656788,0.0098392270303245,0.08108108108108109,0.9020618556701031,0.13808167906379454,0.4314334777486792,0.0,0.0,0.7624621955843455,0.22374446193310749,0.0,0.391304347826087,0.02108029441120218,0.125,0.13914927256856027,0,0,0,0,0,1,0,0,0,0,1,0,1,0,0,1,0,0,0,0,0,0,0,0,0,0,0,0,0,0,0,0,0,0,0,0,0,1,0,0,0,0,0,0,0,0,0,0,0,0,0,0
0.0,0.25111945552687165,0.18424653274457384,0.3005149868093244,0.06623586429725363,0.0,0.20513224429891316,0.0885530432729205,0.12162162162162163,0.5257731958762887,0.6179788283563339,0.17380760438368784,0.3333333333333333,0.0,0.30539417584810785,0.7166716727652571,0.0,0.43478260869565216,0.31469868085294683,0.0,0.3596956515923554,0,0,0,0,1,0,0,0,0,0,1,0,0,0,1,1,0,0,0,0,0,0,0,0,0,0,0,0,0,0,1,0,0,0,0,0,0,0,0,0,0,0,0,0,0,0,0,0,0,0,0,0
0.0392156862745098,0.0431870452945318,0.27675850488214465,0.16840435638881301,0.07592891760904685,0.0,0.42355382800289626,0.24499675305508006,0.12162162162162163,0.02577319587628866,0.1933608494761721,0.24246655355118021,0.0,0.5,0.4264914409682961,0.39838721223782453,0.0,0.4782608695652174,0.060895213933234674,0.0,0.5149134949631412,0,1,0,0,0,0,0,1,1,0,0,0,0,0,1,1,0,0,0,0,0,0,0,0,0,0,0,0,0,0,0,0,0,0,0,0,0,0,0,0,0,0,0,0,0,0,0,0,0,0,1,0
0.0196078431372549,0.14926543065008213,0.024877168978170307,0.12844496817520154,0.24232633279483037,0.3333333333333333,0.41299474896315774,0.0531318259637523,0.0,0.07731958762886598,0.16686516277886113,0.30653265417249975,0.0,0.0,1.0,0.7156914441312459,0.5,0.5217391304347826,0.07241357693877251,0.019480519480519484,0.5910960234196481,0,1,0,0,1,0,0,0,0,0,1,0,0,0,1,1,0,0,0,0,0,0,0,0,0,0,0,0,0,1,0,0,0,0,0,0,0,0,0,0,0,0,0,0,0,0,0,0,0,0,0,0
0.0,0.00986153485097395,0.08240562224018914,0.0375169725462693,0.014539579967689823,0.3333333333333333,0.6128128182447933,0.1712025503276463,0.17567567567567569,0.520618556701031,0.234486371791565,0.1427524208315925,0.0,0.0,0.6534331391515021,0.8696426953736962,0.0,0.5652173913043478,0.05703356622039541,0.23076923076923078,0.32309460536007956,1,0,0,0,0,1,0,0,0,0,1,0,0,1,0,1,0,0,0,0,0,0,0,0,0,0,0,0,0,0,0,0,0,0,0,0,0,0,0,0,1,0,0,0,0,0,0,0,0,0,0,0
0.19607843137254902,0.06383947430180709,0.013993407550220797,0.048526191747978585,0.027463651050080775,0.3333333333333333,0.3399502643556576,0.030501603794005953,0.12162162162162163,0.865979381443299,0.2289364507999439,0.34676183311805564,0.0,0.0,0.5798757428831378,0.5924881240878195,0.0,0.6086956521739131,0.004992113187492486,0.14285714285714285,0.6323388941509277,0,0,0,0,0,0,1,0,1,0,0,0,0,0,1,1,0,0,0,0,0,0,0,0,0,0,0,0,0,0,0,0,0,0,0,0,0,0,0,0,0,0,0,0,0,0,0,0,0,1,0,0
0.0392156862745098,0.0840225299225534,0.06530256856769706,0.09297081741413829,0.6736672051696284,0.0,0.9198553666605178,0.1279099513942185,0.16216216216216217,0.05670103092783505,0.3722818555965016,0.1097843913535325,0.0,0.0,0.6613704287292855,0.3553273904793566,0.0,0.6521739130434783,0.03626056473063932,0.0,0.1700950162222878,0,0,0,0,0,1,0,0,1,0,0,0,1,0,0,1,0,0,0,0,0,0,0,0,0,0,0,0,0,0,0,0,0,0,0,0,0,1,0,0,0,0,0,0,0,0,0,0,0,0,0,0
0.1568627450980392,0.24220136118282093,0.20990111325331198,0.30622347083984036,0.050080775444264945,0.0,0.5923907071030445,0.04821221244859005,0.02702702702702703,0.7525773195876289,0.14692445080201022,0.3005004775796539,0.0,0.5,0.18699410065864291,0.7314786405252729,0.0,0.6956521739130435,0.034440707762519666,0.0,0.22054637902379515,0,0,0,0,0,0,0,1,0,0,1,0,0,0,1,1,0,0,0,0,0,0,0,0,0,0,0,0,0,0,0,0,0,0,0,0,0,1,0,0,0,0,0,0,0,0,0,0,0,0,0,0
0.0196078431372549,0.005637174372213095,0.04819951489520497,0.015906283002173303,0.008077544426494346,0.0,0.5590857879605832,0.14660448275183505,0.08108108108108109,0.7835051546391752,0.22270003644869324,0.5958030363752304,0.0,0.0,0.33357128092567245,0.7757481527738834,0.0,0.7391304347826086,0.017285226831342895,0.0,0.5726656610764669,0,0,0,0,0,0,0,1,0,1,0,0,0,0,1,1,0,0,0,0,0,0,0,0,0,0,0,0,0,0,0,0,0,0,0,0,0,0,0,0,0,1,0,0,0,0,0,0,0,0,0,0
0.058823529411764705,0.06571696784792302,0.059860687853722304,0.07421436988530025,0.03877221324717286,0.0,0.9019609553933541,0.09937619300627745,0.04054054054054054,0.05154639175257732,0.07455807869823528,0.4017802657373168,0.0,0.0,0.25580439557015433,0.5305048409228771,0.0,0.782608695652174,0.022278736804841954,0.0,0.7438606798618409,0,0,0,0,0,0,1,0,0,0,1,0,0,0,1,1,0,0,0,0,0,0,0,0,0,0,0,0,0,0,0,0,0,0,0,0,0,0,0,0,0,0,0,0,0,0,0,0,0,0,0,1
0.0392156862745098,0.014555268716263788,0.019435288264195553,0.008566803534367113,0.0,0.0,0.5804869933466481,0.04624436704252515,0.1891891891891892,0.211340206185567,0.27560298305498027,0.25501359091781817,0.0,0.5,0.5602799382528055,0.7785918495100238,0.0,0.8260869565217391,0.008696389676924515,0.0,0.5345144143574192,1,0,0,0,0,0,1,0,1,0,0,0,0,0,1,1,0,0,0,0,0,0,0,0,0,0,0,0,0,0,0,0,0,0,0,0,0,0,0,0,0,0,0,0,0,0,0,0,0,1,0,0
0.0,0.11500117343346632,0.03653834193668764,0.10479553433449271,0.08077544426494346,0.6666666666666666,0.6636851723363343,0.0846173524607907,0.02702702702702703,0.0,0.2585502708109431,0.1697669399294619,0.0,0.0,0.3926958308555699,0.8167141542213697,0.0,0.8695652173913043,0.12294789787058298,0.1111111111111111,0.4410927580475902,0,0,0,0,0,1,0,0,0,1,0,0,1,0,0,1,0,0,0,0,0,0,0,0,0,0,0,0,0,0,1,0,0,0,0,0,0,0,0,0,0,0,0,0,0,0,0,0,0,0,0,0
0.17647058823529413,0.15724477822107485,0.5861682940481379,0.42977137521457787,0.1308562197092084,0.3333333333333333,0.43366397254086947,0.0629710529940768,0.04054054054054054,0.5670103092783505,0.11737448114418651,0.14757166664322222,0.0,0.0,0.49150356886034713,0.3606689420142706,0.0,0.9130434782608695,0.04297184213502206,0.03529411764705882,0.05775216611332546,0,0,0,0,1,0,0,0,0,1,0,0,0,0,1,1,0,0,0,0,0,0,0,0,0,0,0,0,0,1,0,0,0,0,0,0,0,0,0,0,0,0,0,0,0,0,0,0,0,0,0,0
0.0196078431372549,0.2806899788781976,0.0878475029541639,0.2756423063906479,0.027463651050080775,0.0,0.3098304205605747,0.03837298541826555,0.16216216216216217,0.17525773195876287,0.2031730452802613,0.06924397176767458,0.6666666666666666,0.5,0.4050266895628912,0.21572262473324127,0.0,0.9565217391304348,0.14451986095609892,0.0,0.10254822633628438,0,0,0,0,0,0,1,0,0,0,1,0,0,1,0,1,0,0,0,0,0,0,0,0,0,0,1,0,0,0,0,0,0,0,0,0,0,0,0,0,0,0,0,0,0,0,0,0,0,0,0,0
0.09803921568627451,0.03239145740436517,0.023322345917034665,0.02610000448523745,0.0420032310177706,0.0,0.4617270058996189,0.3807780860735582,0.05405405405405406,0.9175257731958762,0.46668376103621934,0.262538748269893,0.3333333333333333,0.0,0.12513134286474073,0.5461198537897103,0.0,1.0,0.0065658254215649175,0.0,0.46882643372838395,0,1,0,0,1,0,0,0,1,0,0,0,0,1,0,1,0,0,0,0,0,0,0,0,0,0,0,0,0,0,0,0,0,0,0,0,0,0,1,0,0,0,0,0,0,0,0,0,0,0,0,0
0.0,0.18681530157240084,0.05519621867031537,0.1769670824345869,0.14378029079159935,0.3333333333333333,1.0,0.11315111084873176,0.04054054054054054,0.08762886597938144,0.10836218146808085,0.2007167167532795,0.0,0.0,0.6595161325816628,0.4648008932241459,0.0,0.0,0.19365599909532966,0.03225806451612904,0.380846771473405,1,0,1,1,0,0,0,0,0,0,1,0,1,0,0,0,0,1,0,0,0,0,0,0,0,0,0,0,0,0,0,0,0,0,0,0,0,0,1,0,0,0,0,0,0,0,0,0,0,0,0,0
0.0196078431372549,0.30509739497770477,0.009328938366813866,0.25566261228384213,0.011308562197092083,0.0,0.7101884214544485,0.0019678454060649,0.21621621621621623,0.6494845360824743,0.3441261848197416,0.41918141460913194,0.0,0.0,0.0962371434119569,0.5981572186414756,0.0,0.043478260869565216,0.13473258140804076,0.0,0.26083101421026195,0,1,1,0,0,1,0,0,0,0,1,0,0,1,0,0,0,1,0,0,0,0,0,0,0,0,0,0,0,0,0,0,0,0,0,0,0,0,0,0,0,0,0,0,0,0,0,0,0,0,1,0
0.0,0.005167800985684112,0.023322345917034665,0.0024505706445286215,0.017770597738287562,0.0,0.6385532159375191,0.08756912056988805,0.21621621621621623,0.788659793814433,0.2944961918325959,0.03876940992324861,0.3333333333333333,0.0,0.3163739216780927,0.7062819399747915,0.0,0.08695652173913043,0.02267821760272188,0.0,0.4554381426000973,0,0,1,1,0,0,0,0,0,0,1,0,0,0,1,0,0,1,0,0,0,0,0,0,0,0,0,0,0,0,0,0,0,0,0,0,0,0,1,0,0,0,0,0,0,0,0,0,0,0,0,0
0.13725490196078433,0.13049049518892278,0.3762671807948259,0.29643749821609877,0.05331179321486268,0.0,0.38858797278974644,0.334533719031033,0.17567567567567569,0.17525773195876287,0.601516436604967,0.17306463605835468,0.0,0.0,0.19129339535558845,0.4048073690857597,0.0,0.13043478260869565,0.03770868262295405,0.0,0.46882643372838395,0,0,1,0,0,0,1,0,0,0,1,0,1,0,0,0,0,1,0,0,0,0,0,0,0,0,0,0,0,0,0,0,0,0,0,0,0,0,0,0,0,0,0,0,0,0,0,0,0,1,0,0
0.058823529411764705,0.19338652898380662,0.06763480315940053,0.18919954821426388,0.03231017770597738,0.3333333333333333,0.7657862592995714,0.07576204813349866,0.20270270270270271,0.25257731958762886,0.2426986406438696,0.2764055369324021,0.0,0.5,0.28401049043121895,0.5346209104355849,0.0,0.17391304347826086,0.05044213305537665,0.125,0.6143492563875665,0,0,1,0,0,0,0,1,0,1,0,0,0,1,0,0,0,1,0,0,0,0,0,0,0,0,1,0,0,0,0,0,0,0,0,0,0,0,0,0,0,0,0,0,0,0,0,0,0,0,0,0
0.058823529411764705,0.0460032856137057,0.6786802661857086,0.38165700981451506,0.050080775444264945,0.3333333333333333,0.3123899628371664,0.522462955310231,0.08108108108108109,0.7989690721649485,0.06407401637299213,0.22622614986884923,0.3333333333333333,1.0,0.5141588159229656,0.6472747825215663,0.0,0.21739130434782608,0.09758086720520777,0.08571428571428572,0.46882643372838395,0,0,1,1,0,0,0,0,1,0,0,0,0,1,0,0,0,1,0,0,0,0,1,0,0,0,0,0,0,0,0,0,0,0,0,0,0,0,0,0,0,0,0,0,0,0,0,0,0,0,0,0
0.1568627450980392,0.012208401783618868,0.07152186081223963,0.03384723281236621,0.01938610662358643,0.0,0.2705535467874339,0.06789066650923906,0.08108108108108109,0.09278350515463918,0.4442342000569677,0.2674869624291363,0.3333333333333333,0.0,0.7340008229490598,0.613989381788086,0.0,0.2608695652173913,0.004790355208765251,0.0,0.6641023577356036,0,0,1,1,0,0,0,0,0,0,1,0,0,0,1,0,0,1,0,0,0,0,0,0,1,0,0,0,0,0,0,0,0,0,0,0,0,0,0,0,0,0,0,0,0,0,0,0,0,0,0,0
0.13725490196078433,0.19010091527810372,0.0769637415262144,0.1912382925108767,0.0791599353796446,0.0,0.47201300273215024,0.24007713953991783,0.05405405405405406,0.44329896907216493,0.323787778556882,0.1301640144818234,0.3333333333333333,0.5,0.13904981706262626,0.43049261063466343,0.0,0.30434782608695654,0.024825426891326476,0.0,0.44839356135940844,0,1,1,0,0,0,0,1,0,1,0,0,0,0,1,0,0,1,0,0,0,0,0,0,0,0,0,0,0,0,0,0,0,0,0,0,0,0,0,0,0,0,0,1,0,0,0,0,0,0,0,0
0.09803921568627451,0.012208401783618868,0.1679208906026496,0.0844080913683644,0.05654281098546042,0.3333333333333333,0.9742538049689046,0.36700316823110385,0.12162162162162163,0.24742268041237114,0.36983880582733764,0.1366401443727673,0.3333333333333333,0.0,0.35264074482210583,0.3625092503447352,0.0,0.34782608695652173,0.01608678443770312,0.07692307692307693,0.42564283169636397,1,0,1,0,0,0,1,0,1,0,0,0,0,1,0,0,0,1,0,0,0,0,0,0,0,0,0,1,0,0,0,0,0,0,0,0,0,0,0,0,0,0,0,0,0,0,0,0,0,0,0,0
0.0,0.05069701947899554,0.0,0.02936199535981798,0.1050080775444265,0.0,0.5696891060085378,0.23023791250959333,0.06756756756756757,0.010309278350515464,0.1986646049825072,0.4205979907505557,0.0,0.5,0.09903572395034753,0.4709737977379051,0.0,0.391304347826087,0.04904395026279691,0.0,0.6351864591358805,0,1,1,0,0,0,1,0,1,0,0,0,0,0,1,0,0,1,0,0,0,0,0,0,0,0,0,0,0,0,0,0,0,0,0,0,1,0,0,0,0,0,0,0,0,0,0,0,0,0,0,0
0.0,0.060553860596104195,0.1018409105043847,0.09174757083617059,0.07754442649434572,0.3333333333333333,0.4935244185887954,0.0354212173091682,0.06756756756756757,0.4536082474226804,0.13090455721407826,0.28103590403666234,0.0,0.5,0.3423836494801109,0.2967132962571657,0.0,0.43478260869565216,0.11016451233842539,0.057692307692307696,0.2782985451371206,0,0,1,0,0,1,0,0,1,0,0,0,1,0,0,0,0,1,0,0,0,0,0,0,0,0,0,0,0,0,0,0,0,0,0,0,0,0,0,0,0,0,0,0,0,0,1,0,0,0,0,0
0.0,0.14691856371743722,0.07618632999564656,0.15331764859387806,0.07754442649434572,0.0,0.4489705721832042,0.06198713029104436,0.16216216216216217,0.4845360824742268,0.6087513869079736,0.3596888122861034,0.3333333333333333,0.0,0.4865038802810878,0.7030368333874633,0.5,0.4782608695652174,0.17048611281829404,0.0,0.9507916750120035,0,0,1,0,0,1,0,0,1,0,0,0,0,1,0,0,0,1,0,0,0,0,0,0,0,0,0,0,0,0,0,0,0,0,1,0,0,0,0,0,0,0,0,0,0,0,0,0,0,0,0,0
0.0784313725490196,0.028636470312133303,0.4330182225262769,0.23772166247364926,0.01615508885298869,0.3333333333333333,0.2559051101971927,0.40734399905543434,0.25675675675675674,0.34536082474226804,0.2029684073432956,0.4452038403921753,0.0,0.0,0.6344290077612132,0.021461382550675867,0.0,0.5217391304347826,0.04960322337982881,0.21428571428571427,0.5149134949631412,0,0,1,0,0,0,1,0,0,1,0,0,0,0,1,0,0,1,0,0,0,0,0,0,0,1,0,0,0,0,0,0,0,0,0,0,0,0,0,0,0,0,0,0,0,0,0,0,0,0,0,0
0.0392156862745098,0.026289603379488383,0.24177498600659267,0.13537669878368516,0.10016155088852989,0.6666666666666666,0.5992863880747424,0.0728102800244013,0.13513513513513514,0.8144329896907216,0.8502040736611125,0.1806818863913561,0.0,0.0,0.020407858383662658,0.7549843175692357,0.0,0.5652173913043478,0.05010923239047671,0.09090909090909091,0.5149134949631412,0,0,1,0,0,0,1,0,1,0,0,0,0,1,0,0,0,1,0,0,0,0,0,0,0,0,0,0,0,0,0,0,0,0,0,0,0,1,0,0,0,0,0,0,0,0,0,0,0,0,0,0
0.0,0.07134944848627083,0.019435288264195553,0.057904415512397604,0.048465266558966075,0.3333333333333333,0.6160682648008227,0.3502764822795522,0.40540540540540543,0.09278350515463918,0.18485765041110663,0.2804780765323456,0.0,0.0,0.588355551353328,0.6344672520022385,0.0,0.6086956521739131,0.07700760611439164,0.08823529411764706,0.5391295593473825,0,0,1,1,0,0,0,0,0,0,1,0,1,0,0,0,0,1,0,0,0,0,0,0,0,0,0,0,0,0,0,0,0,0,0,0,0,0,0,0,0,0,1,0,0,0,0,0,0,0,0,0
0.0196078431372549,0.20465149026050222,0.3303999004913244,0.3368046352890328,0.05654281098546042,0.0,0.7414684026306587,0.1062636519275046,0.05405405405405406,0.42783505154639173,0.29450072909922526,0.12863420012325968,0.0,0.5,0.2642430001553982,0.7503428402672109,0.0,0.6521739130434783,0.17448092079709326,0.0,0.7812827904921658,1,0,1,0,0,0,0,1,1,0,0,0,0,0,1,0,0,1,0,0,0,0,0,0,0,0,0,0,0,1,0,0,0,0,0,0,0,0,0,0,0,0,0,0,0,0,0,0,0,0,0,0
0.0,0.8561417507627318,0.05908327632315448,0.7604557001251789,0.15993537964458804,0.3333333333333333,0.7656776957545102,0.17809000924887347,0.013513513513513514,0.18041237113402062,0.26499777524322077,0.4136522913534723,0.0,0.0,0.21241902152094413,0.8793805401807764,0.0,0.6956521739130435,0.7653130208615019,0.029126213592233007,0.5875428339279688,0,1,1,0,1,0,0,0,1,0,0,0,1,0,0,0,0,1,0,0,0,0,0,0,0,0,0,0,0,0,0,0,0,0,0,0,0,0,0,0,0,0,0,0,0,0,1,0,0,0,0,0
0.0392156862745098,0.007045294531800047,0.026431992039305952,0.00571256151910915,0.033925686591276254,0.0,0.5442435116854915,0.03443729460613575,0.17567567567567569,0.7577319587628866,0.24838543542421182,0.0037369732408758798,0.3333333333333333,0.0,0.4855666951428195,0.844601265643178,0.0,0.7391304347826086,0.007764267815204691,0.0,0.1700950162222878,0,0,1,1,0,0,0,0,1,0,0,0,1,0,0,0,0,1,0,0,0,0,0,0,0,0,0,0,1,0,0,0,0,0,0,0,0,0,0,0,0,0,0,0,0,0,0,0,0,0,0,0
0.0,0.09200187749354612,0.10106349897381688,0.11865899555145995,0.20516962843295639,0.0,0.6948031262545267,0.0885530432729205,0.05405405405405406,0.5567010309278351,0.11566520218939075,0.08616151783676304,0.0,0.0,0.6046537176972313,0.8412037774489118,0.0,0.782608695652174,0.13653024499850042,0.0,0.6957463628428014,0,0,1,0,0,1,0,0,0,0,1,0,0,1,0,0,0,1,0,0,0,0,0,0,0,0,0,0,0,0,0,0,0,0,0,0,0,0,0,0,0,0,0,0,0,0,1,0,0,0,0,0
0.0784313725490196,0.014555268716263788,0.0629703339759936,0.03140073965643081,0.22132471728594508,0.0,0.4436871762457774,0.0669067438062066,0.08108108108108109,0.7061855670103093,0.12069919281348114,0.29686704427446625,0.0,0.0,0.44983104551662023,0.7939318018210392,0.0,0.8260869565217391,0.009175766634380425,0.0,0.380846771473405,0,1,1,0,0,0,0,1,0,0,1,0,1,0,0,0,0,1,0,0,0,0,0,0,0,0,0,1,0,0,0,0,0,0,0,0,0,0,0,0,0,0,0,0,0,0,0,0,0,0,0,0
0.058823529411764705,0.20746773057967613,0.4594502145655829,0.4069374390925142,0.12439418416801293,0.3333333333333333,0.6910093423657783,0.1908810043882953,0.013513513513513514,0.10309278350515463,0.3569791333775738,0.3990850151871306,0.0,0.0,0.2386043862106791,0.6459173860142416,0.0,0.8695652173913043,0.1037728195723466,0.037037037037037035,0.44839356135940844,0,0,1,0,1,0,0,0,0,0,0,1,0,1,0,0,0,1,0,0,0,0,0,0,0,0,0,0,0,0,0,0,0,1,0,0,0,0,0,0,0,0,0,0,0,0,0,0,0,0,0,0
0.27450980392156865,0.018310255808495657,0.11894396417687678,0.06402064840223609,0.025848142164781908,0.0,0.48233507554753546,0.17021862762461387,0.04054054054054054,0.4587628865979381,0.5085209788096559,0.27368688694978327,0.3333333333333333,0.0,0.4497190639422507,0.7624667541658058,0.0,0.9130434782608695,0.004328732953437339,0.0,0.22054637902379515,0,0,1,0,0,0,1,0,0,0,1,0,0,0,1,0,0,1,0,0,0,0,0,0,0,0,0,0,0,0,0,0,0,0,1,0,0,0,0,0,0,0,0,0,0,0,0,0,0,0,0,0
0.09803921568627451,0.026758976766017364,0.1018409105043847,0.062389652964945835,0.004846526655896607,0.3333333333333333,0.6755059606235969,0.23220575791565823,0.02702702702702703,0.04639175257731959,0.23044591643530724,0.2523192673856512,0.0,0.5,0.31689911913141394,0.3026896479627063,0.0,0.9565217391304348,0.0124914572567838,0.42857142857142855,0.5391295593473825,0,0,1,0,0,1,0,0,0,0,0,1,0,1,0,0,0,1,0,0,0,0,0,1,0,0,0,0,0,0,0,0,0,0,0,0,0,0,0,0,0,0,0,0,0,0,0,0,0,0,0,0
0.0196078431372549,0.030044590471720256,0.22544934386466842,0.1300759636124918,0.1631663974151858,0.0,0.6593285277698538,0.1003601157093099,0.06756756756756757,0.3247422680412371,0.2941386354115889,0.23459837175222395,0.0,0.0,0.5997354387789655,0.5091041979030594,0.0,1.0,0.07321253853453236,0.0,0.33605071125044605,0,0,1,0,0,1,0,0,0,0,0,1,0,1,0,0,0,1,0,0,0,0,0,0,0,0,0,0,0,0,0,0,0,0,0,0,0,0,0,0,0,0,0,0,0,0,0,0,0,1,0,0
0.09803921568627451,0.0577376202769303,0.27909073947384816,0.18226781760578026,0.07108239095315025,0.0,0.5974425643625145,0.0629710529940768,0.06756756756756757,0.9484536082474226,0.46994176791606534,0.3323782771279436,0.0,0.0,0.700026459766627,0.5981572186414756,0.0,0.0,0.032066016352900115,0.0,0.4622438779286399,0,0,1,1,0,0,0,0,0,0,0,1,0,0,1,0,0,0,1,0,0,0,1,0,0,0,0,0,0,0,0,0,0,0,0,0,0,0,0,0,0,0,0,0,0,0,0,0,0,0,0,0
0.0,0.09294062426660409,0.19746252876422682,0.17003535182610327,0.03231017770597738,0.0,0.7424642333030513,0.18399354546706817,0.10810810810810811,0.7268041237113402,0.1222171677266658,0.2008127026757159,0.0,0.0,0.6864303759021284,0.7389787516616102,0.0,0.043478260869565216,0.18686482553137093,0.0,0.39064139524608293,0,0,1,0,0,0,0,1,1,0,0,0,0,0,1,0,0,0,1,0,0,0,0,0,0,0,0,0,0,0,0,0,0,0,0,0,0,0,0,0,0,1,0,0,0,0,0,0,0,0,0,0
0.0,0.11218493311429241,0.40192176130356405,0.29399100506016335,0.1777059773828756,0.3333333333333333,0.2698856007124654,0.05608359407284966,0.2702702702702703,0.07731958762886598,0.6682916160286249,0.3235964210881953,0.0,0.5,0.4670041316133723,0.3403140061449134,0.0,0.08695652173913043,0.308306988086868,0.02631578947368421,0.7906216820249052,0,0,1,0,0,0,0,1,0,0,0,1,0,0,1,0,0,0,1,0,0,0,0,0,0,0,0,0,0,0,0,0,0,0,0,0,0,0,0,0,1,0,0,0,0,0,0,0,0,0,0,0
0.058823529411764705,0.06290072752874912,0.161701598358107,0.125182977300621,0.029079159935379646,0.0,0.3708947247512525,0.37979416337052574,0.17567567567567569,0.36597938144329895,0.5296159958730442,0.34710950498157445,0.3333333333333333,0.0,0.710091802921089,0.7814265213313756,0.0,0.13043478260869565,0.0347625117385896,0.0,0.8007884096399456,1,0,1,1,0,0,0,0,0,1,0,0,0,0,1,0,0,0,1,0,0,0,0,0,0,0,0,0,0,0,0,0,0,0,0,0,0,0,0,1,0,0,0,0,0,0,0,0,0,0,0,0
0.0,0.00986153485097395,0.09795385285154559,0.045671949732720624,0.04361873990306947,0.0,0.5696891060085378,0.1416848692366728,0.013513513513513514,0.8711340206185567,0.5204933977119003,0.34327439943480725,0.0,0.0,0.25395690855225866,0.41255301015492124,0.0,0.17391304347826086,0.0650231821779939,0.0,0.4554381426000973,0,0,1,1,0,0,0,0,1,0,0,0,1,0,0,0,0,0,1,0,0,0,0,0,0,0,0,0,0,0,0,0,0,1,0,0,0,0,0,0,0,0,0,0,0,0,0,0,0,0,0,0
0.0392156862745098,0.14879605726355316,0.32884507743018876,0.2874670233110023,0.10339256865912763,0.0,0.2952907434657104,0.11708680166086156,0.16216216216216217,0.17010309278350516,0.07189181190775283,0.3599555584269161,0.3333333333333333,0.0,0.8505737387945128,0.3528442634508153,0.0,0.21739130434782608,0.09977801159354735,0.0,0.4554381426000973,0,0,1,1,0,0,0,0,0,1,0,0,0,0,1,0,0,0,1,0,0,0,0,0,1,0,0,0,0,0,0,0,0,0,0,0,0,0,0,0,0,0,0,0,0,0,0,0,0,0,0,0
0.0,0.05961511382304623,0.07229927234280746,0.07543761646326795,0.022617124394184167,0.0,0.5023912250710802,0.23220575791565823,0.10810810810810811,0.7577319587628866,0.23142183935136365,0.18394577442232615,0.0,0.0,0.25276493084774854,0.6690671273345865,0.0,0.2608695652173913,0.0941852804232284,0.0,0.380846771473405,0,0,1,0,0,1,0,0,0,0,1,0,0,0,1,0,0,0,1,0,0,0,0,0,0,0,0,0,0,0,0,0,0,0,0,0,0,0,0,0,0,0,0,0,0,1,0,0,0,0,0,0
0.0392156862745098,0.24360948134240787,0.0839604453013248,0.24139140220755234,0.05815831987075929,0.0,0.5088324925705364,0.14660448275183505,0.0945945945945946,0.31958762886597936,0.19956224288967694,0.23183686039307205,0.0,0.5,0.03922716908395301,0.7550760793357432,0.0,0.30434782608695654,0.0847309015400702,0.0,0.6434945398518718,0,0,1,0,0,0,1,0,0,1,0,0,0,0,1,0,0,0,1,0,0,0,0,0,0,0,0,0,0,0,0,1,0,0,0,0,0,0,0,0,0,0,0,0,0,0,0,0,0,0,0,0
0.0,0.0258202299929594,0.5628459481311032,0.3033692288245824,0.16478190630048464,0.0,0.8454039290622624,0.0216462994667139,0.0945945945945946,0.4793814432989691,0.026317672386689937,0.18042923337382352,0.0,0.0,0.7617508639000505,0.5800311514966734,0.0,0.34782608695652173,0.3174950464381063,0.0,0.39064139524608293,0,0,1,0,0,1,0,0,0,0,1,0,0,1,0,0,0,0,1,0,0,0,0,0,0,0,0,0,0,0,0,0,0,0,0,0,0,0,0,0,0,0,0,0,0,0,1,0,0,0,0,0
0.058823529411764705,0.005637174372213095,0.5037626718079488,0.25484711456519704,0.07754442649434572,0.0,0.612175824662159,0.05411574866678475,0.12162162162162163,0.8762886597938144,0.04826151493206866,0.22813206533659575,0.0,0.0,0.32010028232327253,0.5937746326747116,0.0,0.391304347826087,0.06652123517004362,0.0,0.3705496443958529,0,0,1,0,0,1,0,0,0,0,0,1,0,0,1,0,0,0,1,0,0,0,0,0,0,0,0,0,0,0,0,0,0,0,0,0,0,0,0,0,0,0,0,0,0,0,0,1,0,0,0,0
0.0392156862745098,0.060553860596104195,0.07929597611791786,0.07992285391581617,0.1890145395799677,1.0,0.7894015698420851,0.373890627152331,0.05405405405405406,0.6752577319587629,0.09822150984070271,0.0358194987131423,0.0,0.0,0.4960466148077138,0.4862695866173137,0.0,0.43478260869565216,0.03199943621992012,0.0743801652892562,0.6205266658026173,1,0,1,0,0,1,0,0,0,1,0,0,1,0,0,0,0,0,1,0,0,0,0,0,0,0,0,0,0,0,0,0,0,0,0,0,0,0,0,0,0,0,0,0,0,0,0,0,0,0,1,0
0.17647058823529413,0.2835062191973715,0.04664469183406933,0.25647811000248727,0.17124394184168013,0.0,0.6439764971821171,0.1692347049215814,0.08108108108108109,0.28350515463917525,0.17827019363203989,0.2347831365924341,0.0,0.0,0.25186570742865405,0.8640505693373817,0.0,0.4782608695652174,0.025993908225125255,0.0,0.3482211019872103,0,0,1,0,1,0,0,0,0,1,0,0,0,1,0,0,0,0,1,0,0,0,0,0,0,0,0,0,0,0,0,0,0,0,0,0,0,0,0,0,0,0,0,0,0,1,0,0,0,0,0,0
0.0392156862745098,0.07698192912461863,0.4221344610983274,0.2740113109533576,0.06462035541195477,0.0,0.47665295611705016,0.02066237676368145,0.25675675675675674,0.005154639175257732,0.1815255989895629,0.3438909442004645,0.0,0.0,0.9741459450937936,0.0788032806546606,0.0,0.5217391304347826,0.09538372281686817,0.0,0.4410927580475902,0,0,1,0,0,1,0,0,0,0,1,0,0,0,1,0,0,0,1,0,0,0,0,0,0,0,0,0,0,0,0,0,0,0,0,0,0,0,0,0,0,0,0,0,0,0,0,0,1,0,0,0
0.0,0.04975827270593758,0.20134958641706593,0.13456120106504002,0.0032310177705977385,0.0,0.6104139710420093,0.2125273038550092,0.05405405405405406,0.23195876288659795,0.5474012951164751,0.3095958579678022,0.0,0.0,0.8588620037210959,0.5844958746822223,0.0,0.5652173913043478,0.1521099961158175,0.0,0.1700950162222878,0,0,1,0,1,0,0,0,1,0,0,0,1,0,0,0,0,0,1,0,0,0,0,0,0,0,0,0,0,0,0,0,0,0,0,0,0,0,0,0,0,0,1,0,0,0,0,0,0,0,0,0
0.0196078431372549,0.02018774935461159,0.11583431805460549,0.06402064840223609,0.022617124394184167,0.0,0.7294528208226161,0.09347265678808275,0.04054054054054054,0.4175257731958763,0.013168632394740233,0.3616933938037295,0.0,0.0,0.8002899769106024,0.5869190558506893,0.0,0.6086956521739131,0.04085459390625846,0.0,0.5726656610764669,0,0,1,0,0,0,0,1,1,0,0,0,0,1,0,0,0,0,1,0,0,0,0,0,0,0,0,0,0,0,0,0,0,0,0,1,0,0,0,0,0,0,0,0,0,0,0,0,0,0,0,0
0.0,0.4754799342877259,0.05519621867031537,0.42773263091796504,0.1260096930533118,0.3333333333333333,0.822167553435757,0.0669067438062066,0.0945945945945946,0.13402061855670103,0.4629354811860331,0.28338962545094387,0.0,0.0,0.49000752950566395,0.5656563529231865,0.0,0.6521739130434783,0.4393366897914833,0.03658536585365854,0.7932120401002619,1,0,1,0,0,0,0,1,1,0,0,0,0,0,1,0,0,0,1,0,0,0,0,0,0,0,0,0,0,0,0,0,0,0,0,0,0,0,0,0,0,0,1,0,0,0,0,0,0,0,0,0
0.058823529411764705,0.015963388875850738,0.11816655264630896,0.0615741552463007,0.012924071082390954,0.0,0.5572546185311277,0.04821221244859005,0.04054054054054054,0.8865979381443299,0.07094060849809246,0.3302433409466345,0.0,0.0,0.6798845181819376,0.5981572186414756,0.0,0.6956521739130435,0.019182760621272537,0.0,0.5726656610764669,0,1,1,1,0,0,0,0,0,0,1,0,0,1,0,0,0,0,1,0,0,0,0,0,0,0,0,0,0,0,0,0,0,0,0,0,0,0,0,1,0,0,0,0,0,0,0,0,0,0,0,0
0.0784313725490196,0.02488148321990143,0.07851856458735003,0.048526191747978585,0.048465266558966075,0.0,0.2544766262194311,0.3571639412007794,0.013513513513513514,0.05154639175257732,0.16164475651989713,0.0959150529964436,0.0,0.0,0.45991762850153817,0.7167586871472451,0.0,0.7391304347826086,0.012531405336571794,0.0,0.7079167535795656,0,0,1,0,1,0,0,0,1,0,0,0,0,0,1,0,0,0,1,0,0,0,0,1,0,0,0,0,0,0,0,0,0,0,0,0,0,0,0,0,0,0,0,0,0,0,0,0,0,0,0,0
0.43137254901960786,0.12391926777751701,0.035760930406119815,0.1121350138022989,0.08723747980613894,0.3333333333333333,0.24043046368439758,0.0098392270303245,0.08108108108108109,0.5412371134020618,0.38390611266418995,0.48628616050244106,0.0,0.0,0.7099940625952078,0.5997659307403875,0.0,0.782608695652174,0.0044236820126435815,0.05172413793103448,0.29436711593934617,0,0,1,0,1,0,0,0,0,0,0,1,0,0,1,0,0,0,1,0,0,0,0,0,0,0,0,0,0,0,0,0,0,0,0,0,0,0,0,1,0,0,0,0,0,0,0,0,0,0,0,0
0.0196078431372549,0.0028209340530391926,0.09328938366813866,0.03710922368694673,0.22617124394184168,0.0,0.5184676880886488,0.06985851191530396,0.3108108108108108,0.979381443298969,0.11870915643710693,0.022196567833159174,0.0,0.0,0.3838347566637537,0.6618789675091825,0.0,0.8260869565217391,0.02767172757622094,0.0,0.4873703745557706,0,1,1,0,0,1,0,0,0,1,0,0,1,0,0,0,0,0,1,0,0,0,0,0,0,0,0,0,0,0,0,0,0,0,0,0,0,0,0,0,0,0,0,0,0,0,0,0,1,0,0,0
0.0196078431372549,0.27693499178596576,0.10961502581006291,0.2837972835770992,0.03877221324717286,0.6666666666666666,0.11651788972302407,0.17415431843674367,0.0945945945945946,0.33505154639175255,0.0709656180084304,0.43965477569161576,0.0,0.0,0.8084078322124832,0.6000171085183783,0.0,0.8695652173913043,0.14851466893489818,0.21428571428571427,0.2782985451371206,0,0,1,1,0,0,0,0,0,0,1,0,0,1,0,0,0,0,1,0,0,0,0,0,0,0,0,0,0,0,0,0,0,0,0,0,0,0,0,0,0,0,0,0,0,0,0,0,0,0,0,1
0.0196078431372549,0.13189861534850975,0.05130916101747626,0.12722172159723383,0.035541195476575124,0.6666666666666666,0.9424040889660692,0.5549324045103018,0.12162162162162163,0.5360824742268041,0.11131227298992437,0.012617237015169005,0.0,0.0,0.37313954907080166,0.3746871784104067,0.0,0.9130434782608695,0.07181435574195262,0.23076923076923078,0.40890397658035194,0,1,1,1,0,0,0,0,1,0,0,0,0,0,1,0,0,0,1,0,0,0,0,0,0,0,0,0,0,0,0,0,0,0,0,0,0,0,0,0,0,0,0,0,0,0,0,0,0,1,0,0
0.0392156862745098,0.18118282093405302,0.22622675539523623,0.26177884517368066,0.061389337641357025,0.0,0.7029771211132075,0.2509002892732748,0.013513513513513514,0.07216494845360824,0.19180833527207164,0.5505584989565491,0.0,0.0,0.397307982431676,0.874194857159513,0.0,0.9565217391304348,0.09138891483806894,0.0,0.5839256195703415,0,0,1,0,0,1,0,0,0,0,1,0,1,0,0,0,0,0,1,0,0,0,0,0,0,0,0,0,0,0,0,0,0,0,0,0,0,0,0,0,0,0,0,0,0,0,1,0,0,0,0,0
0.058823529411764705,0.12251114761793006,0.3475029541638165,0.2744190598126802,0.0888529886914378,0.0,0.45667030803406716,0.0688745892122715,0.14864864864864866,0.7319587628865979,0.3552326527160636,0.31134518227865554,0.0,0.0,0.3719358957051613,0.4772238123057725,0.0,1.0,0.07131500474460271,0.0,0.4622438779286399,0,0,1,0,1,0,0,0,1,0,0,0,0,1,0,0,0,0,1,0,0,0,0,0,0,0,0,0,0,0,0,0,0,0,0,0,0,0,0,0,0,0,0,0,1,0,0,0,0,0,0,0
0.0392156862745098,0.052105139638582494,0.24332980906772833,0.15861838376507142,0.05654281098546042,0.0,0.3619561879496253,0.5352539504496528,0.10810810810810811,0.979381443298969,0.4350175051289807,0.24155616312346223,0.3333333333333333,0.0,0.5121573169612329,0.6509017288331446,0.0,0.0,0.05769936755019528,0.0,0.19690143868188575,0,0,0,0,0,1,0,0,0,0,0,1,0,0,1,0,1,0,0,0,0,0,0,0,0,0,0,0,0,0,0,0,0,0,0,0,0,0,0,0,0,0,0,0,0,0,0,0,1,0,0,0
0.11764705882352941,0.015494015489321755,0.058305864792586655,0.029769744219140547,0.15993537964458804,0.0,0.7891397005325457,0.03640514001220065,0.05405405405405406,0.7731958762886598,0.10941974177678838,0.25944942551496447,0.0,0.0,0.3886040202950412,0.8187088396662644,0.0,0.043478260869565216,0.00595709277717646,0.0,0.22054637902379515,0,0,0,0,0,1,0,0,0,0,1,0,0,1,0,0,1,0,0,0,0,0,0,0,0,0,0,0,0,0,0,0,0,0,0,0,0,0,0,0,0,0,0,0,0,0,1,0,0,0,0,0
0.0196078431372549,0.05351325979816945,0.19124323651968425,0.1325224567684272,0.030694668820678513,0.0,0.5696891060085378,0.19776846330952247,0.12162162162162163,0.14948453608247422,0.4181615604705127,0.23635590602110426,0.0,0.0,0.5748870512532137,0.5890755820227721,0.0,0.08695652173913043,0.07441098092817214,0.0,0.19690143868188575,0,0,0,0,0,0,0,1,1,0,0,0,0,0,1,0,1,0,0,0,0,0,0,0,0,1,0,0,0,0,0,0,0,0,0,0,0,0,0,0,0,0,0,0,0,0,0,0,0,0,0,0
0.11764705882352941,0.01737150903543769,0.0878475029541639,0.04689519631068832,0.07269789983844911,0.0,0.38022453857918026,0.23712537143082046,0.12162162162162163,0.35051546391752575,0.2692006259446252,0.005056578962421691,0.0,0.0,0.3688594466336323,0.7812550658772771,0.0,0.13043478260869565,0.008353977564456008,0.0,0.5345144143574192,0,0,0,0,1,0,0,0,0,1,0,0,1,0,0,0,1,0,0,0,0,0,0,0,0,0,0,0,0,0,0,0,0,0,0,0,0,0,0,0,0,0,0,0,1,0,0,0,0,0,0,0
0.0784313725490196,0.1126543065008214,0.017103053672492086,0.09256306855481572,0.09531502423263329,0.0,0.4306370596820178,0.0669067438062066,0.04054054054054054,0.7268041237113402,0.04718284360905565,0.2204872905230939,0.0,0.0,0.6394743458835548,0.587141861604728,0.0,0.17391304347826086,0.021160190570778167,0.0,0.8151337941924527,0,0,0,0,1,0,0,0,1,0,0,0,0,0,1,0,1,0,0,0,0,0,0,0,0,0,0,0,0,0,0,0,0,1,0,0,0,0,0,0,0,0,0,0,0,0,0,0,0,0,0,0
0.0392156862745098,0.16287725885942267,0.17414018284719215,0.21855746608548865,0.045234248788368334,0.0,0.6064914882170828,0.2814018930672807,0.13513513513513514,0.7989690721649485,0.24888481145497005,0.3056443494226557,0.0,0.0,0.7942922213118383,0.6588867637218366,0.0,0.21739130434782608,0.0772739266463116,0.0,0.44839356135940844,0,0,0,1,0,0,0,0,0,1,0,0,0,0,1,0,1,0,0,0,0,0,0,0,0,0,0,0,0,0,0,0,0,0,0,0,0,0,0,0,0,0,0,0,0,1,0,0,0,0,0,0
0.0196078431372549,0.3473409997653133,0.09562161825984213,0.33762013300767796,0.13408723747980614,0.0,0.707745834246598,0.09740834760021255,0.25675675675675674,0.4020618556701031,0.37106319964197715,0.552242729915139,0.6666666666666666,0.0,0.4877071961098047,0.5981572186414756,0.0,0.2608695652173913,0.1748804015949732,0.0,0.10254822633628438,0,0,0,0,0,0,0,1,0,0,1,0,1,0,0,0,1,0,0,0,0,0,0,0,0,0,0,0,0,0,0,0,0,0,0,0,0,0,0,0,0,0,0,0,1,0,0,0,0,0,0,0
0.43137254901960786,0.09857310490495189,1.0,0.846082960582918,0.07431340872374798,1.0,0.8220218609606627,0.28041797036424826,0.08108108108108109,0.9639175257731959,0.3653706300287326,0.24287172527229706,0.0,0.0,0.9432335930914276,0.1163047928290624,0.0,0.30434782608695654,0.03568739662933334,0.18,0.6998856840369311,0,0,0,0,1,0,0,0,0,0,1,0,0,0,1,0,1,0,0,0,0,0,0,0,0,0,0,0,0,0,0,0,0,0,0,0,0,0,0,0,0,0,0,0,1,0,0,0,0,0,0,0
0.0,0.18634592818587187,0.41980222650662397,0.3677935485975478,0.12924071082390953,0.6666666666666666,0.7925072257603749,0.014758840545486752,0.04054054054054054,0.20103092783505155,0.4929296410889049,0.1771955533389368,0.0,0.0,0.7111277809479871,0.5981572186414756,0.0,0.34782608695652173,0.3806130125031344,0.07142857142857142,0.611187774269878,0,0,0,0,0,0,0,1,0,1,0,0,0,0,1,0,1,0,0,0,0,0,1,0,0,0,0,0,0,0,0,0,0,0,0,0,0,0,0,0,0,0,0,0,0,0,0,0,0,0,0,0
0.058823529411764705,0.04412579206758977,0.18191429815287039,0.11947449327010508,0.07754442649434572,0.0,0.5838483499843081,0.20957553574591187,0.08108108108108109,0.7422680412371134,0.2732942800356072,0.016322894984545002,0.3333333333333333,0.5,0.9261912239045197,0.606286317116833,0.0,0.391304347826087,0.033364328946009866,0.0,0.1700950162222878,0,0,0,0,1,0,0,0,0,1,0,0,0,1,0,0,1,0,0,0,0,0,0,0,0,0,0,0,0,0,0,0,0,0,0,0,0,0,0,0,0,0,0,0,0,0,1,0,0,0,0,0
0.0,0.034738324337010094,0.10728279121835944,0.07217562558868741,0.09046849757673667,0.3333333333333333,0.7876215903615106,0.1082314973335695,0.20270270270270271,0.4948453608247423,0.5278020789323095,0.14503323296926873,0.3333333333333333,0.0,0.4581840972231082,0.47924185357155596,0.0,0.43478260869565216,0.09098943404018901,0.05,0.44839356135940844,0,1,0,0,0,0,0,1,0,0,1,0,0,1,0,0,1,0,0,0,0,0,0,0,0,0,0,0,0,1,0,0,0,0,0,0,0,0,0,0,0,0,0,0,0,0,0,0,0,0,0,0
0.23529411764705882,0.11077681295470547,0.09717644132097776,0.13293020562774976,0.035541195476575124,0.0,0.4496098995429056,0.4004565401342072,0.02702702702702703,0.711340206185567,0.145316014548071,0.21676627577008437,0.0,0.5,0.11767252811928405,0.33119657736915703,0.0,0.4782608695652174,0.010386500744878043,0.0,0.6407632056713689,0,0,0,0,1,0,0,0,0,0,1,0,0,1,0,0,1,0,0,0,0,0,0,0,0,0,0,0,0,0,0,0,0,0,0,0,0,0,0,1,0,0,0,0,0,0,0,0,0,0,0,0
0.09803921568627451,0.03943205820229993,0.023322345917034665,0.032216237375075944,0.035541195476575124,0.3333333333333333,0.21983554190989923,0.1515240962669973,0.16216216216216217,0.5979381443298969,0.3189625815728423,0.3286410399179985,0.0,0.0,0.32095082634131317,0.7180631751237201,0.0,0.5217391304347826,0.007564527416264729,0.11538461538461539,0.5436409843838745,0,0,0,0,0,0,1,0,0,0,0,1,0,0,1,0,1,0,0,0,0,0,0,0,0,0,0,0,0,0,0,0,0,0,0,0,0,1,0,0,0,0,0,0,0,0,0,0,0,0,0,0
0.0,0.08730814362825627,0.007774115305678221,0.06565164383952636,0.18578352180936994,0.0,0.44958363073775837,0.432925989334278,0.05405405405405406,0.4329896907216495,0.33784273372707596,0.11502286217506753,0.3333333333333333,0.0,0.3426550218991109,0.8207898417192279,0.0,0.5652173913043478,0.08459774127411021,0.0,0.22054637902379515,0,0,0,0,1,0,0,0,0,0,1,0,0,0,1,0,1,0,0,0,0,0,0,0,0,0,0,0,0,0,0,1,0,0,0,0,0,0,0,0,0,0,0,0,0,0,0,0,0,0,0,0
0.0784313725490196,0.015494015489321755,0.027986815100441594,0.013867538705560472,0.11308562197092084,0.3333333333333333,0.4225811190983665,0.24106106224295026,0.12162162162162163,0.8144329896907216,0.5447316429686262,0.4437245595320188,0.0,0.0,0.2684166866613705,0.8317773131051487,0.0,0.6086956521739131,0.005740231772613073,0.04054054054054054,0.5523706191045827,1,0,0,0,1,0,0,0,0,0,0,1,0,0,1,0,1,0,0,0,0,0,0,0,0,0,0,0,0,0,0,0,0,0,0,0,0,0,0,0,0,0,0,0,1,0,0,0,0,0,0,0
0.058823529411764705,0.02018774935461159,0.07618632999564656,0.043225456576785226,0.024232633279483037,0.0,0.4574056589586145,0.14070094653364035,0.06756756756756757,0.845360824742268,0.14710188004617195,0.2595637136582993,0.0,0.0,0.003950491481004842,0.51517175391543,0.0,0.6521739130434783,0.014688601645123384,0.0,0.05775216611332546,0,0,0,0,1,0,0,0,0,0,1,0,0,0,1,0,1,0,0,0,0,0,0,0,0,0,0,0,0,0,0,0,0,0,0,0,0,0,1,0,0,0,0,0,0,0,0,0,0,0,0,0
0.0196078431372549,0.13377610889462568,0.0031096461222712883,0.10357228775652501,0.07592891760904685,0.0,0.39198476427545376,0.3020642698309622,0.06756756756756757,0.8195876288659794,0.08086784086026409,0.18902265392072334,0.3333333333333333,0.0,0.6892358944337675,0.37056203880133526,0.0,0.6956521739130435,0.060229412603434805,0.0,0.40890397658035194,0,0,0,0,0,1,0,0,0,0,1,0,1,0,0,0,1,0,0,0,0,0,0,0,0,0,0,0,0,0,0,0,0,1,0,0,0,0,0,0,0,0,0,0,0,0,0,0,0,0,0,0
0.09803921568627451,0.17836658061487914,0.0419802226506624,0.16269587235829708,0.0032310177705977385,0.6666666666666666,0.4915515966533186,0.30403211523702706,0.33783783783783783,0.08762886597938144,0.33751449946052225,0.42232707422981414,0.0,0.0,0.07542192352943881,0.5736495352799094,0.0,0.7391304347826086,0.028870169969860714,1.0,0.6488481895329735,0,0,0,0,1,0,0,0,0,0,0,1,0,0,1,0,1,0,0,0,0,0,0,0,0,0,0,0,0,0,0,0,1,0,0,0,0,0,0,0,0,0,0,0,0,0,0,0,0,0,0,0
0.058823529411764705,0.01737150903543769,0.059860687853722304,0.032216237375075944,0.03877221324717286,0.0,0.7075899242117671,0.23417360332172313,0.02702702702702703,0.422680412371134,0.07397194946104609,0.20025555544566245,0.0,0.0,0.6688580049403913,0.7415340419358045,0.0,0.782608695652174,0.011992106259433893,0.0,0.44839356135940844,0,0,0,0,0,0,0,1,0,0,1,0,0,0,1,0,1,0,0,0,0,0,0,0,0,0,1,0,0,0,0,0,0,0,0,0,0,0,0,0,0,0,0,0,0,0,0,0,0,0,0,0
0.0392156862745098,0.13940858953297347,0.06219292244542577,0.13945418737691082,0.14862681744749595,0.0,0.9264484296378819,0.0,0.14864864864864866,0.7525773195876289,0.030571445759432464,0.45006663918257,0.0,0.0,0.9362588235249876,0.8350108347351163,0.0,0.8260869565217391,0.05144083505007646,0.0,0.3596956515923554,0,0,0,0,0,0,0,1,1,0,0,0,0,0,1,0,1,0,0,0,0,0,0,0,0,0,0,0,0,0,0,0,0,0,0,0,0,0,0,0,0,1,0,0,0,0,0,0,0,0,0,0
0.0392156862745098,0.03239145740436517,0.03653834193668764,0.03303173509372107,0.05815831987075929,0.3333333333333333,0.23892292543746596,0.05903536218194701,0.3918918918918919,0.8711340206185567,0.15191120874270178,0.2881458573798627,0.0,0.0,0.3055885818172909,0.6404593177420299,0.0,0.8695652173913043,0.016686005634523007,0.07500000000000001,0.6047114072932805,1,0,0,0,0,0,0,1,0,0,0,1,1,0,0,0,1,0,0,0,0,0,0,1,0,0,0,0,0,0,0,0,0,0,0,0,0,0,0,0,0,0,0,0,0,0,0,0,0,0,0,0
0.058823529411764705,0.06477822107486506,0.05364139560917972,0.07013688129207458,0.07269789983844911,0.3333333333333333,0.32636958974288194,0.47917035637680316,0.17567567567567569,0.36082474226804123,0.3572502873008919,0.2399589437749823,0.0,0.0,0.5536755502751222,0.5823664388909975,0.0,0.9130434782608695,0.021280034810142144,0.061224489795918366,0.6205266658026173,0,0,0,0,0,0,1,0,0,0,0,1,1,0,0,0,1,0,0,0,0,0,0,0,0,0,0,0,0,0,0,0,0,0,1,0,0,0,0,0,0,0,0,0,0,0,0,0,0,0,0,0
0.0392156862745098,0.3248110772119221,0.5644007711922389,0.5639207499317022,0.0,0.3333333333333333,0.42554140739876656,0.04230867623039535,0.02702702702702703,0.7422680412371134,0.07485864261266144,0.20508839007446056,0.0,0.0,0.38638329941019467,0.44328491169237283,0.0,0.9565217391304348,0.19006067191441034,0.75,0.6805472172430863,0,0,0,0,0,1,0,0,0,0,0,1,1,0,0,0,1,0,0,0,0,0,0,0,0,0,0,1,0,0,0,0,0,0,0,0,0,0,0,0,0,0,0,0,0,0,0,0,0,0,0,0
0.0392156862745098,0.16287725885942267,0.17180794825548867,0.21733421950752094,0.045234248788368334,0.3333333333333333,0.7367096470741681,0.325678414703741,0.02702702702702703,0.5670103092783505,0.18490730485920923,0.055967234424058404,0.0,0.0,0.647195769975207,0.8014602721382746,0.0,1.0,0.07687444584843167,0.09375,0.6013931504972001,0,0,0,1,0,0,0,0,0,0,1,0,0,0,1,0,1,0,0,0,0,0,0,0,0,0,0,0,0,1,0,0,0,0,0,0,0,0,0,0,0,0,0,0,0,0,0,0,0,0,0,0
0.0,0.16099976531330673,0.04120281112009457,0.14720141570403958,0.08723747980613894,0.3333333333333333,0.5427397085107383,0.2833697384733456,0.05405405405405406,0.22164948453608246,0.17879703836010621,0.05312251440836376,0.3333333333333333,0.0,0.21705347938285718,0.6560945885396032,0.0,0.0,0.16449390085009516,0.05172413793103448,0.637994196729476,0,0,0,0,0,1,0,0,0,0,1,0,1,0,0,0,0,0,0,0,1,0,0,0,0,0,0,0,0,0,0,0,0,0,0,0,0,0,0,0,0,0,0,1,0,0,0,0,0,0,0,0
0.21568627450980393,0.5623140107955878,0.0738540954039431,0.5129521425163813,0.09693053311793215,0.0,0.4389971654755365,0.078713816242596,0.12162162162162163,0.8969072164948454,0.7916778323431106,0.21902135911742085,0.0,0.0,0.443163137802035,0.648396083034087,0.0,0.043478260869565216,0.042385936964798164,0.0,0.5764895855592514,0,0,0,1,0,0,0,0,0,0,1,0,0,0,1,0,0,0,0,0,1,0,0,0,0,0,0,0,0,0,0,0,0,0,0,0,1,0,0,0,0,0,0,0,0,0,0,0,0,0,0,0
0.0,0.0258202299929594,0.07774115305678221,0.04893394060730115,0.14862681744749595,0.3333333333333333,0.5696891060085378,0.00885530432729205,0.12162162162162163,0.44329896907216493,0.0557388355028428,0.25657077932821953,0.0,0.5,0.7097767914018384,0.6264729212701633,0.0,0.08695652173913043,0.0682190285610333,0.03125,0.49318962158236734,0,0,0,0,0,1,0,0,1,0,0,0,0,0,1,0,0,0,0,0,1,0,0,0,0,0,1,0,0,0,0,0,0,0,0,0,0,0,0,0,0,0,0,0,0,0,0,0,0,0,0,0
0.058823529411764705,0.01737150903543769,0.031873872753280706,0.017537278439463566,0.05331179321486268,0.3333333333333333,0.774806343417326,0.0924887340850503,0.02702702702702703,0.6030927835051546,0.7104653213111354,0.11984084321961284,0.3333333333333333,0.0,0.4608073966660132,0.28810069040743524,0.0,0.13043478260869565,0.008396779078514572,0.08108108108108109,0.4622438779286399,1,1,0,0,0,0,0,1,0,0,0,1,0,0,1,0,0,0,0,0,1,0,0,0,0,0,0,1,0,0,0,0,0,0,0,0,0,0,0,0,0,0,0,0,0,0,0,0,0,0,0,0
0.0196078431372549,0.025350856606430414,0.031873872753280706,0.02446900904794719,0.05654281098546042,0.3333333333333333,0.579944995502172,0.8048487710805442,0.04054054054054054,0.28865979381443296,0.19230340324443373,0.3114605712209555,0.0,0.0,0.1246585853461726,0.7437480545718383,0.0,0.17391304347826086,0.021479775209082105,0.07692307692307693,0.44839356135940844,0,1,0,0,0,0,1,0,1,0,0,0,0,0,1,0,0,0,0,0,1,0,0,0,0,0,0,0,0,0,0,0,0,0,0,0,1,0,0,0,0,0,0,0,0,0,0,0,0,0,0,0
0.23529411764705882,0.04647265900023469,0.25499098202624565,0.15984163034303914,0.017770597738287562,0.0,0.4205910994484428,0.06789066650923906,0.05405405405405406,0.020618556701030927,0.1553231812798359,0.05099066413824972,0.0,0.0,0.7354116853985594,0.6871066172464892,0.5,0.21739130434782608,0.012414634026422277,0.0,0.24169749890484477,0,0,0,0,0,1,0,0,1,0,0,0,0,1,0,0,0,0,0,0,1,0,0,0,1,0,0,0,0,0,0,0,0,0,0,0,0,0,0,0,0,0,0,0,0,0,0,0,0,0,0,0
0.0,0.0,0.048976926425772796,0.010605547830979943,0.05331179321486268,0.0,0.5696891060085378,0.0728102800244013,0.08108108108108109,0.4536082474226804,0.24346262694042262,0.17648968947442217,0.0,0.0,0.19544193264216828,0.5981572186414756,0.0,0.2608695652173913,0.030667833560320375,0.0,0.2782985451371206,0,0,0,0,0,0,1,0,1,0,0,0,0,0,1,0,0,0,0,0,1,0,0,0,0,0,0,0,0,0,0,0,0,0,0,0,0,0,0,0,0,0,0,0,0,0,0,0,1,0,0,0
0.0,0.049288899319408594,0.020212699794763374,0.039147967983559566,0.01938610662358643,0.3333333333333333,0.5370804547983219,0.05805143947891456,0.47297297297297297,0.7216494845360825,0.5998473907719843,0.3043866058874985,0.0,0.0,0.48795977191982054,0.7755887107230832,0.0,0.30434782608695654,0.05863148941191511,0.1875,0.44839356135940844,0,0,0,0,0,1,0,0,1,0,0,0,0,0,1,0,0,0,0,0,1,0,0,0,0,0,0,0,1,0,0,0,0,0,0,0,0,0,0,0,0,0,0,0,0,0,0,0,0,0,0,0
0.0,0.031922084017836194,0.07618632999564656,0.05341917805984938,0.009693053311793215,0.0,0.5355327875930631,0.4211189168978886,0.04054054054054054,0.3247422680412371,0.23508988672674985,0.27625739438754,0.0,0.0,0.5951843528053088,0.006111180240412956,0.0,0.34782608695652173,0.07261331733771247,0.0,0.4873703745557706,0,0,0,0,0,0,0,1,0,1,0,0,0,0,1,0,0,0,0,0,1,0,0,0,0,0,0,0,0,0,0,0,0,0,0,0,0,0,0,0,0,0,0,0,1,0,0,0,0,0,0,0
0.058823529411764705,0.15865289838066182,0.09251197213757083,0.1720740961227161,0.022617124394184167,0.0,0.4813023415324919,0.12692602869118605,0.04054054054054054,0.9329896907216495,0.4699602331751415,0.15323082893650847,0.0,0.0,0.49670868202283525,0.8924623851949255,0.0,0.391304347826087,0.04624758467763744,0.0,0.7039413768334846,0,0,0,0,1,0,0,0,0,0,1,0,0,1,0,0,0,0,0,0,1,0,0,0,0,0,0,0,0,0,0,0,0,0,0,0,0,0,0,0,0,0,0,0,0,0,0,0,1,0,0,0
0.0,0.09622623797230696,0.004664469183406933,0.07176787672936485,0.23424878836833601,0.3333333333333333,0.7685303729068279,0.08756912056988805,0.04054054054054054,0.7525773195876289,0.042006812062258266,0.2558953259912563,0.0,0.0,1.0,0.8139415865915153,0.0,0.43478260869565216,0.09058995324230909,0.020134228187919465,0.4410927580475902,0,0,0,0,0,0,0,1,1,0,0,0,1,0,0,0,0,0,0,0,1,0,0,0,0,0,1,0,0,0,0,0,0,0,0,0,0,0,0,0,0,0,0,0,0,0,0,0,0,0,0,0
0.0196078431372549,0.029575217085191268,0.0769637415262144,0.05178818262255912,0.051696284329563816,0.0,0.633626558933495,0.4899935061101601,0.17567567567567569,0.6443298969072165,0.033583756472398155,0.08824916190253614,0.0,0.0,0.6273508904253036,0.7191632204617333,0.0,0.4782608695652174,0.034862381938059586,0.0,0.6235455191644107,0,0,0,0,1,0,0,0,0,1,0,0,1,0,0,0,0,0,0,0,1,0,0,0,0,0,0,0,0,0,0,0,0,0,0,0,0,0,1,0,0,0,0,0,0,0,0,0,0,0,0,0
0.0,0.1267355080966909,0.21689781702842237,0.2095869911803922,0.0791599353796446,0.0,0.7906547460954514,0.255819902788437,0.0945945945945946,0.8092783505154639,0.4474194490417099,0.3755768972264043,0.0,0.5,0.42814922399028976,0.5888891647237764,0.5,0.5217391304347826,0.22561446292572362,0.0,0.637994196729476,1,0,0,0,0,1,0,0,0,1,0,0,0,0,1,0,0,0,0,0,1,0,0,0,0,0,0,0,0,0,0,0,0,0,0,0,0,0,1,0,0,0,0,0,0,0,0,0,0,0,0,0
0.058823529411764705,0.1478573104904952,0.13526960631880106,0.18512205962103823,0.04038772213247173,0.0,0.850727791798959,0.06395497569710926,0.04054054054054054,0.8608247422680413,0.16038831297123293,0.33063519297973426,0.0,0.0,0.5994440145906315,0.767858294735428,0.0,0.5652173913043478,0.049443431060676835,0.0,0.40890397658035194,0,0,0,1,0,0,0,0,0,0,0,1,0,0,1,0,0,0,0,0,1,0,0,0,0,0,0,0,0,0,0,0,0,0,0,0,0,0,0,0,0,0,0,0,0,0,0,0,0,0,1,0
0.0196078431372549,0.02347336306031448,0.9880900553517019,0.5243691105774132,0.009693053311793215,0.0,0.6754104938519481,0.04427652163646025,0.08108108108108109,0.7216494845360825,0.2408884171454772,0.202875442632429,0.0,0.0,0.5158794103758022,0.6930101649120451,0.0,0.6086956521739131,0.2663615043094759,0.0,0.5523706191045827,0,1,0,1,0,0,0,0,0,1,0,0,0,0,1,0,0,0,0,0,1,0,0,0,0,0,1,0,0,0,0,0,0,0,0,0,0,0,0,0,0,0,0,0,0,0,0,0,0,0,0,0
0.0,0.03426895095048111,0.33350954661359566,0.1904227947922316,0.14539579967689822,0.3333333333333333,0.4824859376016702,0.40340830824330454,0.05405405405405406,0.8247422680412371,0.7003532500808736,0.08649182619681818,0.0,0.0,0.4806474687043857,0.5335481718437902,0.0,0.6521739130434783,0.20683886542536714,0.03191489361702128,0.39998028677882225,0,0,0,1,0,0,0,0,1,0,0,0,0,0,1,0,0,0,0,0,1,0,0,0,0,0,0,0,0,0,0,0,0,0,0,0,0,0,0,0,0,0,0,0,0,0,0,1,0,0,0,0
0.11764705882352941,0.0,0.4159151688537848,0.2034707582905537,0.004846526655896607,0.0,0.7915790159936673,0.1593954778912569,0.13513513513513514,0.7164948453608248,0.20693197397271448,0.1826883515298541,0.0,0.5,0.5230806045478402,0.931431102413063,0.0,0.6956521739130435,0.030268352762440453,0.0,0.6827902569524349,0,0,0,0,0,0,1,0,0,0,0,1,0,0,1,0,0,0,0,0,1,0,0,0,0,0,0,0,0,0,0,0,0,0,0,0,0,1,0,0,0,0,0,0,0,0,0,0,0,0,0,0
0.0,0.014555268716263788,1.0,0.9712618603949458,0.03877221324717286,0.0,0.6767461242395215,0.02656591298187615,0.7837837837837838,0.8608247422680413,0.43761750639086616,0.49530838051315806,0.0,0.0,0.3788390703101921,0.5981572186414756,0.0,0.7391304347826086,0.9718445933654231,0.0,0.5607364114683707,1,0,0,0,0,0,0,1,0,0,1,0,1,0,0,0,0,0,0,0,1,0,0,0,0,0,0,0,0,0,0,0,0,0,0,0,0,0,0,0,0,0,0,0,0,0,0,0,0,0,1,0
0.09803921568627451,0.024412109833372445,0.19202064805025207,0.10764977634975066,0.061389337641357025,0.0,1.0,0.01672668595155165,0.16216216216216217,0.10309278350515463,0.16023893984585622,0.08073787329543929,0.0,0.0,0.5165086234183718,0.5065061481108035,0.0,0.782608695652174,0.019881852017562405,0.0,0.44839356135940844,0,0,0,0,0,1,0,0,0,1,0,0,0,1,0,0,0,0,0,0,1,0,0,0,0,0,0,0,0,0,0,0,0,0,0,0,0,0,1,0,0,0,0,0,0,0,0,0,0,0,0,0
0.0,0.06947195494015489,0.09717644132097776,0.09704830600736394,0.0791599353796446,0.0,0.6456606730781759,0.05018005785465495,0.0945945945945946,0.34536082474226804,0.28058558566511893,0.206829255774132,0.3333333333333333,0.0,0.36364532720280857,0.6356696453414646,0.0,0.8260869565217391,0.11535776271086441,0.0,0.47519998381900647,0,0,0,0,0,0,0,1,0,0,1,0,0,0,1,0,0,0,0,0,1,0,0,0,0,0,0,0,0,0,0,0,0,0,0,0,0,0,0,0,1,0,0,0,0,0,0,0,0,0,0,0
0.19607843137254902,0.018310255808495657,0.24410722059829615,0.12966821475316923,0.03231017770597738,0.0,0.7231106524419321,0.0432925989334278,0.05405405405405406,0.8917525773195877,0.05217347261402377,0.0,0.3333333333333333,0.0,0.06772397591989071,0.19212191733107373,0.0,0.8695652173913043,0.012219083985502035,0.0,0.7405424230657603,0,0,0,1,0,0,0,0,0,0,1,0,0,0,1,0,0,0,0,0,1,0,0,0,0,0,0,0,0,0,0,0,0,0,0,1,0,0,0,0,0,0,0,0,0,0,0,0,0,0,0,0
0.09803921568627451,0.03333020417742314,0.04120281112009457,0.036293725968301604,0.009693053311793215,0.0,0.6417282780292615,0.00688745892122715,0.02702702702702703,0.4742268041237113,0.5005115600182239,0.4012777516705389,0.0,0.0,0.7138240381658131,0.49725891978096354,0.0,0.9130434782608695,0.008230328746064603,0.0,0.41744781770568096,0,0,0,0,1,0,0,0,0,1,0,0,0,1,0,0,0,0,0,0,1,0,0,1,0,0,0,0,0,0,0,0,0,0,0,0,0,0,0,0,0,0,0,0,0,0,0,0,0,0,0,0
0.0,0.011739028397089884,0.09095714907643519,0.04363320543610779,0.030694668820678513,0.0,0.5638911672876502,0.0511639805576874,0.1891891891891892,0.010309278350515464,0.4868659381550358,0.3710360953528418,0.0,0.0,0.3508874360734238,0.4632437150322715,0.0,0.9565217391304348,0.06302577818859428,0.0,0.5249530851670432,1,0,0,0,1,0,0,0,1,0,0,0,0,1,0,0,0,0,0,0,1,0,0,0,0,0,0,0,0,0,0,0,0,0,0,0,0,0,0,0,0,0,0,1,0,0,0,0,0,0,0,0
0.0,0.0779206758976766,0.03653834193668764,0.07258337444800998,0.03231017770597738,0.0,0.5319802020111583,0.06395497569710926,0.17567567567567569,0.8505154639175257,0.5088967111660841,0.1635504803881028,0.0,0.0,0.5012913753108941,0.6884357253690406,0.0,1.0,0.09138891483806894,0.0,0.5436409843838745,0,1,0,1,0,0,0,0,0,0,1,0,1,0,0,0,0,0,0,0,1,0,0,0,0,0,0,0,0,0,0,0,0,0,0,1,0,0,0,0,0,0,0,0,0,0,0,0,0,0,0,0
0.0784313725490196,0.10514433231635766,0.12749549101312282,0.14393942482945904,0.03231017770597738,0.0,0.642491607864531,0.1023279611153748,0.06756756756756757,0.654639175257732,0.05858370849097542,0.33757727093515555,0.3333333333333333,0.0,0.3093997496247116,0.5579817805555134,0.0,0.0,0.031227106677352272,0.0,0.26083101421026195,0,0,0,0,0,1,0,0,0,0,1,0,1,0,0,0,0,0,0,0,0,1,0,0,0,0,0,0,0,0,0,0,0,0,1,0,0,0,0,0,0,0,0,0,0,0,0,0,0,0,0,0
0.0196078431372549,0.10232809199718376,0.03653834193668764,0.09378631513278342,0.15024232633279483,0.0,0.6878387309485855,0.6051124623649567,0.2702702702702703,0.9123711340206185,0.3980854719181225,0.3559975670166763,0.0,0.5,0.31582293102168457,0.6060535675025116,0.0,0.043478260869565216,0.05543564302887571,0.0,0.5345144143574192,0,0,0,0,0,0,0,1,1,0,0,0,0,0,1,0,0,0,0,0,0,1,0,0,0,0,0,0,0,0,0,0,0,0,0,0,0,0,0,0,1,0,0,0,0,0,0,0,0,0,0,0
0.0196078431372549,0.06430884768833607,0.034983518875552,0.05994315980901044,0.01938610662358643,0.0,0.8143716172488898,0.12397426058208871,0.10810810810810811,0.015463917525773196,0.4629572676102341,0.15445461419293535,0.0,0.0,0.25012489316435704,0.7225501195281568,0.0,0.08695652173913043,0.03885718991685883,0.0,0.19690143868188575,1,0,0,0,0,1,0,0,0,0,1,0,0,1,0,0,0,0,0,0,0,1,0,0,0,0,0,0,0,0,0,0,0,0,0,0,0,0,0,0,0,1,0,0,0,0,0,0,0,0,0,0
0.1568627450980392,0.006575921145271063,0.1298277256048263,0.05953541094968787,0.0840064620355412,0.0,0.645410423688297,0.1357813330184781,0.1891891891891892,0.14432989690721648,0.11148777778689725,0.2900974903366256,0.3333333333333333,0.0,0.6729897969769688,0.9695549921281966,0.0,0.13043478260869565,0.0075867207939247245,0.0,0.33605071125044605,0,0,0,0,1,0,0,0,1,0,0,0,0,0,1,0,0,0,0,0,0,1,0,0,0,0,0,0,0,0,0,0,0,0,0,0,0,0,0,0,0,0,0,0,1,0,0,0,0,0,0,0
0.0,0.029105843698662284,0.06841221468996835,0.04689519631068832,0.07431340872374798,0.0,0.4911959849477971,0.24204498494598273,0.13513513513513514,0.5103092783505154,0.35049400741960635,0.20501042075299147,0.0,0.0,0.7243613670888133,0.4743892873361805,0.0,0.17391304347826086,0.06622162457163368,0.0,0.44839356135940844,0,0,0,0,1,0,0,0,0,0,0,1,1,0,0,0,0,0,0,0,0,1,0,0,0,0,0,0,0,0,0,0,0,0,0,0,0,0,0,0,0,1,0,0,0,0,0,0,0,0,0,0
0.0392156862745098,0.03802393804271298,0.005441880713974755,0.021614767032689226,0.14862681744749595,0.0,0.5183794871503932,0.12692602869118605,0.08108108108108109,0.18041237113402062,0.32406052295634263,0.3617112584263987,0.0,0.0,0.47672480741160683,0.5877838880835425,0.0,0.21739130434782608,0.01295751818764371,0.0,0.5096989169644132,0,0,0,0,0,1,0,0,0,0,1,0,0,1,0,0,0,0,0,0,0,1,0,0,0,0,0,0,0,0,0,0,0,0,0,0,0,1,0,0,0,0,0,0,0,0,0,0,0,0,0,0
0.11764705882352941,0.038493311429241964,0.012438584489085153,0.025692255625914887,0.05815831987075929,0.0,0.31933521640765095,0.22138260818230127,0.04054054054054054,0.520618556701031,0.005299851940070637,0.09693638496804928,0.0,0.0,0.3570135402969912,0.6615131224604184,0.0,0.2608695652173913,0.005386405923062282,0.0,0.39064139524608293,0,0,0,0,1,0,0,0,0,1,0,0,0,1,0,0,0,0,0,0,0,1,0,0,0,0,0,0,0,0,0,0,0,0,0,0,0,0,0,0,0,0,0,0,0,0,0,0,0,1,0,0
0.09803921568627451,0.06947195494015489,0.019435288264195553,0.05627342007510734,0.12924071082390953,0.3333333333333333,0.915649127095765,0.19973630871558737,0.0945945945945946,0.34536082474226804,0.132047245594939,0.35037004534946975,0.3333333333333333,0.5,0.11094620671735383,0.7216795099889229,0.0,0.30434782608695654,0.011492755262083989,0.03571428571428571,0.5249530851670432,1,0,0,0,1,0,0,0,0,0,1,0,0,0,1,0,0,0,0,0,0,1,0,1,0,0,0,0,0,0,0,0,0,0,0,0,0,0,0,0,0,0,0,0,0,0,0,0,0,0,0,0
0.0196078431372549,0.32809669091762494,0.027209403569873773,0.2850205301550669,0.05492730210016155,0.0,0.47555264023532845,0.1751382411397761,0.20270270270270271,0.20618556701030927,0.22504100923707085,0.13875613330450057,0.0,0.0,0.6404622354695418,0.5989643860853503,0.0,0.34782608695652173,0.14911389013171805,0.0,0.44839356135940844,0,1,0,0,0,0,0,1,0,0,1,0,0,0,1,0,0,0,0,0,0,1,0,0,0,0,0,0,0,0,0,0,0,0,0,0,0,1,0,0,0,0,0,0,0,0,0,0,0,0,0,0
0.0196078431372549,0.16381600563248064,0.1298277256048263,0.1961312788227475,0.09531502423263329,0.3333333333333333,0.7770144705354937,1.0,0.06756756756756757,0.7731958762886598,0.09964264017325117,0.09364380034061942,0.0,0.0,0.3272450430986791,0.5929543628294894,0.0,0.391304347826087,0.10557048316280626,0.047619047619047616,0.44839356135940844,0,0,0,0,0,1,0,0,0,1,0,0,0,0,1,0,0,0,0,0,0,1,0,0,0,0,0,0,0,0,0,0,0,0,0,0,0,0,0,0,0,0,0,0,0,0,0,0,0,1,0,0
0.0,0.01737150903543769,0.10339573356552034,0.05505017349713964,0.014539579967689823,0.3333333333333333,0.6389560712400533,0.3335497963280006,0.14864864864864866,0.03608247422680412,0.035410049557889144,0.5001318135470362,0.0,0.0,0.23346987541406108,0.7244346609647613,0.0,0.43478260869565216,0.07421124052923217,0.23076923076923078,0.5607364114683707,0,0,0,0,0,0,1,0,0,0,0,1,0,1,0,0,0,0,0,0,0,1,0,0,0,0,0,1,0,0,0,0,0,0,0,0,0,0,0,0,0,0,0,0,0,0,0,0,0,0,0,0
0.0,0.14081670969256044,0.2705392126376021,0.24995412825332622,0.0016155088852988692,0.0,0.5696891060085378,0.05214790326071985,0.04054054054054054,0.8762886597938144,0.2621852738983618,0.35717655209939464,0.0,0.5,0.4774331386240025,0.23372986093421708,0.0,0.4782608695652174,0.26516306191583616,0.0,0.32309460536007956,0,0,0,0,1,0,0,0,1,0,0,0,1,0,0,0,0,0,0,0,0,1,0,0,0,0,0,0,0,0,0,0,0,0,0,1,0,0,0,0,0,0,0,0,0,0,0,0,0,0,0,0
0.058823529411764705,0.13471485566768363,0.1904658249891164,0.20265526057190855,0.09046849757673667,0.0,0.5602244849622515,0.21547907196410657,0.1891891891891892,0.14948453608247422,0.049744900361690055,0.38600267304826036,1.0,0.0,0.4001093438579735,0.5866869412635528,0.0,0.5217391304347826,0.053737849637886026,0.0,0.4554381426000973,0,0,0,0,0,1,0,0,0,1,0,0,0,0,1,0,0,0,0,0,0,1,0,0,0,0,0,0,0,0,0,0,0,0,1,0,0,0,0,0,0,0,0,0,0,0,0,0,0,0,0,0
0.0196078431372549,0.02253461628725651,0.27287144722930556,0.14842466228200726,0.09531502423263329,0.0,0.42627025043806793,0.07379420272743376,0.13513513513513514,0.5824742268041238,0.14380239300265465,0.25373668490183054,0.0,0.0,0.148186977980807,0.3368836152369761,0.0,0.5652173913043478,0.08220085648683066,0.0,0.39064139524608293,0,0,0,0,0,1,0,0,0,0,1,0,1,0,0,0,0,0,0,0,0,1,0,0,0,0,0,0,0,0,0,0,0,0,0,0,0,0,0,0,0,0,1,0,0,0,0,0,0,0,0,0
0.0392156862745098,0.1708566064304154,0.161701598358107,0.21896521494481122,0.09854604200323101,0.0,0.3901542147863246,0.22925398980656087,0.02702702702702703,0.9948453608247423,0.6752126727478867,0.17409947893114527,0.0,0.0,0.1774095238340794,0.7183857135019484,0.0,0.6086956521739131,0.07740708691227156,0.0,0.1700950162222878,0,0,0,0,0,1,0,0,0,0,1,0,1,0,0,0,0,0,0,0,0,1,0,0,0,0,0,0,0,0,0,0,0,0,0,0,0,0,0,0,0,0,0,0,0,0,1,0,0,0,0,0
0.11764705882352941,0.052105139638582494,0.10261832203495252,0.08481584022768697,0.04038772213247173,0.0,0.9290878018836604,0.0354212173091682,0.08108108108108109,0.1134020618556701,0.03573499655952767,0.010744210270933457,0.3333333333333333,0.5,0.5428176963780414,0.4483199377847665,0.0,0.6521739130434783,0.013661365307717865,0.0,0.2782985451371206,0,0,0,0,0,1,0,0,0,1,0,0,0,0,1,0,0,0,0,0,0,1,0,0,0,0,0,0,0,0,0,0,0,0,0,0,0,0,0,0,0,0,0,0,0,0,0,0,0,0,0,1
0.0,0.008453414691386997,0.2814229740655516,0.14067743395487853,0.2310177705977383,0.0,0.5696891060085378,0.0511639805576874,0.21621621621621623,0.9278350515463918,0.3361305773729308,0.8190874451159404,0.0,0.0,0.33168496066100805,0.40735285337589944,0.0,0.6956521739130435,0.15810220808401637,0.0,0.7266921064965289,0,0,0,1,0,0,0,0,0,0,0,1,0,0,1,0,0,0,0,0,0,1,0,0,0,0,0,0,0,0,0,0,0,0,0,0,0,0,0,0,0,0,0,0,0,1,0,0,0,0,0,0
0.0196078431372549,0.10842994602206055,0.23011381304807535,0.20061651627529573,0.0420032310177706,0.3333333333333333,0.808552624232067,0.2105594584489443,0.02702702702702703,0.30412371134020616,0.14137242862406615,0.23021995015998545,0.0,0.0,0.5797817484623675,0.6188458702602898,0.0,0.7391304347826086,0.10776762755114584,0.1,0.5149134949631412,0,0,0,0,0,1,0,0,0,0,0,1,1,0,0,0,0,0,0,0,0,1,0,0,0,0,0,0,0,0,0,1,0,0,0,0,0,0,0,0,0,0,0,0,0,0,0,0,0,0,0,0
0.0392156862745098,0.08214503637643746,0.12438584489085154,0.12232873528536305,0.09369951534733441,0.0,0.860435545942214,0.35618001849774694,0.04054054054054054,0.7422680412371134,0.13583743343802132,0.24861999304135982,0.3333333333333333,0.5,0.5023859992213878,0.3799734600516305,0.0,0.782608695652174,0.04584810387975752,0.0,0.22054637902379515,1,0,0,1,0,0,0,0,0,0,1,0,1,0,0,0,0,0,0,0,0,1,0,0,0,0,0,0,0,0,0,0,0,0,0,0,0,0,0,0,0,0,0,0,0,0,0,0,0,0,1,0
0.0,0.04788077915982164,0.3412836619192739,0.20632500030581166,0.10823909531502424,0.3333333333333333,0.5015954309047487,0.24007713953991783,0.0945945945945946,0.8608247422680413,0.30729809591026247,0.20347260645408208,0.0,0.0,0.694107657684575,0.378559092264084,0.0,0.8260869565217391,0.22241861654268422,0.04225352112676057,0.1700950162222878,0,1,0,0,0,1,0,0,0,0,1,0,1,0,0,0,0,0,0,0,0,1,0,0,0,0,0,0,0,0,0,0,0,0,0,0,0,0,0,0,0,0,0,0,0,0,0,0,0,0,0,1
0.17647058823529413,0.060553860596104195,0.0015548230611356442,0.039147967983559566,0.2778675282714055,0.3333333333333333,0.6683216303032361,0.3187909557825138,0.527027027027027,0.23195876288659795,0.14586211243238467,0.18787445869320296,0.0,0.0,0.2941382291961627,0.18511096356118584,0.0,0.8695652173913043,0.004701581698125268,0.017045454545454548,0.42564283169636397,1,0,0,0,0,0,0,1,0,1,0,0,1,0,0,0,0,0,0,0,0,1,0,0,1,0,0,0,0,0,0,0,0,0,0,0,0,0,0,0,0,0,0,0,0,0,0,0,0,0,0,0
0.09803921568627451,0.025350856606430414,0.05675104173145101,0.0375169725462693,0.048465266558966075,0.0,0.5926881103933329,0.216462994667139,0.05405405405405406,0.34536082474226804,0.21943123771938494,0.04720378028223758,0.0,0.0,0.5207252081624929,0.6526766882188682,0.0,0.9130434782608695,0.008430069145004566,0.0,0.7248916463071065,0,1,0,0,0,0,1,0,0,0,1,0,0,1,0,0,0,0,0,0,0,1,0,0,0,0,0,0,0,0,1,0,0,0,0,0,0,0,0,0,0,0,0,0,0,0,0,0,0,0,0,0
0.058823529411764705,0.1300211218023938,0.05597363020088319,0.12803721931587897,0.035541195476575124,0.6666666666666666,0.3524511749191932,0.1830096227640357,0.14864864864864866,0.8608247422680413,0.5098453582413461,0.232517035608406,0.0,0.0,0.6070216512005103,0.8165964920852957,0.0,0.9565217391304348,0.03546160313487947,0.23076923076923078,0.40890397658035194,0,0,0,0,0,0,1,0,0,0,0,1,0,0,1,0,0,0,0,0,0,1,0,0,0,0,0,0,0,0,0,0,0,0,0,0,0,0,0,0,0,0,0,0,0,0,0,0,0,0,0,1
0.23529411764705882,0.06008448720957521,0.2985260277380437,0.19450028338545725,0.014539579967689823,1.0,0.5466298341275792,0.098392270303245,0.12162162162162163,0.10309278350515463,0.6473943135464888,0.28016480394914406,0.0,0.0,0.3379565572000429,0.9771170416204474,0.0,1.0,0.01502662385871409,0.6923076923076924,0.6782788319159428,0,0,0,0,0,0,1,0,0,0,1,0,0,0,1,0,0,0,0,0,0,1,0,0,0,0,0,0,0,0,0,0,1,0,0,0,0,0,0,0,0,0,0,0,0,0,0,0,0,0,0,0
0.0,0.07745130251114761,0.476553268238075,0.3029614799652598,0.24232633279483037,0.0,0.7010934236537657,0.30796780604915686,0.05405405405405406,0.10824742268041238,0.3144157819619911,0.6304922253038263,0.0,0.5,0.7110583944374873,0.39471877539413147,0.0,0.0,0.3170955656402264,0.0,0.5096989169644132,0,0,0,0,0,0,1,0,0,0,1,0,0,0,1,0,0,0,0,1,0,0,0,0,0,0,0,1,0,0,0,0,0,0,0,0,0,0,0,0,0,0,0,0,0,0,0,0,0,0,0,0
0.0392156862745098,0.09669561135883595,0.012438584489085153,0.07625311418191308,0.09369951534733441,0.0,0.48397422112542016,0.36405140012200654,0.12162162162162163,0.29896907216494845,0.30907118627112407,0.24763316900822224,0.0,0.0,0.11664722488576858,0.7399243719731773,0.0,0.043478260869565216,0.03080099382628035,0.0,0.5297906678146433,0,0,0,0,0,0,1,0,0,0,0,1,0,1,0,0,0,0,0,1,0,0,0,0,0,0,0,0,0,0,0,0,1,0,0,0,0,0,0,0,0,0,0,0,0,0,0,0,0,0,0,0
0.058823529411764705,0.013147148556676836,0.3988121151812927,0.20632500030581166,0.09693053311793215,0.0,0.5187812995349402,0.14857232815789997,0.06756756756756757,0.6030927835051546,0.19657149472248872,0.32224888601815277,0.0,0.0,0.2939688707562919,0.44473523880736643,0.0,0.08695652173913043,0.05463668143311586,0.0,0.22054637902379515,0,1,0,0,0,0,1,0,0,0,1,0,0,1,0,0,0,0,0,1,0,0,0,0,0,0,0,0,0,0,0,0,0,0,0,0,0,0,0,0,0,0,0,0,0,0,0,1,0,0,0,0
0.0,0.01971837596808261,0.018657876733627732,0.012644292127592773,0.8659127625201939,0.0,0.5490503627080471,0.1416848692366728,0.08108108108108109,0.8092783505154639,0.15623236950498037,0.18057645909992734,0.0,0.0,0.10868691673911161,0.25227521621322646,0.0,0.13043478260869565,0.03266523754972,0.0,0.6143492563875665,0,0,0,0,1,0,0,0,0,0,1,0,0,1,0,0,0,0,0,1,0,0,0,0,0,0,0,0,0,0,0,0,1,0,0,0,0,0,0,0,0,0,0,0,0,0,0,0,0,0,0,0
0.058823529411764705,4.693733865289738e-06,0.019435288264195553,0.0,0.08562197092084006,0.0,1.0,0.5608359407284965,0.013513513513513514,0.5618556701030928,0.13077752121987102,0.31279685642625915,0.3333333333333333,0.0,0.3146230759343272,0.620545107384504,0.0,0.17391304347826086,0.0041013617993106806,0.0,0.44839356135940844,0,0,0,0,0,1,0,0,0,0,1,0,0,1,0,0,0,0,0,1,0,0,0,0,0,0,0,0,0,0,0,0,0,0,0,0,0,0,0,0,0,0,1,0,0,0,0,0,0,0,0,0
0.0,0.12344989439098802,0.06063809938429012,0.12477522844129844,0.017770597738287562,0.0,0.21720123797631127,0.15447586437609467,0.0945945945945946,0.4948453608247423,0.07438178456480969,0.023297774911912407,0.6666666666666666,0.0,0.43831313177423065,0.8590884635656074,0.0,0.21739130434782608,0.1425224569666993,0.0,0.5980191220754025,1,0,0,0,0,0,0,1,1,0,0,0,1,0,0,0,0,0,0,1,0,0,0,0,0,0,0,0,0,0,0,0,0,0,0,0,0,0,0,0,0,0,0,0,0,0,0,1,0,0,0,0
0.0784313725490196,0.012208401783618868,0.05519621867031537,0.025284506766592323,0.05492730210016155,0.0,0.6839356194304631,0.16825078221854897,0.20270270270270271,0.8711340206185567,0.17680742503281602,0.7900374831433189,0.3333333333333333,0.0,0.6481372956554187,0.2891437333744753,0.0,0.2608695652173913,0.00797732424074065,0.0,0.30924428879084803,1,0,0,1,0,0,0,0,0,0,1,0,0,0,1,0,0,0,0,1,0,0,0,1,0,0,0,0,0,0,0,0,0,0,0,0,0,0,0,0,0,0,0,0,0,0,0,0,0,0,0,0
0.11764705882352941,0.07416568880544473,0.010106349897381687,0.05545792235646221,0.025848142164781908,0.3333333333333333,0.5330697532214982,0.23712537143082046,0.10810810810810811,0.17010309278350516,0.07505499580749393,0.1626693970471386,0.0,0.5,0.438162845517909,0.5981572186414756,0.0,0.30434782608695654,0.009552419958095783,0.15000000000000002,0.47519998381900647,0,0,0,0,0,0,0,1,1,0,0,0,1,0,0,0,0,0,0,1,0,0,0,0,0,0,0,0,0,0,0,0,0,0,0,1,0,0,0,0,0,0,0,0,0,0,0,0,0,0,0,0
0.058823529411764705,0.09857310490495189,0.16947571366378522,0.16024937920236168,0.045234248788368334,0.0,0.45567359112037037,0.14463663734577015,0.24324324324324326,0.9020618556701031,0.22204969728735807,0.2767476804260543,0.0,0.5,0.3445196517661266,0.4766729802491812,0.0,0.34782608695652173,0.043351348893007985,0.0,0.5096989169644132,0,1,0,0,0,1,0,0,1,0,0,0,1,0,0,0,0,0,0,1,0,0,0,0,0,0,0,0,0,0,0,0,1,0,0,0,0,0,0,0,0,0,0,0,0,0,0,0,0,0,0,0
0.0,0.12861300164280684,0.1756950059083278,0.18960729707358645,0.045234248788368334,0.0,0.5696891060085378,0.0708424346183364,0.16216216216216217,0.30927835051546393,0.25118803273274476,0.545933601707574,0.0,0.0,0.14155476447138038,0.6612234086487598,0.0,0.391304347826087,0.2060399038296073,0.0,0.41744781770568096,0,0,0,0,0,1,0,0,1,0,0,0,1,0,0,0,0,0,0,1,0,0,0,0,0,0,0,0,0,0,0,0,0,0,0,1,0,0,0,0,0,0,0,0,0,0,0,0,0,0,0,0
0.0,0.012208401783618868,0.2674295665153308,0.13659994536165285,0.03715670436187399,0.0,0.7170535372297663,0.21744691737017147,0.0945945945945946,0.27319587628865977,0.10958634921630929,0.3079140688789742,0.0,0.0,0.21284717321782035,0.8216889408512399,0.0,0.43478260869565216,0.15410740010521712,0.0,0.5199960440419653,0,0,0,0,0,1,0,0,0,0,0,1,1,0,0,0,0,0,0,1,0,0,0,0,0,0,0,0,0,0,1,0,0,0,0,0,0,0,0,0,0,0,0,0,0,0,0,0,0,0,0,0
0.0784313725490196,0.05867636704998827,0.04819951489520497,0.061981904105623264,0.01615508885298869,0.3333333333333333,0.7284731209954389,0.1515240962669973,0.05405405405405406,0.9536082474226805,0.1656716273891335,0.08743463334709706,0.3333333333333333,0.0,0.5372135274648864,0.6018449269504822,0.0,0.4782608695652174,0.015167978602579296,0.21428571428571427,0.39998028677882225,0,0,0,0,0,0,0,1,0,0,1,0,0,0,1,0,0,0,0,1,0,0,0,0,0,0,0,0,0,0,0,0,0,0,0,1,0,0,0,0,0,0,0,0,0,0,0,0,0,0,0,0
0.0392156862745098,0.4308894625674724,0.0769637415262144,0.4004134573433531,0.25040387722132473,0.3333333333333333,0.6208649862263992,0.6759548969832933,0.06756756756756757,0.6443298969072165,0.12959803279339444,0.26820588053609723,0.0,0.0,0.6587667723491244,0.6405686940180908,0.0,0.5217391304347826,0.13666340526446039,0.01886792452830189,0.33605071125044605,1,0,0,0,0,0,1,0,1,0,0,0,0,1,0,0,0,0,0,1,0,0,0,0,0,0,0,0,0,0,0,0,1,0,0,0,0,0,0,0,0,0,0,0,0,0,0,0,0,0,0,0
0.0,0.45295001173433463,0.07774115305678221,0.4199854025908363,0.0840064620355412,0.0,0.8020529652330869,0.3020642698309622,0.02702702702702703,0.4329896907216495,0.3009652998624273,0.1648528647853433,0.0,0.0,0.3820021277114151,0.5769382138383949,0.0,0.5652173913043478,0.43174655463176476,0.0,0.7337366877372178,0,1,0,1,0,0,0,0,1,0,0,0,0,1,0,0,0,0,0,1,0,0,0,0,0,0,0,0,0,0,0,0,0,0,0,0,0,0,0,0,0,0,0,0,1,0,0,0,0,0,0,0
0.13725490196078433,0.19995775639521238,0.5426332483363399,0.4440425852908677,0.05331179321486268,0.3333333333333333,0.83724083777884,0.0905208886789854,0.08108108108108109,0.32989690721649484,0.3838314427167336,0.2560999473877814,0.0,0.0,0.7288921847129307,0.7295542561957895,0.0,0.6086956521739131,0.055785188727020645,0.08108108108108109,0.6323388941509277,0,0,0,0,0,0,1,0,0,0,1,0,0,0,1,0,0,0,0,1,0,0,0,0,0,0,0,0,0,0,0,0,0,0,0,0,0,1,0,0,0,0,0,0,0,0,0,0,0,0,0,0
0.0392156862745098,0.09481811781272001,0.0,0.06728263927681663,0.12439418416801293,0.0,0.7468277004785845,0.28828935198850786,0.10810810810810811,0.44329896907216493,0.13398818249587016,0.09392510502008194,0.0,0.0,0.26907803337607467,0.8539455830801278,0.0,0.6521739130434783,0.027871467975160904,0.0,0.30924428879084803,0,0,0,0,0,0,1,0,0,0,1,0,0,1,0,0,0,0,0,1,0,0,0,0,0,0,0,1,0,0,0,0,0,0,0,0,0,0,0,0,0,0,0,0,0,0,0,0,0,0,0,0
0.0,0.016902135648908707,0.024877168978170307,0.013459789846237906,0.09854604200323101,0.3333333333333333,0.4745497409496578,0.2046559222307496,0.3783783783783784,0.7938144329896907,0.197899818077861,0.2494850514267094,0.3333333333333333,0.5,0.38810508688625106,0.221212843214417,0.0,0.6956521739130435,0.03346419914547985,0.046153846153846156,0.5480532491489123,1,0,0,1,0,0,0,0,0,1,0,0,0,1,0,0,0,0,0,1,0,0,0,0,0,0,0,0,0,0,0,0,0,1,0,0,0,0,0,0,0,0,0,0,0,0,0,0,0,0,0,0
0.11764705882352941,0.1473879371039662,0.0808507991790535,0.15617189060913603,0.08239095315024232,0.0,0.6824965153426016,0.45260444339492706,0.16216216216216217,0.14948453608247422,0.294698301281808,0.27108190203666893,0.0,0.0,0.4060630951194958,0.25431723636560444,0.0,0.7391304347826086,0.023648385254715982,0.0,0.30924428879084803,0,0,0,1,0,0,0,0,0,0,1,0,0,1,0,0,0,0,0,1,0,0,0,0,0,0,1,0,0,0,0,0,0,0,0,0,0,0,0,0,0,0,0,0,0,0,0,0,0,0,0,0
0.0,0.052105139638582494,0.0209901113253312,0.04200220999881753,0.11793214862681745,0.0,0.6834475140200299,0.0964244248971801,0.04054054054054054,0.17525773195876287,0.051599604148548174,0.2534076319744141,0.0,0.0,0.7966428095979086,0.4679176109831669,0.0,0.782608695652174,0.06142785499707458,0.0,0.24169749890484477,0,0,0,0,1,0,0,0,0,0,1,0,0,1,0,0,0,0,0,1,0,0,0,0,0,0,0,1,0,0,0,0,0,0,0,0,0,0,0,0,0,0,0,0,0,0,0,0,0,0,0,0
0.0,0.12251114761793006,0.05908327632315448,0.12314423300400817,0.07269789983844911,0.3333333333333333,0.42070855635731796,0.1849774681701006,0.02702702702702703,0.30412371134020616,0.3323153910718713,0.2665892141438844,0.0,0.0,0.49964699096597875,0.8388456115051551,0.0,0.8260869565217391,0.1409245337751796,0.061224489795918366,0.6294503556041471,0,0,0,0,1,0,0,0,0,0,1,0,0,0,1,0,0,0,0,1,0,0,0,0,0,0,0,0,0,0,0,0,0,0,0,0,0,0,0,0,0,0,0,0,1,0,0,0,0,0,0,0
0.058823529411764705,0.028167096925604318,0.06918962622053616,0.04648744745136576,0.11631663974151858,0.3333333333333333,0.2700774700667703,0.1436527146427377,0.08108108108108109,0.4845360824742268,0.09287752676862755,0.32380858363780274,0.0,0.0,0.08852658699479583,0.8619237248005857,0.0,0.8695652173913043,0.015487563240883235,0.039473684210526314,0.13914927256856027,0,0,0,0,0,0,0,1,0,0,1,0,0,1,0,0,0,0,0,1,0,0,0,0,0,0,0,0,0,0,0,0,0,0,0,0,0,0,0,0,0,0,0,0,0,1,0,0,0,0,0,0
0.23529411764705882,0.051166392865524525,0.03653834193668764,0.04934168946662372,0.12439418416801293,0.3333333333333333,0.1794885501126955,0.1652990141094516,0.1891891891891892,0.8144329896907216,0.04946779349417671,0.19546064925092918,0.0,0.0,0.6737041905324362,0.6866043723206084,0.0,0.9130434782608695,0.004086995855233076,0.037037037037037035,0.611187774269878,0,0,0,0,0,0,0,1,1,0,0,0,0,0,1,0,0,0,0,1,0,0,0,0,0,0,0,0,0,0,0,0,0,0,0,0,0,0,0,0,0,0,0,0,0,0,0,0,0,1,0,0
0.21568627450980393,0.07698192912461863,0.08707009142359608,0.09827155258533164,0.07431340872374798,0.0,0.597652755277434,0.06592282110317416,0.08108108108108109,0.211340206185567,0.20431748785559023,0.08963261475807285,0.0,0.0,0.8639922330060041,0.5981572186414756,0.0,0.9565217391304348,0.008529939344474546,0.0,0.39998028677882225,0,0,0,0,1,0,0,0,1,0,0,0,1,0,0,0,0,0,0,1,0,0,0,1,0,0,0,0,0,0,0,0,0,0,0,0,0,0,0,0,0,0,0,0,0,0,0,0,0,0,0,0
0.058823529411764705,0.08496127669561135,0.1655886560109461,0.14638591798539444,0.05331179321486268,0.3333333333333333,0.6432501252352566,0.2548359800854046,0.16216216216216217,0.788659793814433,0.4451151705595261,0.15608358514370702,0.3333333333333333,0.0,0.4180652093472497,0.5821035947483485,0.0,1.0,0.03995576211102862,0.08108108108108109,0.40890397658035194,0,1,0,0,0,0,0,1,1,0,0,0,0,0,1,0,0,0,0,1,0,0,0,0,0,0,0,1,0,0,0,0,0,0,0,0,0,0,0,0,0,0,0,0,0,0,0,0,0,0,0,0
0.058823529411764705,0.11359305327387936,0.06063809938429012,0.11621250239552455,0.23909531502423265,0.0,0.3475418701225955,0.22433437629139863,0.08108108108108109,0.9072164948453608,0.21392325826835598,0.08991686095043942,0.3333333333333333,0.0,0.2803205507737873,0.6630853422223906,0.0,0.0,0.03256536735025002,0.0,0.5199960440419653,0,1,0,0,0,0,1,0,0,0,1,0,1,0,0,1,0,0,0,0,0,0,0,0,0,0,0,0,0,0,0,0,0,0,0,0,0,0,0,1,0,0,0,0,0,0,0,0,0,0,0,0
0.09803921568627451,0.03051396385824924,0.04664469183406933,0.03670147482762417,0.0420032310177706,0.3333333333333333,0.7927192489265751,0.44473306177066746,0.17567567567567569,0.4329896907216495,0.16552423890303997,0.3232085512004084,0.0,0.0,0.6551074329660823,0.5462985954669476,0.0,0.043478260869565216,0.008296908879044591,0.1,0.5480532491489123,0,0,0,1,0,0,0,0,0,0,0,1,0,1,0,1,0,0,0,0,0,0,0,0,0,0,0,0,0,0,0,0,0,0,0,0,0,1,0,0,0,0,0,0,0,0,0,0,0,0,0,0
0.0,0.009392161464444965,0.06607998009826488,0.028546497641172848,0.09208400646203554,0.3333333333333333,0.5696891060085378,0.1554597870791271,0.013513513513513514,0.9639175257731959,0.5031138868065271,0.2327487860470096,0.3333333333333333,0.0,0.8891725981555468,0.5981572186414756,0.0,0.08695652173913043,0.04824498866703707,0.049180327868852465,0.29436711593934617,0,0,0,1,0,0,0,0,0,0,1,0,0,1,0,1,0,0,0,0,0,0,0,0,0,0,0,0,0,0,0,0,0,0,0,0,0,0,1,0,0,0,0,0,0,0,0,0,0,0,0,0
0.0784313725490196,0.40976766017366817,0.08007338764848568,0.3836957541111279,0.09369951534733441,0.0,0.8533508148576852,0.1082314973335695,0.35135135135135137,0.8969072164948454,0.13120062789692327,0.1013673042996475,0.0,0.0,0.6518038034343817,0.3555442765176321,0.5,0.13043478260869565,0.07820604850803142,0.0,0.5726656610764669,0,0,0,1,0,0,0,0,1,0,0,0,0,1,0,1,0,0,0,0,0,0,0,0,0,0,0,0,0,0,0,0,0,0,0,0,0,0,0,0,0,0,0,0,0,0,0,0,0,0,1,0
0.0,1.0,0.007774115305678221,0.9198855041203023,0.03715670436187399,0.0,0.6577368147026257,0.3030481925339946,0.04054054054054054,0.7989690721649485,0.14006486234281026,0.403816022685329,0.0,0.0,0.12585472162020334,0.4520353746058932,0.0,0.17391304347826086,0.9215100128325525,0.0,0.46882643372838395,0,1,0,0,0,0,0,1,0,1,0,0,1,0,0,1,0,0,0,0,0,0,0,0,0,0,0,0,0,0,0,0,0,0,0,0,0,0,0,0,1,0,0,0,0,0,0,0,0,0,0,0
0.058823529411764705,0.10749119924900258,0.1368244293799367,0.15087115543794266,0.030694668820678513,0.0,0.37061149921634107,0.0728102800244013,0.1891891891891892,0.38144329896907214,0.08646322312654259,0.06071404583797061,0.0,0.0,0.6317913762712073,0.0,0.0,0.21739130434782608,0.04105433430519842,0.0,0.22054637902379515,0,0,0,1,0,0,0,0,1,0,0,0,0,1,0,1,0,0,0,0,0,0,0,0,0,0,0,0,0,0,0,0,0,0,0,0,0,0,0,1,0,0,0,0,0,0,0,0,0,0,0,0
0.0196078431372549,0.00986153485097395,0.04664469183406933,0.018760525017431265,0.046849757673667204,0.0,0.6752707037570737,0.3817620087765906,0.08108108108108109,0.29896907216494845,0.3339687357968366,0.04743889663064802,0.3333333333333333,0.0,0.5572156342700094,0.24130810785853685,0.0,0.2608695652173913,0.01868340962392263,0.0,0.41744781770568096,0,0,0,0,0,0,1,0,0,1,0,0,1,0,0,1,0,0,0,0,0,0,0,0,0,0,0,1,0,0,0,0,0,0,0,0,0,0,0,0,0,0,0,0,0,0,0,0,0,0,0,0
0.058823529411764705,0.02347336306031448,0.3373966042664348,0.1830833153244254,0.0420032310177706,0.0,0.7175999543879908,0.3807780860735582,0.0945945945945946,0.865979381443299,0.4867301973588231,0.175830222564862,0.3333333333333333,0.0,0.2680751932157825,0.6379455848086367,0.0,0.30434782608695654,0.048944080063326935,0.0,0.6915198916731431,0,0,0,1,0,0,0,0,0,0,1,0,1,0,0,1,0,0,0,0,0,0,0,0,0,0,0,0,0,0,1,0,0,0,0,0,0,0,0,0,0,0,0,0,0,0,0,0,0,0,0,0
0.0392156862745098,0.1154705468199953,0.15859195223583572,0.16921985410745816,0.014539579967689823,0.0,0.47426376158250527,0.43587775744337537,0.08108108108108109,0.44329896907216493,0.6550935031507898,0.15052154857387787,0.0,0.0,0.7454475739092017,0.793619921588942,0.0,0.34782608695652173,0.061161534465154634,0.0,0.7454994641908382,1,0,0,0,0,0,0,1,1,0,0,0,1,0,0,1,0,0,0,0,0,0,0,0,0,0,0,0,0,0,0,0,0,1,0,0,0,0,0,0,0,0,0,0,0,0,0,0,0,0,0,0
0.0,0.29805679417977,0.30474531998258625,0.40449094593657875,0.035541195476575124,0.0,0.2955246190653692,0.216462994667139,0.12162162162162163,0.030927835051546393,0.20317063186773032,0.1617638416572631,0.0,0.5,0.5644809184418564,0.742299601878879,0.0,0.391304347826087,0.4165662843123276,0.0,0.5726656610764669,0,0,0,1,0,0,0,0,0,0,1,0,0,1,0,1,0,0,0,0,0,0,0,0,0,0,0,0,0,0,0,0,0,0,0,0,0,1,0,0,0,0,0,0,0,0,0,0,0,0,0,0
0.0392156862745098,0.012208401783618868,0.023322345917034665,0.008566803534367113,0.08239095315024232,0.0,0.5696891060085378,0.1003601157093099,0.14864864864864866,0.7164948453608248,0.0989920342154717,0.016861489460806157,0.3333333333333333,0.0,0.7510099357305083,0.7181619990830054,0.0,0.43478260869565216,0.008696389676924515,0.0,0.24169749890484477,0,0,0,0,1,0,0,0,0,1,0,0,0,1,0,1,0,0,0,0,0,0,0,0,0,0,0,0,0,0,0,0,0,0,0,0,0,0,0,0,0,0,0,1,0,0,0,0,0,0,0,0
0.0784313725490196,0.05445200657122742,0.05208657254804408,0.060350908668333,0.19224555735056542,0.0,0.38369795719482397,0.1731703957337112,0.22972972972972974,0.34536082474226804,0.2733087731688969,0.3532429933903332,0.0,0.0,0.24533999151030514,0.617742925199907,0.0,0.4782608695652174,0.014848393964275354,0.0,0.5345144143574192,0,0,0,0,0,0,1,0,1,0,0,0,0,1,0,1,0,0,0,0,0,0,0,0,0,0,0,0,1,0,0,0,0,0,0,0,0,0,0,0,0,0,0,0,0,0,0,0,0,0,0,0
0.058823529411764705,0.08026754283032152,0.017103053672492086,0.06442839726155866,0.1050080775444265,0.3333333333333333,0.8076773653442954,0.21744691737017147,0.3108108108108108,0.9381443298969072,0.12488328656292719,0.2871259510910873,0.0,0.0,0.5560602869625627,0.3833092916426161,0.0,0.5217391304347826,0.019881852017562405,0.04347826086956522,0.5980191220754025,0,0,0,1,0,0,0,0,0,0,1,0,1,0,0,1,0,0,0,0,0,0,0,0,0,0,0,0,0,0,1,0,0,0,0,0,0,0,0,0,0,0,0,0,0,0,0,0,0,0,0,0
0.0392156862745098,0.17414222013611827,0.03420610734498417,0.15494864403116834,0.0016155088852988692,0.0,0.5023288459001978,0.09347265678808275,0.13513513513513514,0.8556701030927835,0.522118746296535,0.35751542162166555,0.0,0.0,0.28074347679219386,0.6234094516256594,0.0,0.5652173913043478,0.056500925156555505,0.0,0.5764895855592514,0,0,0,1,0,0,0,0,0,1,0,0,0,0,1,1,0,0,0,0,0,0,0,0,0,0,0,0,1,0,0,0,0,0,0,0,0,0,0,0,0,0,0,0,0,0,0,0,0,0,0,0
0.21568627450980393,0.041309551748415864,0.33350954661359566,0.19653902768207007,0.11308562197092084,0.0,0.9283156139273079,0.4614597477222191,0.3783783783783784,0.10309278350515463,0.16745261188216773,0.43672438584461665,0.0,0.0,0.5239061650002392,0.83731532086857,0.0,0.6086956521739131,0.01655284536856303,0.0,0.5839256195703415,0,0,0,0,0,0,1,0,0,1,0,0,0,0,1,1,0,0,0,0,0,0,0,0,0,0,0,0,0,0,0,0,0,0,0,0,0,0,0,0,0,0,0,0,1,0,0,0,0,0,0,0
0.058823529411764705,0.006106547758742079,0.43379563405684474,0.21855746608548865,0.03877221324717286,0.3333333333333333,0.15922947976083415,0.255819902788437,0.10810810810810811,0.9020618556701031,0.21600408706456828,0.19832947192022218,0.0,0.0,0.7855379079919454,0.8164953167344711,0.0,0.6521739130434783,0.057632787417215295,0.10714285714285714,0.5096989169644132,0,0,0,0,0,1,0,0,0,1,0,0,0,1,0,1,0,0,0,0,0,0,0,0,0,0,0,0,0,0,0,0,1,0,0,0,0,0,0,0,0,0,0,0,0,0,0,0,0,0,0,0
0.058823529411764705,0.13142924196198075,0.019435288264195553,0.11009626950568606,0.09693053311793215,0.6666666666666666,0.6106295436941095,0.06592282110317416,0.24324324324324326,0.9536082474226805,0.3933370015244087,0.15043295478217877,0.0,0.5,0.16768585447289375,0.5935275085299553,0.0,0.6956521739130435,0.0310673143582003,0.09375,0.4335163885079065,0,0,0,0,0,0,1,0,0,0,0,1,0,0,1,1,0,0,0,0,0,0,0,0,0,0,0,0,0,0,0,0,0,0,0,0,1,0,0,0,0,0,0,0,0,0,0,0,0,0,0,0
0.11764705882352941,0.2337526402252992,0.04664469183406933,0.21325673091429528,0.06462035541195477,0.0,0.8693249905780251,0.6966172737469747,0.14864864864864866,0.7577319587628866,0.21060990060786278,0.2987214850214543,0.3333333333333333,0.0,0.17990324600723026,0.7857173032475231,0.0,0.7391304347826086,0.03163800121231448,0.0,0.33605071125044605,1,0,0,0,0,1,0,0,0,0,1,0,0,0,1,1,0,0,0,0,0,0,0,0,0,0,0,0,0,0,0,0,0,0,0,0,0,0,0,0,0,0,1,0,0,0,0,0,0,0,0,0
0.058823529411764705,0.05726824689040132,0.0738540954039431,0.07421436988530025,0.05492730210016155,0.0,0.4057868980305538,0.1712025503276463,0.06756756756756757,0.27319587628865977,0.47705336190518266,0.16165638339804297,0.0,0.0,0.6745171086810523,0.6356469387692222,0.5,0.782608695652174,0.022278736804841954,0.0,0.10254822633628438,0,0,0,0,0,1,0,0,0,0,0,1,1,0,0,1,0,0,0,0,0,0,0,0,0,0,0,0,0,0,0,0,0,0,0,0,0,0,0,0,0,0,1,0,0,0,0,0,0,0,0,0
0.0,0.10232809199718376,0.15781454070526788,0.15739513718710374,0.05977382875605816,0.0,0.5518810960101426,0.05214790326071985,0.12162162162162163,0.6701030927835051,0.21622924337303912,0.4716458649858497,0.0,0.0,0.4682012017496084,0.5596935630284908,0.0,0.8260869565217391,0.17448092079709326,0.0,0.5043452672833115,0,0,0,0,0,0,0,1,0,0,1,0,1,0,0,1,0,0,0,0,0,0,0,0,0,0,0,0,1,0,0,0,0,0,0,0,0,0,0,0,0,0,0,0,0,0,0,0,0,0,0,0
0.0,0.03520769772353908,0.0069967037751103986,0.019983771595398964,0.0630048465266559,0.6666666666666666,0.5031563227415076,0.0708424346183364,0.14864864864864866,0.8711340206185567,0.479658694745852,0.13133278483305916,0.0,0.0,0.7204337004087601,0.4734877331736581,0.0,0.8695652173913043,0.039855891911558645,0.13953488372093023,0.4813773932340571,0,1,0,0,0,0,1,0,0,0,1,0,0,0,1,1,0,0,0,0,0,0,0,0,0,0,0,0,0,0,0,0,0,0,0,0,0,0,0,0,0,0,0,1,0,0,0,0,0,0,0,0
0.0196078431372549,0.02112649612766956,0.009328938366813866,0.008974552393689678,0.20516962843295639,0.3333333333333333,0.44705850272748104,0.5185272644981012,0.0945945945945946,0.8195876288659794,0.314131971238536,0.12656054873142716,0.0,0.5,0.2994281329540455,0.6611254868230586,0.0,0.9130434782608695,0.013889640049363536,0.022900763358778626,0.5436409843838745,0,0,0,1,0,0,0,0,0,0,1,0,0,0,1,1,0,0,0,0,0,0,0,0,0,0,0,0,0,1,0,0,0,0,0,0,0,0,0,0,0,0,0,0,0,0,0,0,0,0,0,0
0.09803921568627451,0.20934522412579207,0.14148889856334362,0.2417991510668749,0.06462035541195477,0.3333333333333333,0.6325759514330099,0.6670995926560012,0.14864864864864866,0.4329896907216495,0.38557184457569504,0.6987261144478324,0.0,1.0,0.482098914324961,0.7195813759965423,0.0,0.9565217391304348,0.04178671576797828,0.06818181818181819,0.22054637902379515,0,0,0,0,0,0,0,1,0,0,0,1,0,0,1,1,0,0,0,0,0,0,0,0,0,0,0,0,0,0,0,0,0,0,1,0,0,0,0,0,0,0,0,0,0,0,0,0,0,0,0,0
0.0196078431372549,0.10045059845106782,0.004664469183406933,0.07543761646326795,0.16478190630048464,0.3333333333333333,0.3248335247401598,0.36011570930987674,0.20270270270270271,0.7061855670103093,0.6772375059357677,0.316248026512204,0.0,0.5,0.6176298893613844,0.8071191954533382,0.0,1.0,0.0464473250765774,0.02830188679245283,0.5607364114683707,0,0,0,0,0,0,0,1,1,0,0,0,0,1,0,1,0,0,0,0,0,0,0,0,0,0,0,0,0,0,0,0,1,0,0,0,0,0,0,0,0,0,0,0,0,0,0,0,0,0,0,0
0.09803921568627451,0.11312367988735038,0.04742210336463715,0.10887302292771836,0.14539579967689822,0.0,0.5615191828923449,0.45654013420705686,0.0945945945945946,0.3865979381443299,0.05768141322231168,0.24127714163318326,0.0,0.0,0.5159337900451405,0.7922001369771042,0.0,0.0,0.02008159241650237,0.0,0.8139767306695399,0,0,1,0,0,1,0,0,1,0,0,0,0,1,0,0,0,1,0,0,0,0,0,0,0,0,0,0,0,0,0,0,0,0,0,0,0,0,0,0,0,0,0,0,0,1,0,0,0,0,0,0
0.0392156862745098,0.35719784088242196,0.09717644132097776,0.34699835677209695,0.11631663974151858,0.0,0.6868033245047418,0.4221028396009211,0.0,0.25257731958762886,0.124508833186326,0.12582952680010884,0.6666666666666666,0.0,0.09058750885858373,0.7136206146545621,0.0,0.043478260869565216,0.1192194104237037,0.0,0.4622438779286399,0,1,1,0,0,1,0,0,0,0,1,0,0,1,0,0,0,1,0,0,0,0,0,0,0,0,0,0,0,0,0,0,0,0,0,0,0,1,0,0,0,0,0,0,0,0,0,0,0,0,0,0
0.1568627450980392,0.015494015489321755,0.1298277256048263,0.06728263927681663,0.009693053311793215,0.3333333333333333,0.5407122100934256,0.2509002892732748,0.3783783783783784,0.6752577319587629,0.1972199453907395,0.16906415707467193,0.0,0.5,1.0,0.5905280241129619,0.0,0.08695652173913043,0.008430069145004566,0.30000000000000004,0.4335163885079065,0,0,1,0,0,0,0,1,1,0,0,0,0,1,0,0,0,1,0,0,0,0,0,0,0,0,0,0,0,0,0,0,0,0,0,0,0,0,0,0,0,0,0,0,0,0,1,0,0,0,0,0
0.0196078431372549,0.03145271063130721,0.06841221468996835,0.04893394060730115,0.16962843295638125,0.3333333333333333,0.3838259334680572,0.2085916130428794,0.08108108108108109,0.4639175257731959,0.31715026102705285,0.1375371824148364,0.0,0.0,0.5163858077371108,0.8280706537577317,0.0,0.13043478260869565,0.03346419914547985,0.027522935779816515,0.4988449241609157,0,1,1,0,0,0,1,0,0,0,1,0,0,1,0,0,0,1,0,0,0,0,0,0,0,0,0,0,0,0,0,0,0,0,0,0,0,0,0,0,0,0,0,0,1,0,0,0,0,0,0,0
0.058823529411764705,0.07651255573808964,0.05208657254804408,0.0795151050564936,0.0420032310177706,0.0,0.7895526035952182,0.24794852116417743,0.05405405405405406,0.22164948453608246,0.3306097463244396,0.22822192849433728,0.3333333333333333,0.0,0.18598551199413693,0.5870709263150429,0.0,0.17391304347826086,0.02357704939795171,0.0,0.8092806109024875,0,0,1,1,0,0,0,0,0,1,0,0,0,1,0,0,0,1,0,0,0,0,0,0,0,0,1,0,0,0,0,0,0,0,0,0,0,0,0,0,0,0,0,0,0,0,0,0,0,0,0,0
0.058823529411764705,0.030983337244778225,0.21145593631444762,0.12355198186333075,0.12116316639741519,0.0,0.7296188026641571,0.2902571973945728,0.04054054054054054,0.6597938144329897,0.04123976838924069,0.21017537102925327,0.0,0.5,0.538063378885771,0.6534390664757082,0.0,0.21739130434782608,0.03436303094070968,0.0,0.26083101421026195,0,1,1,0,0,1,0,0,0,1,0,0,1,0,0,0,0,1,0,0,0,0,0,0,0,0,0,0,0,1,0,0,0,0,0,0,0,0,0,0,0,0,0,0,0,0,0,0,0,0,0,0
0.19607843137254902,0.15865289838066182,0.11194726040176638,0.18226781760578026,0.025848142164781908,0.0,0.3756364291008537,0.07772989353956355,0.08108108108108109,0.31958762886597936,0.10816344601863014,0.15743237048451159,0.0,0.0,0.5625219962421498,0.19422493922399414,0.0,0.2608695652173913,0.016903904251548422,0.0,0.4813773932340571,0,0,1,0,0,0,0,1,1,0,0,0,0,1,0,0,0,1,0,0,0,0,0,0,0,0,0,0,0,0,0,0,0,0,0,1,0,0,0,0,0,0,0,0,0,0,0,0,0,0,0,0
0.0,0.05022764609246656,0.03653834193668764,0.048526191747978585,0.0210016155088853,0.6666666666666666,0.32509610461230287,0.2892732746915403,0.06756756756756757,0.5876288659793815,0.2946148595172203,0.1813278289303995,0.3333333333333333,0.0,0.682698461941153,0.5817642467727896,0.0,0.30434782608695654,0.06781954776315338,0.35294117647058826,0.30924428879084803,1,0,1,0,0,0,0,1,0,0,1,0,1,0,0,0,0,1,0,0,0,0,0,0,0,0,0,0,1,0,0,0,0,0,0,0,0,0,0,0,0,0,0,0,0,0,0,0,0,0,0,0
0.0196078431372549,0.016902135648908707,0.0839604453013248,0.044448703154752925,0.3441033925686591,0.0,0.39347353804953383,0.5077041147647442,0.05405405405405406,0.36082474226804123,0.714172021354061,0.04501762746807564,0.0,0.0,0.6684889540977206,0.6563446290307094,0.0,0.34782608695652173,0.03126705475714026,0.0,0.3482211019872103,0,0,1,0,0,0,1,0,0,0,1,0,0,1,0,0,0,1,0,0,0,0,0,0,0,0,0,0,0,1,0,0,0,0,0,0,0,0,0,0,0,0,0,0,0,0,0,0,0,0,0,0
0.09803921568627451,0.06853320816709692,0.12516325642141937,0.1109117672243312,0.025848142164781908,0.3333333333333333,0.692654044923387,0.13086171950331585,0.05405405405405406,0.8865979381443299,0.1698093452994959,0.21702461740187942,0.0,0.0,0.42570338149902637,0.5940873701770294,0.0,0.391304347826087,0.020414493081402307,0.15000000000000002,0.4335163885079065,0,1,1,0,0,0,1,0,0,1,0,0,0,0,1,0,0,1,0,0,0,0,0,0,0,0,0,0,0,0,0,0,0,0,0,0,0,0,0,0,0,0,1,0,0,0,0,0,0,0,0,0
0.19607843137254902,0.07745130251114761,0.5605137135393997,0.34699835677209695,0.172859450726979,0.0,0.638760648727111,0.11807072436389401,0.16216216216216217,0.8505154639175257,0.1372971223818723,0.2550293581379517,0.0,0.0,0.10477339042642021,0.4937689308685728,0.0,0.43478260869565216,0.03157574446459293,0.0,0.6872025217174725,0,0,1,0,1,0,0,0,0,1,0,0,0,0,1,0,0,1,0,0,0,0,0,0,1,0,0,0,0,0,0,0,0,0,0,0,0,0,0,0,0,0,0,0,0,0,0,0,0,0,0,0
0.058823529411764705,0.1882234217319878,0.19823994029479464,0.25321611912790676,0.07269789983844911,0.3333333333333333,0.7415736032051672,0.23515752602475556,0.4864864864864865,0.4742268041237113,0.6262857807191844,0.5061706545058672,0.3333333333333333,0.0,0.5693775046584045,0.5981572186414756,0.0,0.4782608695652174,0.0661217543721637,0.061224489795918366,0.7685996281727074,0,0,1,1,0,0,0,0,0,0,1,0,0,0,1,0,0,1,0,0,0,0,0,0,0,0,0,0,1,0,0,0,0,0,0,0,0,0,0,0,0,0,0,0,0,0,0,0,0,0,0,0
0.0196078431372549,0.10091997183759681,0.3202935505939427,0.24139140220755234,0.04361873990306947,0.3333333333333333,0.5185201211090851,0.08560127516382315,0.20270270270270271,0.711340206185567,0.42467717819224193,0.24205140014100857,0.0,0.0,0.12172462615470035,0.6934730891547032,0.0,0.5217391304347826,0.1277416674451421,0.0967741935483871,0.5249530851670432,0,0,1,0,1,0,0,0,1,0,0,0,1,0,0,0,0,1,0,0,0,0,0,0,0,0,0,0,0,0,1,0,0,0,0,0,0,0,0,0,0,0,0,0,0,0,0,0,0,0,0,0
0.09803921568627451,0.10936869279511852,0.038870576528391106,0.10112579460058961,0.0630048465266559,0.0,0.3989068699519898,0.03837298541826555,0.24324324324324326,0.17525773195876287,0.15320109998859782,0.21451316452181507,0.3333333333333333,0.0,0.7297922828564903,0.0959252691321021,0.0,0.5652173913043478,0.018816569889882607,0.0,0.380846771473405,0,0,1,0,0,0,1,0,0,0,0,1,0,1,0,0,0,1,0,0,0,0,0,0,0,0,0,0,1,0,0,0,0,0,0,0,0,0,0,0,0,0,0,0,0,0,0,0,0,0,0,0
0.09803921568627451,0.09294062426660409,0.042757634181230214,0.08889332882091262,0.017770597738287562,0.3333333333333333,0.7673040827609948,0.4004565401342072,0.06756756756756757,1.0,0.1443930015818472,0.023452317440086756,0.0,0.0,0.3152863288049819,0.6214195968213279,0.0,0.6086956521739131,0.016819165900482984,0.2,0.8926478015246873,0,0,1,0,1,0,0,0,0,1,0,0,1,0,0,0,0,1,0,0,0,0,0,0,0,0,0,0,0,0,0,0,0,0,0,0,0,0,0,0,0,0,0,0,0,1,0,0,0,0,0,0
0.0196078431372549,0.05022764609246656,0.06063809938429012,0.06116640638697814,0.06462035541195477,0.3333333333333333,0.4730997837597356,0.1042958065214397,0.10810810810810811,0.211340206185567,0.4393620114112795,0.06933465949095441,0.0,0.0,0.6063164270168432,0.4495356298335388,0.0,0.6521739130434783,0.03945641111367872,0.06818181818181819,0.3705496443958529,1,1,1,1,0,0,0,0,0,1,0,0,0,0,1,0,0,1,0,0,0,0,0,0,0,0,0,0,0,0,0,0,0,0,0,0,0,0,0,0,0,0,0,1,0,0,0,0,0,0,0,0
0.058823529411764705,0.025350856606430414,0.06763480315940053,0.043225456576785226,0.022617124394184167,0.3333333333333333,0.620971081060805,0.1593954778912569,0.14864864864864866,0.8711340206185567,0.3234925235820816,0.4297385352207188,0.3333333333333333,0.0,0.3315833608123045,0.752992833236076,0.0,0.6956521739130435,0.014688601645123384,0.16666666666666666,0.3482211019872103,0,0,1,0,0,0,0,1,0,0,1,0,0,0,1,0,0,1,0,0,0,0,0,0,0,0,0,0,0,1,0,0,0,0,0,0,0,0,0,0,0,0,0,0,0,0,0,0,0,0,0,0
0.13725490196078433,0.08918563717437221,0.023322345917034665,0.07543761646326795,0.045234248788368334,0.0,0.5696891060085378,0.0885530432729205,0.05405405405405406,0.845360824742268,0.05894846902633551,0.16739302018082441,0.6666666666666666,0.5,0.3665084522416311,0.6945121532791924,0.0,0.7391304347826086,0.010643858566589148,0.0,0.13914927256856027,1,0,1,0,0,0,1,0,0,0,1,0,0,1,0,0,0,1,0,0,0,0,0,0,0,0,0,1,0,0,0,0,0,0,0,0,0,0,0,0,0,0,0,0,0,0,0,0,0,0,0,0
0.27450980392156865,0.04177892513494485,0.33895142732757044,0.1998010185566506,0.14378029079159935,0.3333333333333333,0.5696891060085378,0.4417812936615701,0.06756756756756757,0.17525773195876287,0.43567353471244,0.19873601842991973,0.0,0.5,0.3007718621079178,0.6469624327461514,0.0,0.782608695652174,0.013197206666371666,0.03225806451612904,0.6957463628428014,0,0,1,0,0,0,0,1,0,0,1,0,1,0,0,0,0,1,0,0,0,0,0,0,0,0,0,0,0,0,0,1,0,0,0,0,0,0,0,0,0,0,0,0,0,0,0,0,0,0,0,0
0.09803921568627451,0.44074630368458106,0.22078487468126148,0.48440972236380175,0.08077544426494346,0.0,0.7853983844936867,0.3187909557825138,0.20270270270270271,0.005154639175257732,0.6904957117305356,0.34492571394631116,0.0,0.0,0.6235778093941198,0.2162908275029663,0.0,0.8260869565217391,0.08140189489107082,0.0,0.6174617212994257,0,1,1,0,0,1,0,0,1,0,0,0,1,0,0,0,0,1,0,0,0,0,0,0,0,0,0,0,0,0,0,0,0,0,0,0,0,0,0,0,0,0,0,0,0,0,0,0,1,0,0,0
0.0392156862745098,0.29852616756629896,0.05597363020088319,0.2744190598126802,0.014539579967689823,0.0,0.4405627413968639,0.12692602869118605,0.24324324324324326,0.7371134020618557,0.0,0.2671897451666654,0.0,0.0,0.33899292821427374,0.756560126719175,0.0,0.8695652173913043,0.09551688308282816,0.0,0.8788534899678091,0,0,1,0,0,1,0,0,0,1,0,0,0,0,1,0,0,1,0,0,0,0,0,0,0,0,1,0,0,0,0,0,0,0,0,0,0,0,0,0,0,0,0,0,0,0,0,0,0,0,0,0
0.0392156862745098,0.13330673550809669,0.1679208906026496,0.18960729707358645,0.13570274636510501,0.0,0.5696891060085378,0.04624436704252515,0.10810810810810811,0.8711340206185567,0.11827627049471033,0.14914829068457597,0.0,0.0,0.6347385081902542,0.3423833482128722,0.0,0.9130434782608695,0.06781954776315338,0.0,0.19690143868188575,0,0,1,0,1,0,0,0,0,1,0,0,1,0,0,0,0,1,0,0,0,0,0,0,0,0,0,0,0,0,0,0,0,0,0,0,0,0,0,0,0,0,0,0,0,0,0,0,0,1,0,0
0.0784313725490196,0.09951185167800985,0.10417314509608816,0.12681397273791128,0.06462035541195477,0.3333333333333333,0.11789306018919389,0.11511895625479666,0.02702702702702703,0.7164948453608248,0.4597252701190324,0.17176890020673072,0.0,0.5,0.3445586680790696,0.5981572186414756,0.0,0.9565217391304348,0.027871467975160904,0.06818181818181819,0.7059389054087525,1,1,1,0,0,1,0,0,0,0,0,1,1,0,0,0,0,1,0,0,0,0,0,0,0,0,0,0,0,0,0,0,0,0,0,0,0,0,0,0,0,0,0,0,0,0,0,1,0,0,0,0
0.0392156862745098,0.05679887350387233,0.18346912121400602,0.1312992101904595,0.03877221324717286,0.0,0.4719121826627611,0.2538520573823721,0.08108108108108109,0.05154639175257732,0.24127666537032322,0.21070539916279382,0.0,0.5,0.4219639581797711,0.6793559260610773,0.0,1.0,0.04877762973087696,0.0,0.4554381426000973,0,0,1,0,0,0,1,0,0,0,1,0,0,1,0,0,0,1,0,0,0,0,0,0,0,0,0,0,0,0,0,0,0,0,0,0,0,0,0,0,0,0,0,0,1,0,0,0,0,0,0,0
0.0392156862745098,0.011269655010560901,0.01477081908078862,0.0032660683631737537,0.12439418416801293,0.0,0.549452456505045,0.1849774681701006,0.02702702702702703,0.6443298969072165,0.13904750006457323,0.12641915436983778,0.3333333333333333,0.5,0.47877400796429187,0.5591365645036521,0.0,0.0,0.006965306219444842,0.0,0.5910960234196481,0,0,1,0,0,0,1,0,0,0,0,1,0,1,0,0,0,0,1,0,0,0,0,0,0,0,0,0,0,0,0,1,0,0,0,0,0,0,0,0,0,0,0,0,0,0,0,0,0,0,0,0
0.0,0.04881952593287961,0.06763480315940053,0.06361289954291353,0.05654281098546042,0.0,0.5696891060085378,0.1731703957337112,0.10810810810810811,0.3917525773195876,0.45665273864726286,0.16764446073052247,0.0,0.0,0.5039372664386579,0.9256366127301182,0.0,0.043478260869565216,0.08260033728471058,0.0,0.1700950162222878,0,0,1,0,1,0,0,0,0,0,1,0,1,0,0,0,0,0,1,0,0,0,1,0,0,0,0,0,0,0,0,0,0,0,0,0,0,0,0,0,0,0,0,0,0,0,0,0,0,0,0,0
0.1568627450980392,0.07134944848627083,0.07540891846507874,0.08726233338362237,0.0210016155088853,0.0,0.3500834093644214,0.1889131589822304,0.12162162162162163,0.9175257731958762,0.1594129321189926,0.0823266511498727,0.0,0.0,0.27454939081379226,0.662648942349987,0.0,0.08695652173913043,0.010605020155684156,0.0,0.7079167535795656,0,0,1,0,0,0,1,0,0,0,1,0,0,1,0,0,0,0,1,0,0,0,0,0,0,0,0,0,0,0,0,0,0,0,1,0,0,0,0,0,0,0,0,0,0,0,0,0,0,0,0,0
0.0,0.08355315653602441,0.1648112444803783,0.14475492254810418,0.31017770597738287,0.0,0.7177763218164841,0.295176810909735,0.08108108108108109,0.8041237113402062,0.25058302100415286,0.2526002854647062,0.0,0.0,0.6209661109031411,0.808806812832985,0.0,0.13043478260869565,0.1620970160628156,0.0,0.5875428339279688,0,1,1,0,0,0,1,0,1,0,0,0,0,1,0,0,0,0,1,0,0,0,0,0,0,0,1,0,0,0,0,0,0,0,0,0,0,0,0,0,0,0,0,0,0,0,0,0,0,0,0,0
0.0196078431372549,0.11030743956817649,0.03809316499782328,0.10153354345991218,0.06462035541195477,0.0,0.7948972531033633,0.1515240962669973,0.12162162162162163,0.7989690721649485,0.3507874629433265,0.26145604227844405,0.0,0.0,0.4134693734409816,0.44648240219065166,0.0,0.17391304347826086,0.05923071060873499,0.0,0.4410927580475902,0,0,1,0,0,0,0,1,1,0,0,0,0,0,1,0,0,0,1,0,0,0,0,0,1,0,0,0,0,0,0,0,0,0,0,0,0,0,0,0,0,0,0,0,0,0,0,0,0,0,0,0
0.0392156862745098,0.1854071814128139,0.0007774115305678221,0.14720141570403958,0.05977382875605816,0.3333333333333333,0.43952062747085907,0.23023791250959333,0.14864864864864866,0.4072164948453608,0.11165769553715599,0.02409097410324489,0.0,0.0,0.5869402999615861,0.7055148921941128,0.0,0.21739130434782608,0.05397088010331599,0.07317073170731708,0.5607364114683707,0,1,1,0,1,0,0,0,1,0,0,0,0,1,0,0,0,0,1,0,0,0,0,0,0,0,0,0,0,0,0,0,0,0,0,0,0,0,1,0,0,0,0,0,0,0,0,0,0,0,0,0
0.29411764705882354,0.026289603379488383,0.0209901113253312,0.019576022736076396,0.045234248788368334,0.0,0.5090535704378536,0.05903536218194701,0.12162162162162163,0.31958762886597936,0.18702845372676416,0.5564038986977434,0.0,0.0,0.46775318379628084,0.2765190496223586,0.0,0.2608695652173913,0.001256059816410917,0.0,0.30924428879084803,1,0,1,0,0,0,0,1,0,1,0,0,0,0,1,0,0,0,1,0,0,0,0,0,0,0,0,0,0,0,1,0,0,0,0,0,0,0,0,0,0,0,0,0,0,0,0,0,0,0,0,0
0.0196078431372549,0.026758976766017364,0.07463150693451093,0.04811844288865602,0.1777059773828756,0.0,0.6119949955153933,1.0,0.02702702702702703,0.8247422680412371,0.11614023641034224,0.2022265399410257,0.0,0.0,0.5959949797449283,0.18970207619865392,0.0,0.30434782608695654,0.03306471834759993,0.0,0.3482211019872103,0,0,1,0,0,1,0,0,0,0,1,0,0,1,0,0,0,0,1,0,0,0,0,0,0,0,0,0,0,0,0,0,0,0,0,0,0,1,0,0,0,0,0,0,0,0,0,0,0,0,0,0
0.0,0.33748415864820464,0.08629267989302826,0.32416442065003326,0.04038772213247173,0.3333333333333333,0.28765303974809964,0.12200641517602381,0.08108108108108109,0.1134020618556701,0.09470879179386335,0.2354018630665333,0.0,0.0,0.3836789161852888,0.6448860512412982,0.0,0.34782608695652173,0.3378685671299825,0.10344827586206896,0.3596956515923554,0,1,1,0,0,0,1,0,0,0,1,0,0,0,1,0,0,0,1,0,0,0,0,0,0,0,0,0,0,0,0,0,0,0,0,0,1,0,0,0,0,0,0,0,0,0,0,0,0,0,0,0
0.0196078431372549,0.15630603144801689,0.5395236022140686,0.40449094593657875,0.012924071082390954,0.3333333333333333,0.49275183071882517,0.18792923627919797,0.14864864864864866,0.0979381443298969,0.26849608359028315,0.08293511822161864,0.0,0.0,0.3031915963058887,0.5617430484864852,0.0,0.391304347826087,0.207637827021127,0.25,0.13914927256856027,0,0,1,0,1,0,0,0,1,0,0,0,0,1,0,0,0,0,1,0,0,0,1,0,0,0,0,0,0,0,0,0,0,0,0,0,0,0,0,0,0,0,0,0,0,0,0,0,0,0,0,0
0.21568627450980393,0.03896268481577095,0.15703712917470006,0.10194129231923474,0.033925686591276254,0.3333333333333333,0.8386953877010765,0.25286813467933966,0.35135135135135137,0.061855670103092786,0.3301738194253949,0.4666531662076854,0.3333333333333333,0.0,0.5620353973219282,0.5441507511001534,0.0,0.43478260869565216,0.00882954994288449,0.12000000000000001,0.5980191220754025,0,0,1,0,0,1,0,0,1,0,0,0,0,0,1,0,0,0,1,0,0,0,0,0,0,0,0,0,0,0,0,0,0,0,0,0,0,0,0,0,0,0,0,0,0,0,0,0,0,1,0,0
0.0,0.05539075334428538,0.08862491448473173,0.08033060277513875,0.20193861066235863,0.3333333333333333,0.6881342868871722,0.1082314973335695,0.08108108108108109,0.5103092783505154,0.5714466818303188,0.2717547888825192,0.0,0.0,0.3661471061576795,0.47913035986227737,0.0,0.4782608695652174,0.0989790499977875,0.023255813953488372,0.6591453166105256,0,0,1,0,0,1,0,0,0,0,1,0,0,1,0,0,0,0,1,0,0,0,0,0,0,0,0,0,0,0,0,1,0,0,0,0,0,0,0,0,0,0,0,0,0,0,0,0,0,0,0,0
0.0,0.05586012673081436,0.07774115305678221,0.07502986760394538,0.13247172859450726,1.0,0.5523706014595412,0.15841155518822447,0.16216216216216217,0.07216494845360824,0.22578330711224384,0.3158145961200985,0.0,0.0,0.7816143631155404,0.3030364422427722,0.0,0.5217391304347826,0.09378579962534848,0.10465116279069768,0.32309460536007956,0,0,1,0,1,0,0,0,0,0,1,0,0,1,0,0,0,0,1,0,0,0,0,0,0,0,0,0,0,0,0,0,0,0,0,0,0,0,0,0,0,0,0,0,0,1,0,0,0,0,0,0
0.5490196078431373,0.06571696784792302,0.28297779712668725,0.1912382925108767,0.051696284329563816,0.0,0.6062886532697336,0.15644370978215957,0.20270270270270271,0.5824742268041238,0.10440391152681355,0.15962027909178259,0.0,0.0,0.4856026573425767,0.5981572186414756,0.0,0.5652173913043478,0.005913799291691936,0.0,0.5096989169644132,1,1,1,0,0,1,0,0,0,0,1,0,1,0,0,0,0,0,1,0,0,0,0,0,0,0,0,0,0,0,0,0,0,0,0,0,0,0,0,0,0,0,0,0,0,0,0,1,0,0,0,0
0.0784313725490196,0.11077681295470547,0.03964798805895893,0.10275679003787988,0.210016155088853,0.6666666666666666,0.6997743206983567,0.06395497569710926,0.08108108108108109,0.16494845360824742,0.3420475456226777,0.40368910575826733,0.0,0.0,0.17891802621599126,0.4644519682667393,0.0,0.6086956521739131,0.02315759456017779,0.04477611940298508,0.39998028677882225,0,0,1,0,0,0,0,1,0,0,1,0,1,0,0,0,0,0,1,0,0,0,0,0,0,0,0,0,0,0,0,0,0,0,0,0,0,0,0,0,0,0,0,0,0,0,1,0,0,0,0,0
0.0,1.0,0.06841221468996835,0.9998042805475253,0.12439418416801293,0.6666666666666666,0.738042147583731,0.22827006710352843,0.25675675675675674,0.8917525773195877,0.044656152059765634,0.15689230004738597,0.3333333333333333,0.0,0.34662787679864543,0.8134448951388755,0.0,0.6521739130434783,0.9998082492170178,0.07407407407407407,0.5043452672833115,0,0,1,0,0,0,0,1,0,0,0,1,0,1,0,0,0,0,1,0,0,0,0,0,0,0,0,0,0,0,0,0,0,0,0,0,0,0,0,0,0,0,0,1,0,0,0,0,0,0,0,0
0.0392156862745098,0.07932879605726355,0.0209901113253312,0.06565164383952636,0.051696284329563816,0.0,0.47250717001740966,0.02263022216974635,0.25675675675675674,0.4329896907216495,0.7131053155695984,0.7150875583045968,0.0,0.0,0.2585691848317295,0.9370471740574564,0.0,0.6956521739130435,0.027338826911321005,0.0,0.33605071125044605,0,1,1,0,0,0,0,1,1,0,0,0,0,0,1,0,0,0,1,0,0,0,0,0,0,0,0,0,0,0,0,0,0,0,0,0,0,0,0,0,0,0,0,0,0,1,0,0,0,0,0,0
0.0392156862745098,0.13800046937338653,0.40192176130356405,0.3164171923229045,0.05654281098546042,0.3333333333333333,0.5696891060085378,0.6326622980498654,0.2972972972972973,0.09278350515463918,0.22283746733373752,0.04738786318641896,0.3333333333333333,1.0,0.6995074660316006,0.7204521700094032,0.0,0.7391304347826086,0.10923239047670558,0.07692307692307693,0.29436711593934617,0,0,1,0,0,0,1,0,0,0,0,1,0,0,1,0,0,0,1,0,0,0,0,0,0,0,0,0,0,0,0,0,0,0,0,0,0,0,0,0,0,0,0,0,0,0,0,0,1,0,0,0
0.09803921568627451,0.004698427599155128,0.126718079482555,0.05627342007510734,0.08723747980613894,0.3333333333333333,0.5696891060085378,0.30403211523702706,0.14864864864864866,0.6958762886597938,0.0422540017653548,0.15601772116470025,0.0,0.0,0.6358042434407724,0.6917270329742197,0.0,0.782608695652174,0.011492755262083989,0.05172413793103448,0.6323388941509277,0,0,1,0,0,1,0,0,0,0,0,1,0,1,0,0,0,0,1,0,0,0,0,0,0,0,1,0,0,0,0,0,0,0,0,0,0,0,0,0,0,0,0,0,0,0,0,0,0,0,0,0
0.2549019607843137,0.034738324337010094,0.03420610734498417,0.03384723281236621,0.029079159935379646,0.3333333333333333,0.7190281050918668,0.26861089792785886,0.6216216216216216,0.3402061855670103,0.17416581428515102,0.04179723694070998,0.3333333333333333,0.0,0.45821721319394426,0.8185475248649575,0.0,0.8260869565217391,0.0026185746806085177,0.13636363636363638,0.4335163885079065,0,0,1,0,0,0,1,0,0,0,1,0,0,1,0,0,0,0,1,0,0,0,0,0,0,0,0,0,0,0,0,0,1,0,0,0,0,0,0,0,0,0,0,0,0,0,0,0,0,0,0,0
0.058823529411764705,0.2628537901900962,0.069967037751104,0.2507696259719714,0.06462035541195477,0.3333333333333333,0.41524759763109664,0.01869453135761655,0.05405405405405406,0.26288659793814434,0.19880323650834575,0.33777169957533765,0.0,0.0,0.5329296849123856,0.8491959591913325,0.0,0.8695652173913043,0.0655225331753438,0.06818181818181819,0.8080892129517637,0,1,1,0,0,1,0,0,0,1,0,0,1,0,0,0,0,0,1,0,0,0,0,0,0,0,0,0,0,0,0,0,0,0,0,0,0,0,0,0,0,0,0,0,0,0,0,0,1,0,0,0
0.0196078431372549,0.10232809199718376,0.14459854468561492,0.15046340657862012,0.08562197092084006,0.0,0.37982545544335805,0.07379420272743376,0.5135135135135135,0.6597938144329897,0.31731122035774095,0.2682842121140916,0.0,0.0,0.45254943756870414,0.8712445734965129,0.0,0.9130434782608695,0.08319955848153048,0.0,0.4554381426000973,0,1,1,0,0,1,0,0,0,0,1,0,0,1,0,0,0,0,1,0,0,0,0,1,0,0,0,0,0,0,0,0,0,0,0,0,0,0,0,0,0,0,0,0,0,0,0,0,0,0,0,0
0.09803921568627451,0.0,0.059860687853722304,0.012236543268270207,0.011308562197092083,0.0,0.5184294838672332,0.4811382017828681,0.1891891891891892,0.9587628865979382,0.39585362869241325,0.21911620662290615,0.0,0.0,0.6542870688872119,0.7832317785534781,0.0,0.9565217391304348,0.004302100900245343,0.0,0.2782985451371206,0,0,1,0,1,0,0,0,0,0,0,1,0,0,1,0,0,0,1,0,0,0,0,0,0,1,0,0,0,0,0,0,0,0,0,0,0,0,0,0,0,0,0,0,0,0,0,0,0,0,0,0
0.0,0.13987796291950247,0.042757634181230214,0.12966821475316923,0.05492730210016155,0.3333333333333333,0.5958362493868149,1.0,0.2972972972972973,0.9845360824742269,0.4342679445639125,0.3458578781966856,0.0,0.5,0.5818187548816899,0.9020085389796013,0.0,1.0,0.1473162265412584,0.07894736842105263,0.6641023577356036,0,0,1,1,0,0,0,0,0,0,1,0,0,1,0,0,0,0,1,0,0,0,0,0,0,0,0,0,0,0,0,0,0,0,1,0,0,0,0,0,0,0,0,0,0,0,0,0,0,0,0,0
0.0,0.5684158648204647,0.03653834193668764,0.49868093244009154,0.050080775444264945,0.3333333333333333,0.2303013111641885,0.41521538067969394,0.08108108108108109,0.4329896907216495,0.23678143861221584,0.28169208548822916,0.0,0.0,0.6201507300220962,0.6107313921014748,0.0,0.0,0.5088463486225903,0.08571428571428572,0.5565970902742413,1,0,0,0,0,0,1,0,0,0,1,0,1,0,0,0,1,0,0,0,0,0,0,1,0,0,0,0,0,0,0,0,0,0,0,0,0,0,0,0,0,0,0,0,0,0,0,0,0,0,0,0
0.0,0.0014128138934522412,0.11894396417687678,0.04934168946662372,0.1567043618739903,0.3333333333333333,0.6825467886859558,0.36700316823110385,0.20270270270270271,0.8505154639175257,0.17832397127675692,0.25263350289338815,0.0,0.5,0.430384348767519,0.34608722900370137,0.0,0.043478260869565216,0.06861850935891323,0.029702970297029705,0.44839356135940844,0,0,0,0,0,0,0,1,0,1,0,0,0,1,0,0,1,0,0,0,0,0,0,0,0,0,1,0,0,0,0,0,0,0,0,0,0,0,0,0,0,0,0,0,0,0,0,0,0,0,0,0
0.0,0.36423844168035674,0.052863984078611904,0.3298729046805492,0.009693053311793215,0.3333333333333333,0.5696891060085378,0.24499675305508006,0.3108108108108108,0.20618556701030927,0.11345244183497981,0.38672888952681694,0.0,0.0,0.3368197912705067,0.455033404207431,0.0,0.08695652173913043,0.3434612983003014,0.30000000000000004,0.6591453166105256,0,0,0,0,1,0,0,0,1,0,0,0,0,0,1,0,1,0,0,0,0,0,0,0,0,0,0,0,0,0,0,0,0,0,0,0,0,0,0,0,0,0,0,0,0,0,0,0,0,0,0,1
0.0,0.0,0.04664469183406933,0.00775130581572198,0.045234248788368334,0.3333333333333333,0.6988888421435782,0.0688745892122715,0.04054054054054054,0.8505154639175257,0.3639726656879774,0.048740563767911575,0.0,0.0,0.612721844269179,0.8206471180631697,0.0,0.13043478260869565,0.027871467975160904,0.09375,0.33605071125044605,0,0,0,0,1,0,0,0,0,0,1,0,0,0,1,0,1,0,0,0,0,0,0,0,0,0,0,0,0,0,0,0,0,0,0,0,0,1,0,0,0,0,0,0,0,0,0,0,0,0,0,0
0.0,0.18916216850504575,0.01477081908078862,0.15780288604642628,0.0420032310177706,0.6666666666666666,0.44860013595956,0.35618001849774694,0.0945945945945946,0.9432989690721649,0.2527358990102141,0.4182648928192482,0.0,0.5,0.8013084553150932,0.595421955859285,0.0,0.17391304347826086,0.1748804015949732,0.2,0.42564283169636397,0,0,0,0,0,0,0,1,0,0,1,0,0,0,1,0,1,0,0,0,0,0,0,0,0,0,0,0,0,0,0,0,0,0,0,0,0,0,0,0,0,0,0,0,0,0,0,1,0,0,0,0
0.058823529411764705,0.06290072752874912,0.0878475029541639,0.08644683566497723,0.14862681744749595,0.0,0.42495049123791706,0.0511639805576874,0.013513513513513514,0.5154639175257731,0.24822886028224836,0.2103227842124833,0.0,0.0,0.7065488784606961,0.7726987277783122,0.0,0.21739130434782608,0.02527484278894139,0.0,0.41744781770568096,0,0,0,0,0,0,1,0,0,0,0,1,0,1,0,0,1,0,0,0,0,0,0,0,0,0,0,0,0,0,0,0,0,0,0,0,0,0,0,0,0,0,0,0,0,0,0,0,0,1,0,0
0.0,0.0,0.06530256856769706,0.019168273876753832,0.0630048465266559,0.6666666666666666,0.6436123375187912,0.04427652163646025,0.08108108108108109,0.520618556701031,0.15724723545856592,0.396713182991666,0.0,0.0,0.8077597500593905,0.045675156534096484,0.0,0.2608695652173913,0.039056930315798793,0.13953488372093023,0.22054637902379515,0,0,0,0,1,0,0,0,1,0,0,0,0,1,0,0,1,0,0,0,0,0,0,0,0,0,0,0,0,0,0,0,0,0,0,0,0,0,0,0,0,0,0,0,0,0,0,0,0,0,1,0
0.0,0.10749119924900258,0.05519621867031537,0.10805752520907323,0.2972536348949919,0.0,0.5530595198714883,0.0413247535273629,0.05405405405405406,0.5670103092783505,0.6727936710334892,0.4674534036531586,0.3333333333333333,0.0,0.505684283945405,0.8452345508056538,0.0,0.30434782608695654,0.12614374425362238,0.0,0.39998028677882225,1,0,0,0,1,0,0,0,0,0,1,0,0,1,0,0,1,0,0,0,0,0,0,0,0,0,0,0,0,0,0,0,0,0,0,0,0,0,0,0,0,0,1,0,0,0,0,0,0,0,0,0
0.0,0.240793241023234,0.10106349897381688,0.2479153839567134,0.1147011308562197,0.0,0.6722253324183546,0.3502764822795522,0.08108108108108109,0.07216494845360824,0.42380005035277785,0.2441039441092533,0.0,0.0,0.26480665021073807,0.5012556650029129,0.0,0.34782608695652173,0.26316565792643654,0.0,0.685008511185429,0,1,0,0,1,0,0,0,0,0,0,1,0,0,1,0,1,0,0,0,0,0,0,0,0,0,0,0,0,0,0,0,0,0,0,0,0,0,0,0,0,0,0,1,0,0,0,0,0,0,0,0
0.0196078431372549,0.09763435813189392,0.1896884134585486,0.17003535182610327,0.045234248788368334,0.0,0.7039339210243776,0.1495562508609324,0.918918918918919,0.8608247422680413,0.2075032764823719,0.08601751172952844,0.0,0.0,0.2837028054084051,0.8217518244983955,0.0,0.391304347826087,0.09278709763064867,0.0,0.4873703745557706,0,1,0,0,0,0,0,1,1,0,0,0,0,0,1,0,1,0,0,0,0,0,0,0,0,0,0,0,0,1,0,0,0,0,0,0,0,0,0,0,0,0,0,0,0,0,0,0,0,0,0,0
0.0196078431372549,0.12626613471016193,0.1795820635611669,0.18960729707358645,0.08077544426494346,0.0,0.8018829549036696,0.1712025503276463,0.3918918918918919,0.7371134020618557,0.5125177171074601,0.07247628070419858,0.0,0.0,0.7647582487337367,0.5068815405881989,0.0,0.43478260869565216,0.10237463677976687,0.0,0.22054637902379515,0,0,0,0,1,0,0,0,1,0,0,0,1,0,0,0,1,0,0,0,0,0,0,0,0,0,0,0,0,0,0,0,0,0,0,0,0,0,0,0,0,0,0,0,0,0,0,1,0,0,0,0
0.19607843137254902,0.03802393804271298,0.1515952484607253,0.09827155258533164,0.046849757673667204,0.0,0.3574649091984641,0.1554597870791271,0.02702702702702703,0.8711340206185567,0.2370089433838058,0.06124483535488659,0.0,0.5,0.075012448339605,0.3246521387208191,0.0,0.4782608695652174,0.00942271840034256,0.0,0.1700950162222878,0,0,0,0,0,0,0,1,1,0,0,0,1,0,0,0,1,0,0,0,0,0,0,0,0,0,0,0,0,0,0,0,0,0,0,0,0,1,0,0,0,0,0,0,0,0,0,0,0,0,0,0
0.0196078431372549,0.0028209340530391926,0.06063809938429012,0.019983771595398964,0.13570274636510501,0.0,0.5696891060085378,0.05018005785465495,0.16216216216216217,0.1134020618556701,0.37954750086983,0.4421474588718081,0.0,0.0,0.7913961493909297,0.48445095974259805,0.0,0.5217391304347826,0.019282630820742518,0.0,0.7438606798618409,0,0,0,0,0,0,0,1,1,0,0,0,1,0,0,0,1,0,0,0,0,0,0,0,0,0,0,0,1,0,0,0,0,0,0,0,0,0,0,0,0,0,0,0,0,0,0,0,0,0,0,0
0.09803921568627451,0.14269420323867638,0.04042539958952675,0.13089146133113694,0.017770597738287562,0.3333333333333333,0.5110616209713296,0.08363342975775825,0.1891891891891892,0.8041237113402062,0.11064864579188886,0.34517674664287784,0.0,0.0,0.30360938293094175,0.49860888656577734,0.0,0.5652173913043478,0.02367691959742169,0.2,0.42564283169636397,0,0,0,0,0,0,0,1,0,0,1,0,0,1,0,0,1,0,0,0,0,0,0,0,0,0,0,0,0,0,0,0,0,0,0,0,0,0,0,0,1,0,0,0,0,0,0,0,0,0,0,0
0.0392156862745098,0.47125557380896504,0.02176752285589902,0.40652969023319163,0.030694668820678513,0.3333333333333333,0.5639837966821923,0.08756912056988805,0.08108108108108109,0.36082474226804123,0.27132743666572945,0.138687575568902,0.3333333333333333,0.0,0.8804750770752577,0.5312351047262096,0.0,0.6086956521739131,0.13866080925386,0.13043478260869565,0.33605071125044605,0,0,0,0,0,0,1,0,0,0,0,1,1,0,0,0,1,0,0,0,0,0,0,0,1,0,0,0,0,0,0,0,0,0,0,0,0,0,0,0,0,0,0,0,0,0,0,0,0,0,0,0
0.0392156862745098,0.23516076038488617,0.03964798805895893,0.2108102377583599,0.09693053311793215,0.0,0.7564259731134235,0.0334533719031033,0.12162162162162163,0.8195876288659794,1.0,0.20762213422694137,0.6666666666666666,0.0,0.4561833075750002,0.4552876505300452,0.0,0.6521739130434783,0.07474388159307208,0.0,0.39998028677882225,0,1,0,0,0,0,0,1,0,0,1,0,1,0,0,0,1,0,0,0,0,0,0,0,0,0,0,0,0,0,0,0,0,0,0,0,0,0,0,0,0,0,0,0,0,1,0,0,0,0,0,0
0.0,0.0014128138934522412,0.08240562224018914,0.03017749307846311,0.18578352180936994,0.3333333333333333,0.778150569563597,0.098392270303245,0.12162162162162163,0.9948453608247423,0.132690534944345,0.14022483848768613,0.0,0.0,0.6249586348513678,0.8577418648943779,0.0,0.6956521739130435,0.049842911858556764,0.025210084033613446,0.19690143868188575,0,0,0,0,0,0,1,0,0,0,0,1,1,0,0,0,1,0,0,0,0,0,0,0,0,0,0,0,0,0,0,0,0,0,0,0,0,0,0,1,0,0,0,0,0,0,0,0,0,0,0,0
0.0392156862745098,0.007045294531800047,0.031096461222712885,0.008159054675044547,0.004846526655896607,0.0,0.8631405466906624,0.05214790326071985,0.02702702702702703,0.8814432989690721,0.09284108824835233,0.2070360389535933,0.0,0.0,0.9787086944218607,0.6810436202210031,0.0,0.7391304347826086,0.00856322941096454,0.0,0.6998856840369311,1,1,0,0,0,0,1,0,0,0,1,0,0,0,1,0,1,0,0,0,0,0,0,0,0,0,0,0,0,0,0,0,0,0,0,0,0,0,0,0,0,0,0,0,0,0,0,0,0,1,0,0
0.0,0.02112649612766956,0.09017973754586736,0.05138043376323655,0.210016155088853,0.0,0.668738166583531,0.255819902788437,0.04054054054054054,0.9175257731958762,0.28736086677208633,0.44586491177645066,0.0,0.0,0.4009557796627304,0.5415385689834108,0.0,0.782608695652174,0.07061591334831285,0.0,0.380846771473405,0,0,0,0,0,1,0,0,1,0,0,0,1,0,0,0,1,0,0,0,0,0,0,0,0,0,0,0,0,0,0,0,0,0,0,0,1,0,0,0,0,0,0,0,0,0,0,0,0,0,0,0
0.0392156862745098,0.005637174372213095,0.024877168978170307,0.0036738172224963198,0.05654281098546042,0.0,0.5617094163165237,0.2735305114430211,0.12162162162162163,0.1134020618556701,0.2433655131315674,0.1858237437585786,0.0,0.0,0.397384134229021,0.2703155550138116,0.0,0.8260869565217391,0.0070984664854048165,0.0,0.6893728127521791,0,1,0,0,0,0,1,0,0,1,0,0,0,0,1,0,1,0,0,0,0,0,0,0,0,0,0,0,0,0,0,0,0,0,0,0,0,0,0,0,0,0,0,0,0,0,0,0,0,0,0,1
0.0196078431372549,0.06665571462098098,0.008551526836246043,0.04811844288865602,0.008077544426494346,0.3333333333333333,0.5331617950984767,0.04034083082433045,0.10810810810810811,0.32989690721649484,0.10445614672608786,0.185428993430857,0.0,0.0,0.3233548779499403,0.5388927374397141,0.0,0.8695652173913043,0.03306471834759993,0.3333333333333333,0.4554381426000973,0,1,0,0,0,0,0,1,0,0,0,1,0,0,1,0,1,0,0,0,0,0,0,0,1,0,0,0,0,0,0,0,0,0,0,0,0,0,0,0,0,0,0,0,0,0,0,0,0,0,0,0
0.0,0.10091997183759681,0.20523664406990505,0.18104457102781257,0.0,0.3333333333333333,0.23704284744951276,0.12003856976995891,0.05405405405405406,0.29381443298969073,0.21925378440582383,0.02854227273965029,0.0,0.0,0.25804174814618036,0.2519468704765147,0.0,0.9130434782608695,0.1976508070741289,0.75,0.7019237722578521,0,0,0,0,0,0,0,1,0,0,0,1,1,0,0,0,1,0,0,0,0,0,0,0,0,0,0,0,0,0,0,0,0,0,0,0,0,0,0,0,0,0,0,0,0,0,0,0,0,0,1,0
0.11764705882352941,0.007984041304858013,0.045867280303501505,0.016721780720818435,0.014539579967689823,0.0,0.8514089819565678,0.6828423559045204,0.05405405405405406,0.5154639175257731,0.11209076734926439,0.36441643139931107,0.0,0.0,0.4010246113540861,0.20229939852433979,0.0,0.9565217391304348,0.004130894844011089,0.0,0.44839356135940844,1,1,0,1,0,0,0,0,1,0,0,0,0,1,0,0,1,0,0,0,0,0,0,0,0,0,0,0,0,0,0,0,0,0,0,1,0,0,0,0,0,0,0,0,0,0,0,0,0,0,0,0
0.058823529411764705,0.15724477822107485,0.02876422663100942,0.137415443080298,0.06462035541195477,0.3333333333333333,0.5193697464162916,0.05903536218194701,0.0945945945945946,0.979381443298969,0.1495525219574812,0.27586944966577104,0.0,0.0,0.35314444037570863,0.9110342481975103,0.0,1.0,0.03775861772268904,0.06818181818181819,0.5980191220754025,0,1,0,0,0,0,0,1,0,0,1,0,0,0,1,0,1,0,0,0,0,0,0,0,0,0,0,0,0,0,0,0,0,0,0,0,0,0,0,0,0,0,0,0,0,0,0,0,0,0,1,0
0.0196078431372549,0.12861300164280684,0.0209901113253312,0.1084652740683958,0.061389337641357025,0.0,0.6847856357413076,0.22630222169746353,0.20270270270270271,0.6855670103092784,0.08790556851828951,0.19084929718041807,0.0,0.0,0.20517024395525232,0.6327655099022506,0.0,0.0,0.06262629739071435,0.0,0.5726656610764669,1,0,0,0,1,0,0,0,1,0,0,0,0,1,0,0,0,0,0,0,1,0,0,0,0,0,0,0,0,0,0,0,0,0,1,0,0,0,0,0,0,0,0,0,0,0,0,0,0,0,0,0
0.0392156862745098,0.031922084017836194,0.13138254866596194,0.08236934707175157,0.11308562197092084,0.3333333333333333,0.7193755833474975,0.17218647303067877,0.0945945945945946,0.5463917525773195,0.4208747935321998,0.48550400502852326,0.0,0.0,0.4264190708803286,0.49233189078095363,0.0,0.043478260869565216,0.032798397815679975,0.04054054054054054,0.5565970902742413,0,0,0,0,0,1,0,0,0,0,1,0,1,0,0,0,0,0,0,0,1,0,0,0,0,0,0,0,0,0,0,1,0,0,0,0,0,0,0,0,0,0,0,0,0,0,0,0,0,0,0,0
0.0392156862745098,0.051166392865524525,0.3824864730393685,0.23078993186516564,0.03877221324717286,0.6666666666666666,0.5696891060085378,0.38372985418265554,0.36486486486486486,0.8041237113402062,0.21827379584199452,0.33297376324768696,0.0,0.0,0.5669142057607449,0.7904852910794962,0.5,0.08695652173913043,0.08126873462511083,0.21428571428571427,0.5096989169644132,0,0,0,0,0,1,0,0,0,0,1,0,1,0,0,0,0,0,0,0,1,0,0,0,0,0,0,0,0,0,0,0,0,0,0,0,0,1,0,0,0,0,0,0,0,0,0,0,0,0,0,0
0.0,0.001882187279981225,0.049754337956340614,0.013459789846237906,0.022617124394184167,0.0,0.3991841988682309,0.2026880768246847,0.05405405405405406,0.17525773195876287,0.06110549710183858,0.1214726228803086,0.0,0.5,0.28057098270959274,0.5981572186414756,0.0,0.13043478260869565,0.03346419914547985,0.0,0.39998028677882225,0,0,0,0,1,0,0,0,1,0,0,0,0,1,0,0,0,0,0,0,1,0,0,0,0,0,0,0,0,0,0,0,0,0,0,0,0,0,0,0,0,0,0,0,0,1,0,0,0,0,0,0
0.0392156862745098,0.04177892513494485,0.06219292244542577,0.05464242463781708,0.045234248788368334,0.0,0.8928300949041515,0.1062636519275046,0.12162162162162163,0.6597938144329897,0.5261685848985522,0.1600618946193738,0.0,0.0,0.4366394173938984,0.3142957440185211,0.0,0.17391304347826086,0.023743499730401678,0.0,0.7893138600348004,0,0,0,0,0,0,1,0,0,0,0,1,1,0,0,0,0,0,0,0,1,0,1,0,0,0,0,0,0,0,0,0,0,0,0,0,0,0,0,0,0,0,0,0,0,0,0,0,0,0,0,0
0.0196078431372549,0.06383947430180709,0.27287144722930556,0.18430656190239308,0.06623586429725363,0.0,0.6417306008957897,0.16628293681248407,0.08108108108108109,0.5051546391752577,0.22906227185241462,0.20826861201873031,0.3333333333333333,0.0,0.7704895369216447,0.7895178577280235,0.0,0.21739130434782608,0.09977801159354735,0.0,0.2782985451371206,0,0,0,0,1,0,0,0,1,0,0,0,0,0,1,0,0,0,0,0,1,0,0,0,0,0,0,0,0,0,0,0,0,0,0,0,0,0,0,0,0,0,0,0,0,1,0,0,0,0,0,0
0.0,0.07745130251114761,0.0069967037751103986,0.056681168934429906,0.0791599353796446,0.0,0.4676770482129738,0.1692347049215814,0.16216216216216217,0.20103092783505155,0.09400888656492982,0.037789723805683996,0.3333333333333333,0.0,0.1691512184252825,0.26402927720601604,0.0,0.2608695652173913,0.07580916372075187,0.0,0.44839356135940844,0,0,0,0,0,0,1,0,0,0,1,0,1,0,0,0,0,0,0,0,1,0,0,0,0,0,0,0,0,0,0,0,0,0,0,0,0,0,0,0,0,0,0,0,0,0,1,0,0,0,0,0
0.0,0.09951185167800985,0.738540954039431,0.4595370419451252,0.030694668820678513,0.0,0.558446197307481,0.14463663734577015,0.05405405405405406,0.6443298969072165,0.4134880593234185,0.24706731415797648,0.3333333333333333,0.0,0.8822363602540636,0.38547339409567233,0.0,0.30434782608695654,0.4704961920261175,0.0,0.44839356135940844,0,0,0,0,1,0,0,0,0,0,0,1,0,0,1,0,0,0,0,0,1,0,0,0,0,0,0,0,0,1,0,0,0,0,0,0,0,0,0,0,0,0,0,0,0,0,0,0,0,0,0,0
0.0196078431372549,0.08496127669561135,1.0,0.7164188233183418,0.14054927302100162,0.0,0.8007532081465197,0.03837298541826555,0.44594594594594594,0.8402061855670103,0.7305310284160411,0.4388659687804829,0.3333333333333333,0.0,0.32778413338094464,0.440382663728105,0.0,0.34782608695652173,0.3604392322101982,0.0,0.5149134949631412,0,0,0,0,0,0,0,1,0,0,1,0,0,1,0,0,0,0,0,0,1,0,0,0,1,0,0,0,0,0,0,0,0,0,0,0,0,0,0,0,0,0,0,0,0,0,0,0,0,0,0,0
0.0784313725490196,0.045533912227176725,0.0,0.024876757907269755,0.03715670436187399,0.3333333333333333,0.7703950051219579,0.43095814392821313,0.013513513513513514,0.8298969072164949,0.2504886949809294,0.05562831363483279,0.0,1.0,0.5139557206941663,0.6450560741623286,0.0,0.391304347826087,0.007897428081164667,0.1111111111111111,0.3705496443958529,0,0,0,0,0,0,1,0,1,0,0,0,1,0,0,0,0,0,0,0,1,0,0,0,0,0,0,0,0,0,0,0,0,0,1,0,0,0,0,0,0,0,0,0,0,0,0,0,0,0,0,0
0.0,0.08918563717437221,0.07152186081223963,0.10071804574126704,0.029079159935379646,0.6666666666666666,0.2907310160434713,0.37585847255839594,0.3783783783783784,0.845360824742268,0.3988054912629198,0.4057397790125116,0.0,0.5,0.7433932016442273,0.5640448252597877,0.0,0.43478260869565216,0.11895308989178374,0.27272727272727276,0.44839356135940844,1,0,0,0,0,0,1,0,0,1,0,0,0,0,1,0,0,0,0,0,1,0,0,0,0,0,0,0,0,0,0,0,0,0,0,0,1,0,0,0,0,0,0,0,0,0,0,0,0,0,0,0
0.45098039215686275,0.20324337010091528,0.03342869581441635,0.17982132444984486,0.03877221324717286,0.0,0.9102677859020731,0.0550996713698172,0.10810810810810811,0.8144329896907216,0.36114519705410586,0.3008331017908032,0.0,0.0,0.8083303355862455,0.5981572186414756,0.0,0.4782608695652174,0.006948661186199845,0.0,0.41744781770568096,0,0,0,0,0,0,0,1,0,0,1,0,0,0,1,0,0,0,0,0,1,0,0,0,0,0,0,0,0,0,0,0,0,0,0,0,0,0,0,0,1,0,0,0,0,0,0,0,0,0,0,0
0.09803921568627451,0.05632950011734335,0.05908327632315448,0.06565164383952636,0.1631663974151858,0.0,0.7767562082929176,0.12003856976995891,0.16216216216216217,0.4690721649484536,0.30951366477502523,0.24030483766577956,0.0,0.0,0.5711771713420241,0.818331013179433,0.0,0.5217391304347826,0.013024098320623699,0.0,0.1700950162222878,0,0,0,0,0,1,0,0,0,0,1,0,0,0,1,0,0,0,0,0,1,0,0,0,0,0,1,0,0,0,0,0,0,0,0,0,0,0,0,0,0,0,0,0,0,0,0,0,0,0,0,0
0.1568627450980392,0.0924712508800751,0.048976926425772796,0.09174757083617059,0.05815831987075929,0.0,0.5532250697493766,0.12889387409725095,0.28378378378378377,0.04639175257731959,0.31506065859937776,0.18724251800457906,0.0,0.0,0.32342588036413095,0.5981572186414756,0.0,0.5652173913043478,0.011093274464204064,0.0,0.44839356135940844,1,0,0,0,0,0,1,0,0,1,0,0,1,0,0,0,0,0,0,0,1,0,0,0,0,0,0,0,0,0,0,0,0,0,0,0,0,0,0,0,0,0,1,0,0,0,0,0,0,0,0,0
0.09803921568627451,0.05022764609246656,0.2036818210087694,0.1361921965023303,0.033925686591276254,0.0,0.3455554167672152,0.04821221244859005,0.20270270270270271,0.9690721649484536,0.12336566359648304,0.4104750380973204,0.0,0.5,0.30463572997584965,0.6217320676373203,0.0,0.6086956521739131,0.02454246132616153,0.0,0.26083101421026195,0,0,0,1,0,0,0,0,0,0,1,0,0,0,1,0,0,0,0,0,1,0,0,1,0,0,0,0,0,0,0,0,0,0,0,0,0,0,0,0,0,0,0,0,0,0,0,0,0,0,0,0
0.2549019607843137,0.027697723539075333,0.07074444928167181,0.04689519631068832,0.14378029079159935,0.3333333333333333,0.7943131305579709,0.0137749178424543,0.05405405405405406,0.4536082474226804,0.7861988566723426,0.12777936418331606,0.3333333333333333,0.5,0.3488777676491607,0.7763804810602973,0.0,0.6521739130434783,0.003531673647191202,0.03225806451612904,0.13914927256856027,0,1,0,0,0,0,1,0,0,0,1,0,0,0,1,0,0,0,0,0,1,0,0,0,0,0,0,0,0,0,0,0,0,0,0,0,0,0,0,0,0,0,0,0,0,0,0,0,0,1,0,0
0.0,0.11734804036611124,0.026431992039305952,0.10153354345991218,0.39418416801292405,0.0,0.6788968219201188,0.08363342975775825,0.16216216216216217,0.634020618556701,0.07223131680350789,0.21475142976458422,0.0,0.0,0.8732119922738977,0.6642327268511812,0.0,0.6956521739130435,0.11975205148754359,0.0,0.46882643372838395,0,0,0,0,0,0,1,0,0,0,1,0,1,0,0,0,0,0,0,0,1,0,0,0,0,1,0,0,0,0,0,0,0,0,0,0,0,0,0,0,0,0,0,0,0,0,0,0,0,0,0,0
0.0,0.03145271063130721,0.06530256856769706,0.047302945170010886,0.07754442649434572,0.0,0.2923862598822504,0.11413503355176421,0.43243243243243246,0.020618556701030927,0.11144081996351458,0.3267281263750911,0.0,0.0,0.3896786568099385,0.4905259320164434,0.0,0.7391304347826086,0.0666211053695136,0.0,0.5345144143574192,0,0,0,1,0,0,0,0,0,0,1,0,1,0,0,0,0,0,0,0,1,0,0,0,0,0,0,0,0,1,0,0,0,0,0,0,0,0,0,0,0,0,0,0,0,0,0,0,0,0,0,0
0.0196078431372549,0.09998122506453884,0.14537595621618274,0.14883241114132983,0.18578352180936994,0.0,0.5373182755287126,0.03246944920007085,0.04054054054054054,0.8917525773195877,0.343759653091855,0.07090912227890268,0.3333333333333333,0.0,0.5400694148544518,0.9054225287140087,0.0,0.782608695652174,0.08240059688577063,0.0,0.5391295593473825,0,0,0,0,0,0,1,0,0,0,0,1,0,1,0,0,0,0,0,0,1,0,0,0,0,0,0,0,0,0,0,0,0,0,0,1,0,0,0,0,0,0,0,0,0,0,0,0,0,0,0,0
0.0784313725490196,0.06571696784792302,0.017880465203059907,0.05219593148188168,0.1583198707592892,0.0,0.5696891060085378,0.1830096227640357,0.5135135135135135,0.8917525773195877,0.20845527683103082,0.2679579042127051,0.0,0.5,0.24911031456367205,0.3422329757297406,0.0,0.8260869565217391,0.013250470772755655,0.0,0.5480532491489123,0,0,0,0,0,1,0,0,0,1,0,0,1,0,0,0,0,0,0,0,1,0,0,0,0,0,0,0,0,0,0,0,0,0,0,0,0,0,0,1,0,0,0,0,0,0,0,0,0,0,0,0
0.0392156862745098,0.04365641868106079,0.008551526836246043,0.02813874878185028,0.03715670436187399,0.0,0.58699123872841,0.4053761536493694,0.13513513513513514,0.9278350515463918,0.634550007984928,0.5181014022151884,0.0,0.0,0.2251535469306499,0.24557466185805096,0.0,0.8695652173913043,0.015088082443003309,0.0,0.10254822633628438,0,0,0,0,0,1,0,0,0,0,1,0,1,0,0,0,0,0,0,0,1,0,0,0,0,0,0,0,0,0,0,0,0,0,0,0,0,0,0,0,0,0,0,0,0,0,0,0,0,1,0,0
0.058823529411764705,0.04224829852147383,0.76030847689533,0.42120864916880396,0.06623586429725363,0.0,0.43542798117764575,0.31583918767341645,0.06756756756756757,0.17010309278350516,0.10779227868577897,0.1415465034434261,0.0,0.0,0.47682219053864255,0.4876157429905627,0.0,0.9130434782608695,0.10726827655379594,0.0,0.19690143868188575,0,0,0,0,0,0,1,0,0,1,0,0,1,0,0,0,0,0,0,0,1,0,0,1,0,0,0,0,0,0,0,0,0,0,0,0,0,0,0,0,0,0,0,0,0,0,0,0,0,0,0,0
0.1568627450980392,0.03333020417742314,0.037315753467255464,0.03425498167168877,0.01938610662358643,0.3333333333333333,0.3821688829615664,0.14070094653364035,0.04054054054054054,0.845360824742268,0.16154061148204438,0.35882669466992406,0.3333333333333333,0.0,0.4021055551064742,0.6924873235166358,0.0,0.9565217391304348,0.004834741964085242,0.1875,0.7995453718264349,0,0,0,0,0,0,1,0,0,0,1,0,0,1,0,0,0,0,0,0,1,0,0,0,0,0,0,0,0,0,0,0,0,0,0,0,0,0,0,0,0,0,0,1,0,0,0,0,0,0,0,0
0.058823529411764705,0.005167800985684112,0.06841221468996835,0.02610000448523745,0.05331179321486268,0.0,0.5696891060085378,0.014758840545486752,0.08108108108108109,0.6237113402061856,0.10240872766190577,0.198692749471326,0.3333333333333333,0.0,0.4176471001566792,0.7249635535283714,0.0,1.0,0.010494053267384177,0.0,0.26083101421026195,0,0,0,1,0,0,0,0,0,1,0,0,0,0,1,0,0,0,0,0,1,0,0,0,0,0,0,1,0,0,0,0,0,0,0,0,0,0,0,0,0,0,0,0,0,0,0,0,0,0,0,0
0.09803921568627451,0.09998122506453884,0.049754337956340614,0.09867930144465421,0.03715670436187399,0.3333333333333333,0.7530989807709823,0.2853375838794105,0.013513513513513514,0.14432989690721648,0.457811629987814,0.07155689209332862,0.0,0.0,0.15648227413763838,0.8382964284130959,0.0,0.0,0.018417089092002684,0.1111111111111111,0.5523706191045827,1,1,0,0,0,0,1,0,0,0,1,0,0,1,0,0,0,0,0,0,0,1,0,0,0,0,0,0,0,0,0,0,0,0,0,0,0,0,0,0,0,0,0,0,0,0,0,0,0,0,1,0
0.0,0.08355315653602441,0.1508178369301575,0.137415443080298,0.045234248788368334,0.0,0.8649380832167884,0.17809000924887347,0.06756756756756757,0.5721649484536082,0.11069091640300122,0.45371666649225206,0.0,0.0,0.4555693201014168,0.6656147281246362,0.0,0.043478260869565216,0.15490636170097696,0.0,0.32309460536007956,0,0,0,1,0,0,0,0,0,0,0,1,1,0,0,0,0,0,0,0,0,1,0,0,0,0,0,0,0,0,0,0,0,0,0,0,0,0,0,0,0,0,0,0,0,1,0,0,0,0,0,0
0.0,0.1708566064304154,0.5954972324149518,0.4464890784468031,0.03231017770597738,0.3333333333333333,0.6332878637050545,0.22531829899443107,0.08108108108108109,0.4742268041237113,0.47821935009392863,0.19752361812626315,0.3333333333333333,0.5,0.8008679513793089,0.7107519767358162,0.5,0.08695652173913043,0.4577128064939599,0.125,0.4622438779286399,0,0,0,0,0,0,0,1,0,0,1,0,1,0,0,0,0,0,0,0,0,1,0,0,0,0,0,1,0,0,0,0,0,0,0,0,0,0,0,0,0,0,0,0,0,0,0,0,0,0,0,0
0.21568627450980393,0.03239145740436517,0.15703712917470006,0.09623280828871882,0.050080775444264945,0.0,0.834280648548738,0.7241671094318832,0.04054054054054054,0.6237113402061856,0.36771915090706875,0.0807768709466086,0.0,0.0,0.28969252768283293,0.5999294690171122,0.0,0.13043478260869565,0.00836348901202458,0.0,0.33605071125044605,0,0,0,1,0,0,0,0,0,1,0,0,0,1,0,0,0,0,0,0,0,1,0,0,0,0,0,0,0,0,0,0,0,0,0,0,0,0,0,0,0,0,0,0,0,1,0,0,0,0,0,0
0.0392156862745098,0.5538652898380662,0.01088376142794951,0.47258500544344734,0.10339256865912763,0.0,0.4141764202406731,0.0708424346183364,0.1891891891891892,0.08247422680412371,0.2047328138200325,0.46652483983648985,0.0,0.0,0.6621671735384781,0.41460218687499895,0.0,0.17391304347826086,0.16023277233937594,0.0,0.5436409843838745,0,1,0,1,0,0,0,0,0,1,0,0,0,1,0,0,0,0,0,0,0,1,0,0,0,0,0,0,0,0,0,0,0,0,0,0,0,0,0,0,0,0,1,0,0,0,0,0,0,0,0,0
0.0196078431372549,0.03943205820229993,0.013215996019652976,0.026915502203882582,0.05815831987075929,0.3333333333333333,0.6161838105548302,0.0,0.08108108108108109,0.5618556701030928,0.16300905408853014,0.5943671652647036,0.0,0.0,0.0,0.6172131144735898,0.0,0.21739130434782608,0.02267821760272188,0.07500000000000001,0.44839356135940844,0,0,0,0,1,0,0,0,1,0,0,0,1,0,0,0,0,0,0,0,0,1,0,0,0,0,0,0,0,0,0,0,0,0,0,0,0,0,0,0,0,0,1,0,0,0,0,0,0,0,0,0
0.0196078431372549,0.02018774935461159,0.049754337956340614,0.02936199535981798,0.009693053311793215,0.3333333333333333,0.6410547858267416,0.05411574866678475,0.05405405405405406,0.6804123711340206,0.27469792799170045,0.44589673195448826,0.0,0.0,0.30047920196387856,0.5981572186414756,0.0,0.2608695652173913,0.023876659996361654,0.30000000000000004,0.3705496443958529,0,1,0,0,0,1,0,0,0,0,1,0,1,0,0,0,0,0,0,0,0,1,0,0,0,0,0,0,0,0,0,1,0,0,0,0,0,0,0,0,0,0,0,0,0,0,0,0,0,0,0,0
0.0,0.016902135648908707,0.058305864792586655,0.030992990797108246,0.03231017770597738,0.0,0.8599439703597433,0.23712537143082046,0.08108108108108109,0.7164948453608248,0.3568543302083169,0.18978744173020132,0.0,0.5,0.06470361954956022,0.6303958837538848,0.0,0.30434782608695654,0.05064187345431661,0.0,0.26083101421026195,0,0,0,0,1,0,0,0,0,0,1,0,1,0,0,0,0,0,0,0,0,1,0,0,0,0,0,0,0,0,0,0,0,0,0,0,0,0,1,0,0,0,0,0,0,0,0,0,0,0,0,0
0.0,0.004229054212626144,0.007774115305678221,0.0,0.014539579967689823,0.0,0.6474071913947155,0.1613633232973218,0.13513513513513514,0.7680412371134021,0.4444485115441694,0.20658654089923856,0.3333333333333333,0.5,0.734252071459634,0.4891565993616543,0.0,0.34782608695652173,0.020277338007463532,0.0,0.49318962158236734,0,0,0,0,1,0,0,0,1,0,0,0,0,1,0,0,0,0,0,0,0,1,0,0,0,0,0,0,0,0,0,0,0,0,0,0,0,0,0,0,0,0,0,1,0,0,0,0,0,0,0,0
0.0,0.3698709223187045,0.20523664406990505,0.41468466741964294,0.08077544426494346,0.3333333333333333,0.4586996047640145,0.04427652163646025,0.10810810810810811,0.6288659793814433,0.38624204372062576,0.37100561021619977,0.0,0.0,0.6581971388841541,0.30310192475605363,0.0,0.391304347826087,0.42655330425932575,0.05555555555555555,0.24169749890484477,0,0,0,0,0,1,0,0,0,0,1,0,0,0,1,0,0,0,0,0,0,1,0,0,0,0,0,0,0,0,0,0,0,0,0,0,0,0,0,0,0,0,0,0,0,0,0,0,0,0,0,1
0.0,0.3083830086834076,0.0209901113253312,0.26463308718893863,0.10016155088852989,0.6666666666666666,0.5964974252424945,0.0334533719031033,0.05405405405405406,0.7010309278350515,0.13688171300154334,0.30346880773215124,0.0,0.0,0.2511155923969729,0.6669762722779939,0.5,0.43478260869565216,0.27954437063951343,0.09090909090909091,0.5199960440419653,0,0,0,0,0,0,0,1,0,0,1,0,1,0,0,0,0,0,0,0,0,1,0,0,0,0,0,0,0,0,0,0,0,1,0,0,0,0,0,0,0,0,0,0,0,0,0,0,0,0,0,0
0.0196078431372549,0.12861300164280684,0.436905280179116,0.32661091380596863,0.08077544426494346,0.3333333333333333,0.24870111452943197,0.11413503355176421,0.10810810810810811,0.08762886597938144,0.5184727648796179,0.3121568003577832,0.0,0.0,0.5327601904599881,0.5981572186414756,0.0,0.4782608695652174,0.16948741082359423,0.05555555555555555,0.9169885829982157,0,0,0,0,0,0,0,1,0,1,0,0,0,1,0,0,0,0,0,0,0,1,0,1,0,0,0,0,0,0,0,0,0,0,0,0,0,0,0,0,0,0,0,0,0,0,0,0,0,0,0,0
0.0196078431372549,0.01971837596808261,0.6281485166988002,0.33231939783648456,0.030694668820678513,0.0,0.11990151399485721,0.04230867623039535,0.0945945945945946,0.7989690721649485,0.18713102290215594,0.11396609455076506,0.0,0.0,0.7269121992988115,0.7497085883464689,0.0,0.5217391304347826,0.1722837764087537,0.0,0.6872025217174725,0,0,0,0,0,0,1,0,0,0,1,0,0,1,0,0,0,0,0,0,0,1,0,0,0,0,0,0,0,0,0,0,0,0,1,0,0,0,0,0,0,0,0,0,0,0,0,0,0,0,0,0
0.13725490196078433,0.5045810842525229,0.059860687853722304,0.4554595533518995,0.08077544426494346,0.0,0.7498181971486151,0.24401283035204763,0.04054054054054054,0.36597938144329895,0.39845565301789615,0.17636962173524423,0.0,0.0,0.7599965102072223,0.09593598032886932,0.0,0.5652173913043478,0.05718337151960038,0.0,0.5726656610764669,0,0,0,1,0,0,0,0,1,0,0,0,0,1,0,0,0,0,0,0,0,1,0,0,0,0,0,0,0,0,1,0,0,0,0,0,0,0,0,0,0,0,0,0,0,0,0,0,0,0,0,0
0.058823529411764705,0.040840178361886886,0.1337147832576654,0.09133982197684802,0.0420032310177706,0.0,0.5088097939756232,0.1082314973335695,0.08108108108108109,0.5463917525773195,0.21701803405842326,0.24020868237348988,0.0,0.0,0.38486010488226563,0.6725948938787099,0.0,0.6086956521739131,0.026473285182581168,0.0,0.4335163885079065,0,0,0,0,1,0,0,0,0,1,0,0,0,0,1,0,0,0,0,0,0,1,0,0,0,0,0,0,0,0,0,0,0,0,0,0,0,0,0,0,0,0,0,0,1,0,0,0,0,0,0,0
0.058823529411764705,0.045533912227176725,0.017103053672492086,0.03425498167168877,0.0210016155088853,0.0,0.5314555063771624,0.08756912056988805,0.16216216216216217,0.5463917525773195,0.37633818240062833,0.04383712966451845,0.0,0.0,0.0011945979411467301,0.43713887183153666,0.0,0.6521739130434783,0.0124914572567838,0.0,0.10254822633628438,0,0,0,0,0,0,1,0,0,1,0,0,0,1,0,0,0,0,0,0,0,1,0,0,0,0,0,0,0,0,1,0,0,0,0,0,0,0,0,0,0,0,0,0,0,0,0,0,0,0,0,0
0.0,0.33232105139638585,0.1648112444803783,0.3608618179890642,0.12277867528271405,0.0,0.7497393272802605,0.07576204813349866,0.16216216216216217,0.979381443298969,0.5805741104375798,0.23602909642294986,0.0,0.0,0.28001038637472386,0.701258997679149,0.0,0.6956521739130435,0.3738218389391757,0.0,0.22054637902379515,0,0,0,0,1,0,0,0,0,1,0,0,0,0,1,0,0,0,0,0,0,1,0,0,0,0,0,0,0,0,0,0,0,0,0,0,0,0,0,0,0,0,0,0,0,0,0,0,1,0,0,0
0.0392156862745098,0.13753109598685753,0.04431245724236586,0.12844496817520154,0.13247172859450726,0.3333333333333333,0.5696891060085378,0.19678454060649,0.08108108108108109,0.3247422680412371,0.3391072894900016,0.15940251498550828,0.0,0.0,0.6342304851566652,0.6645875039617889,0.0,0.7391304347826086,0.04784550786915714,0.03488372093023256,0.6759845216238923,0,0,0,0,0,0,0,1,0,0,0,1,0,1,0,0,0,0,0,0,0,1,0,0,0,0,0,0,0,1,0,0,0,0,0,0,0,0,0,0,0,0,0,0,0,0,0,0,0,0,0,0
0.058823529411764705,0.7782257685989205,0.0209901113253312,0.6727896953708272,0.1470113085621971,0.0,0.6904988685914173,0.1633311687033867,0.17567567567567569,0.38144329896907214,0.6334082766859016,0.42318377941336666,0.0,0.0,0.9178197599369019,0.5762963407144222,0.0,0.782608695652174,0.16888818962677432,0.0,0.30924428879084803,0,0,0,0,0,1,0,0,0,0,0,1,0,1,0,0,0,0,0,0,0,1,0,0,0,0,0,0,0,0,0,1,0,0,0,0,0,0,0,0,0,0,0,0,0,0,0,0,0,0,0,0
0.0784313725490196,0.08543065008214033,0.05675104173145101,0.08970882653955776,0.03715670436187399,0.3333333333333333,0.9689747588466971,0.1869453135761655,0.04054054054054054,0.7628865979381443,0.06954976463764187,0.544786210807099,0.3333333333333333,0.0,0.4596467662591251,0.4864759237547055,0.0,0.8260869565217391,0.02060091745374627,0.1111111111111111,0.32309460536007956,0,0,0,0,0,1,0,0,1,0,0,0,1,0,0,0,0,0,0,0,0,1,0,0,0,0,0,0,0,0,0,0,0,0,1,0,0,0,0,0,0,0,0,0,0,0,0,0,0,0,0,0
0.0392156862745098,0.038493311429241964,0.045867280303501505,0.043225456576785226,0.1777059773828756,0.3333333333333333,0.6841446055110296,0.18399354546706817,0.04054054054054054,0.634020618556701,0.4482980201852513,0.11610805800135128,0.3333333333333333,0.0,0.3420836735299739,0.47278201733832653,0.0,0.8695652173913043,0.02001501228352238,0.02631578947368421,0.41744781770568096,0,0,0,1,0,0,0,0,0,0,0,1,0,0,1,0,0,0,0,0,0,1,0,0,0,0,1,0,0,0,0,0,0,0,0,0,0,0,0,0,0,0,0,0,0,0,0,0,0,0,0,0
0.11764705882352941,0.029105843698662284,0.054418807139747546,0.03955571684288213,0.0420032310177706,0.3333333333333333,0.5696891060085378,0.1475884054548675,0.08108108108108109,0.31443298969072164,0.5815322704752887,0.29535012388479476,0.0,0.0,0.9817547323771231,0.49599894978931874,0.0,0.9130434782608695,0.007326741227050488,0.1,0.26083101421026195,0,1,0,0,0,0,1,0,1,0,0,0,1,0,0,0,0,0,0,0,0,1,0,0,0,0,1,0,0,0,0,0,0,0,0,0,0,0,0,0,0,0,0,0,0,0,0,0,0,0,0,0
0.0392156862745098,0.0028209340530391926,0.23788792835375355,0.11295051152094403,0.1147011308562197,0.0,0.6317299201454069,0.05608359407284966,0.32432432432432434,0.34536082474226804,0.12439349402390806,0.09060612498920097,0.3333333333333333,0.0,0.5575401883640736,0.2519053050476548,0.0,0.9565217391304348,0.042785417762678093,0.0,0.22054637902379515,1,0,0,0,0,0,1,0,0,0,0,1,0,0,1,0,0,0,0,0,0,1,0,0,0,0,0,0,0,0,0,0,0,0,0,1,0,0,0,0,0,0,0,0,0,0,0,0,0,0,0,0
0.09803921568627451,0.04506453884064774,0.031096461222712885,0.0411867122801724,0.04038772213247173,0.0,0.32681701534671576,0.078713816242596,0.12162162162162163,0.8298969072164949,0.05399250384625515,0.16834230843080755,0.0,0.0,0.20995555955975295,0.5687212534300337,0.0,1.0,0.009029290341824453,0.0,0.4335163885079065,0,0,0,0,0,0,0,1,0,1,0,0,1,0,0,0,0,0,0,0,0,1,0,0,0,0,0,0,0,0,0,0,0,0,0,0,0,1,0,0,0,0,0,0,0,0,0,0,0,0,0,0
0.0196078431372549,0.23891574747711805,0.5713974749673493,0.4929724484095756,0.05331179321486268,0.0,0.7747280790327516,0.10921542003660195,0.08108108108108109,0.8350515463917526,0.17883304738890596,0.22516605650247007,0.3333333333333333,0.0,0.4459045462378687,0.5773879325806811,0.0,0.0,0.25098149359109884,0.0,0.29436711593934617,0,0,0,0,1,0,0,0,0,1,0,0,0,0,1,0,0,0,0,1,0,0,0,0,0,0,0,0,0,0,0,0,0,0,0,0,0,0,0,1,0,0,0,0,0,0,0,0,0,0,0,0
0.0,0.12814362825627787,0.01477081908078862,0.10479553433449271,0.0032310177705977385,0.0,0.09502359419755903,0.7969773894562846,0.33783783783783783,0.14432989690721648,0.28904439595240017,0.14072797323022554,0.0,0.0,0.6839760391242072,0.33401881830580105,0.0,0.043478260869565216,0.12294789787058298,0.0,0.30924428879084803,0,1,0,1,0,0,0,0,1,0,0,0,0,0,1,0,0,0,0,1,0,0,0,0,1,0,0,0,0,0,0,0,0,0,0,0,0,0,0,0,0,0,0,0,0,0,0,0,0,0,0,0
0.058823529411764705,0.06477822107486506,0.5006530256856775,0.3045924754025501,0.050080775444264945,0.0,0.46654459002010656,0.03640514001220065,0.08108108108108109,0.39690721649484534,0.4324401117707581,0.18192461683542346,0.0,0.0,0.45623173903315645,0.3772635096709076,0.0,0.08695652173913043,0.07870539950538133,0.0,0.30924428879084803,0,0,0,0,0,0,1,0,0,0,1,0,0,0,1,0,0,0,0,1,0,0,0,0,0,0,1,0,0,0,0,0,0,0,0,0,0,0,0,0,0,0,0,0,0,0,0,0,0,0,0,0
0.0784313725490196,0.016902135648908707,0.02254493438646684,0.012236543268270207,0.07108239095315025,0.0,0.5882758452371614,0.10724757463053705,0.5675675675675675,0.7731958762886598,0.043059512709113165,0.12853953264442505,0.0,0.0,0.6402344280427176,0.5454316823099224,0.0,0.13043478260869565,0.005420647134309133,0.0,0.5391295593473825,0,0,0,0,0,1,0,0,0,1,0,0,1,0,0,0,0,0,0,1,0,0,0,1,0,0,0,0,0,0,0,0,0,0,0,0,0,0,0,0,0,0,0,0,0,0,0,0,0,0,0,0
0.0784313725490196,0.08308378314949542,0.08007338764848568,0.09990254802262191,0.045234248788368334,0.0,0.42587790314739543,0.1712025503276463,0.06756756756756757,0.11855670103092783,0.0902938508860162,0.10645325106831362,0.0,0.0,0.12968463805721897,0.6200949647357893,0.5,0.17391304347826086,0.022598321443145893,0.0,0.40890397658035194,0,0,0,0,1,0,0,0,0,1,0,0,0,0,1,0,0,0,0,1,0,0,0,0,0,0,0,0,0,1,0,0,0,0,0,0,0,0,0,0,0,0,0,0,0,0,0,0,0,0,0,0
0.058823529411764705,0.2060596104200892,0.04508986877293368,0.18838405049561874,0.2875605815831987,0.0,0.4934207094084477,0.12003856976995891,0.04054054054054054,0.18041237113402062,0.6768536343555599,0.586217642144998,0.0,0.0,0.16603540567513425,0.5981572186414756,0.0,0.21739130434782608,0.05024239265643669,0.0,0.41744781770568096,0,0,0,0,0,0,1,0,1,0,0,0,1,0,0,0,0,0,0,1,0,0,0,0,0,0,0,0,0,0,0,0,0,0,0,0,0,0,0,0,0,0,0,0,0,0,1,0,0,0,0,0
0.0196078431372549,0.10561370570288664,0.05364139560917972,0.10561103205313783,0.0210016155088853,0.3333333333333333,0.9512506503340605,0.3778263179644608,0.0945945945945946,0.15463917525773196,0.4055836491877246,0.2239803956091938,0.0,0.0,0.3148398888989877,0.5583823236186158,0.0,0.2608695652173913,0.06122811459813462,0.17647058823529413,0.5523706191045827,0,0,0,0,0,1,0,0,0,0,1,0,0,1,0,0,0,0,0,1,0,0,0,0,0,0,1,0,0,0,0,0,0,0,0,0,0,0,0,0,0,0,0,0,0,0,0,0,0,0,0,0
0.0,0.07745130251114761,0.20134958641706593,0.15861838376507142,0.03877221324717286,0.3333333333333333,0.8043075272570045,0.11905464706692646,0.08108108108108109,0.5257731958762887,0.2642601674538895,0.3505290284927182,0.0,0.5,0.4111597648007771,0.7306647532779471,0.0,0.30434782608695654,0.17567936319073305,0.10714285714285714,0.41744781770568096,0,1,0,0,0,1,0,0,0,0,0,1,1,0,0,0,0,0,0,1,0,0,0,0,0,0,0,0,0,0,0,0,0,0,0,0,0,0,0,0,0,0,0,0,0,0,0,0,1,0,0,0
0.0784313725490196,0.02253461628725651,0.44001492630138733,0.23609066703635898,0.027463651050080775,0.0,0.4466468513753528,0.1279099513942185,0.05405405405405406,0.4484536082474227,0.18349995985640502,0.07781645946225195,0.0,0.0,0.5422656569068813,0.4557801376591635,0.0,0.34782608695652173,0.04928363874152487,0.0,0.39998028677882225,1,0,0,0,0,0,0,1,1,0,0,0,0,1,0,0,0,0,0,1,0,0,0,0,0,0,0,0,0,1,0,0,0,0,0,0,0,0,0,0,0,0,0,0,0,0,0,0,0,0,0,0
0.058823529411764705,0.17461159352264727,0.31174202375769666,0.30092273566864697,0.03877221324717286,0.6666666666666666,0.4898616729917316,0.30895172875218935,0.7297297297297297,0.31958762886597936,0.14375744252737982,0.2271974039619998,0.6666666666666666,0.0,0.6066994211134232,0.7330507245390673,0.0,0.391304347826087,0.07780656771015149,0.21428571428571427,0.5297906678146433,0,0,0,0,1,0,0,0,0,0,1,0,0,0,1,0,0,0,0,1,0,0,0,0,0,0,0,0,0,0,0,0,0,0,0,0,0,0,0,0,1,0,0,0,0,0,0,0,0,0,0,0
0.0196078431372549,0.0,0.049754337956340614,0.008159054675044547,0.1583198707592892,0.0,0.3285138690465852,0.6602121337347739,0.13513513513513514,0.13402061855670103,0.2356154526447048,0.05840422424964914,0.0,0.0,0.9959586336368177,0.5981572186414756,0.0,0.43478260869565216,0.01349015925148361,0.0,0.5647921042649243,1,0,0,1,0,0,0,0,0,0,0,1,1,0,0,0,0,0,0,1,0,0,0,0,0,0,0,0,0,0,0,0,0,0,0,0,0,0,0,0,0,0,0,0,0,1,0,0,0,0,0,0
0.13725490196078433,0.09998122506453884,0.09950867591268123,0.12477522844129844,0.22778675282714056,0.0,0.7245705379742159,0.48802566070409525,0.14864864864864866,0.6391752577319587,0.31189326670314294,0.4537845637347059,0.0,0.0,0.31405242459316196,0.2417626379176999,0.0,0.4782608695652174,0.016686005634523007,0.0,0.41744781770568096,0,0,0,0,0,1,0,0,0,0,1,0,1,0,0,0,0,0,0,1,0,0,0,0,0,0,0,1,0,0,0,0,0,0,0,0,0,0,0,0,0,0,0,0,0,0,0,0,0,0,0,0
0.0,1.0,0.031096461222712885,1.0,0.033925686591276254,0.3333333333333333,0.5337884563872277,0.1397170238306079,0.06756756756756757,0.8092783505154639,0.011796903697316025,0.3681019424903198,0.0,0.0,0.4043941322225319,0.8590804517285533,0.0,0.5217391304347826,1.0,0.12000000000000001,0.4622438779286399,0,0,0,0,0,1,0,0,1,0,0,0,0,0,1,0,0,0,0,1,0,0,0,0,0,0,0,0,0,0,0,0,0,1,0,0,0,0,0,0,0,0,0,0,0,0,0,0,0,0,0,0
0.0196078431372549,0.007045294531800047,0.023322345917034665,0.004081566081818886,0.033925686591276254,0.0,0.19074063894226734,0.15054017356396487,0.06756756756756757,0.211340206185567,0.20110769520869748,0.07229193553387571,0.0,0.0,0.3199894591951801,0.4937006746822095,0.0,0.5652173913043478,0.011492755262083989,0.0,0.30924428879084803,1,1,0,0,0,0,1,0,1,0,0,0,0,0,1,0,0,0,0,1,0,0,0,0,0,0,0,0,0,0,0,0,0,0,0,0,0,0,0,0,0,0,0,0,0,0,0,0,0,1,0,0
0.21568627450980393,0.04694203238676367,0.019435288264195553,0.03670147482762417,0.0210016155088853,0.0,0.6038330251743921,0.1633311687033867,0.22972972972972974,0.6649484536082474,0.31605765685383574,0.19235132592563237,0.0,0.0,0.7008840929042192,0.7246949275970603,0.0,0.6086956521739131,0.003503139304485494,0.0,0.29436711593934617,0,0,0,0,1,0,0,0,0,1,0,0,1,0,0,0,0,0,0,1,0,0,0,0,0,0,0,0,0,0,0,0,0,0,0,0,0,0,0,0,0,0,0,0,0,0,1,0,0,0,0,0
0.09803921568627451,0.06290072752874912,0.04742210336463715,0.06524389498020379,0.1987075928917609,0.0,0.671413577048195,0.1790739319519059,0.013513513513513514,0.7989690721649485,0.2622015119555538,0.22225733397356043,0.0,0.0,0.7124940848205298,0.33848189046580474,0.0,0.6521739130434783,0.01295751818764371,0.0,0.5839256195703415,0,0,0,0,1,0,0,0,0,0,1,0,0,1,0,0,0,0,0,1,0,0,0,0,0,0,0,0,0,0,0,0,0,0,0,0,0,1,0,0,0,0,0,0,0,0,0,0,0,0,0,0
0.0196078431372549,0.035677071110068063,0.10728279121835944,0.07299112330733255,0.16962843295638125,0.0,0.7761553169376287,0.0688745892122715,0.04054054054054054,0.5567010309278351,0.30561617483682807,0.08823208229231085,0.0,1.0,0.3759518861365773,0.4155776269480799,0.0,0.6956521739130435,0.04524888268293763,0.0,0.5249530851670432,0,0,0,0,0,0,0,1,0,1,0,0,1,0,0,0,0,0,0,1,0,0,0,0,0,0,0,0,0,0,0,0,0,0,0,0,0,0,0,0,0,0,0,0,0,1,0,0,0,0,0,0
0.058823529411764705,0.21169209105843698,0.005441880713974755,0.17248184498203867,0.05977382875605816,0.3333333333333333,0.5690354731680156,0.33945333254619525,0.08108108108108109,0.5721649484536082,0.46170298276319116,0.2106246552988578,0.0,0.5,0.9107662861870899,0.690979111015186,0.0,0.7391304347826086,0.046347454877107425,0.07317073170731708,0.5249530851670432,0,0,0,0,0,0,0,1,0,0,1,0,0,0,1,0,0,0,0,1,0,0,0,0,0,0,0,0,0,0,1,0,0,0,0,0,0,0,0,0,0,0,0,0,0,0,0,0,0,0,0,0
0.0392156862745098,0.11077681295470547,0.07618632999564656,0.12192098642604048,0.01615508885298869,0.0,0.5092239801064198,0.18792923627919797,0.2972972972972973,0.16494845360824742,0.19998731390533764,0.5202710815253792,0.0,0.0,0.3203631622958771,0.8229345513591233,0.0,0.782608695652174,0.04571494361379754,0.0,0.49318962158236734,1,0,0,0,1,0,0,0,0,0,1,0,0,1,0,0,0,0,0,1,0,0,0,0,0,0,0,0,0,0,0,0,0,0,0,0,0,0,0,0,0,0,0,0,0,0,0,0,1,0,0,0
0.0,0.07604318235156066,0.4477890416070655,0.2866515255923572,0.017770597738287562,0.0,0.9806030619347889,0.1515240962669973,0.06756756756756757,0.9587628865979382,0.043129122577025544,0.2096114591141931,0.0,0.0,0.6903575153192244,0.6387536249520157,0.0,0.8260869565217391,0.3011163337250294,0.0,0.4554381426000973,0,1,0,0,0,0,1,0,1,0,0,0,1,0,0,0,0,0,0,1,0,0,1,0,0,0,0,0,0,0,0,0,0,0,0,0,0,0,0,0,0,0,0,0,0,0,0,0,0,0,0,0
0.0,0.16099976531330673,0.288419677840662,0.2768655529686156,0.07592891760904685,0.0,0.5850098338263212,0.0413247535273629,0.14864864864864866,0.9587628865979382,0.4265783121615614,0.3296320651191111,0.3333333333333333,0.0,0.7807070710508969,0.37685819998155373,0.0,0.8695652173913043,0.2915287945759112,0.0,0.5687674810110055,0,0,0,0,0,0,0,1,1,0,0,0,1,0,0,0,0,0,0,1,0,0,0,0,0,0,0,0,0,0,0,0,0,0,0,0,0,0,0,0,0,0,0,0,0,1,0,0,0,0,0,0
0.0392156862745098,0.06477822107486506,0.03964798805895893,0.06279740182426839,0.1050080775444265,0.0,0.7274816268767266,0.16628293681248407,0.10810810810810811,0.711340206185567,0.11988746765432345,0.27081745733965673,0.3333333333333333,0.0,0.18148240266424254,0.6223174658968379,0.0,0.9130434782608695,0.026406705049601176,0.0,0.611187774269878,0,0,0,0,1,0,0,0,0,0,1,0,0,0,1,0,0,0,0,1,0,0,0,1,0,0,0,0,0,0,0,0,0,0,0,0,0,0,0,0,0,0,0,0,0,0,0,0,0,0,0,0
0.0196078431372549,1.0,0.013215996019652976,1.0,0.006462035541195477,0.0,0.4758791515936968,0.01279099513942185,0.28378378378378377,0.9072164948453608,0.34570507334617595,0.24112330051676942,0.0,0.0,0.5941178725960912,0.5981572186414756,0.0,0.9565217391304348,0.49935468486496315,0.0,0.6079757062969443,0,0,0,0,1,0,0,0,0,0,1,0,0,0,1,0,0,0,0,1,0,0,0,0,0,0,0,0,0,0,0,0,0,0,0,0,0,0,0,0,0,0,0,0,0,0,1,0,0,0,0,0
0.058823529411764705,0.07604318235156066,0.1368244293799367,0.12355198186333075,0.048465266558966075,0.3333333333333333,0.7215563205973771,0.09150481138201785,0.013513513513513514,0.6082474226804123,0.11526216478190489,0.052493948573257,0.0,0.0,0.0,0.5649555868579729,0.0,1.0,0.03436303094070968,0.08823529411764706,0.42564283169636397,0,0,0,0,0,0,0,1,0,1,0,0,1,0,0,0,0,0,0,1,0,0,0,0,0,0,0,0,0,0,0,0,0,0,0,0,0,0,0,0,0,0,0,0,0,0,0,0,1,0,0,0
0.13725490196078433,0.07979816944379253,0.0015548230611356442,0.05586567121578478,0.2568659127625202,0.3333333333333333,0.29281976172160723,0.09347265678808275,0.1891891891891892,0.6597938144329897,0.25835351352422736,0.1018615708451041,0.3333333333333333,0.5,0.6465864403998374,0.5981572186414756,0.0,0.0,0.0082469737793096,0.018404907975460124,0.6936442497559324,0,0,0,0,0,0,1,0,1,0,0,0,0,0,1,1,0,0,0,0,0,0,0,0,0,0,0,0,0,0,0,0,0,0,0,0,0,0,0,0,0,0,0,0,0,0,0,0,0,0,1,0
0.0196078431372549,0.004229054212626144,0.2845326201878229,0.1386386896582657,0.05331179321486268,0.0,0.49136016875033744,0.2007202314186198,0.08108108108108109,0.8298969072164949,0.2192275917348336,0.20799534242316584,0.0,0.0,0.23680099486756934,0.7919517015049027,0.0,0.043478260869565216,0.07740708691227156,0.0,0.4873703745557706,0,0,0,0,0,1,0,0,0,0,0,1,1,0,0,1,0,0,0,0,0,0,0,0,0,0,0,0,0,0,0,0,0,0,1,0,0,0,0,0,0,0,0,0,0,0,0,0,0,0,0,0
0.0,0.031922084017836194,0.06219292244542577,0.04607969859204319,0.2310177705977383,0.3333333333333333,0.3422479208964456,0.6946494283409097,0.21621621621621623,0.03608247422680412,0.48697205096037416,0.1656167183925851,0.0,0.0,0.5919554061404405,0.37517304369695365,0.0,0.08695652173913043,0.06542266297587383,0.020408163265306124,0.5565970902742413,0,0,0,0,0,0,0,1,0,0,0,1,1,0,0,1,0,0,0,0,0,0,0,0,0,0,0,0,0,0,0,0,0,0,0,0,0,0,0,0,0,1,0,0,0,0,0,0,0,0,0,0
0.058823529411764705,0.23985449425017602,0.6359226320044785,0.5276311014519938,0.1147011308562197,0.0,0.46280373566973176,0.2538520573823721,0.05405405405405406,0.21649484536082475,0.17813918321687475,0.5783208362838611,0.0,0.5,0.6318566699371527,0.873778019136169,0.0,0.13043478260869565,0.13333439861546104,0.0,0.49318962158236734,0,1,0,1,0,0,0,0,1,0,0,0,0,0,1,1,0,0,0,0,0,0,0,0,0,0,0,0,0,0,0,0,0,0,0,0,0,0,0,0,0,0,0,0,0,0,0,0,0,0,0,1
0.0196078431372549,0.00986153485097395,0.007774115305678221,0.0,0.022617124394184167,0.0,0.5696891060085378,0.5037684239526145,0.10810810810810811,0.20103092783505155,0.3082072870033309,0.3336979747511054,0.0,0.0,0.7095551152343771,0.451114673549075,0.0,0.17391304347826086,0.009493353868694966,0.0,0.4873703745557706,0,0,0,0,0,1,0,0,0,0,1,0,0,1,0,1,0,0,0,0,0,0,0,0,0,0,0,0,0,0,0,0,0,0,0,1,0,0,0,0,0,0,0,0,0,0,0,0,0,0,0,0
0.0196078431372549,4.693733865289738e-06,0.22933640151750753,0.1060187809124604,0.050080775444264945,0.0,0.4613344941487689,0.2695948206308913,0.0945945945945946,0.634020618556701,0.6730597997501455,0.10148481816724877,0.3333333333333333,0.0,0.6606308952777489,0.5981572186414756,0.0,0.21739130434782608,0.06142785499707458,0.0,0.30924428879084803,0,0,0,0,0,0,0,1,1,0,0,0,0,1,0,1,0,0,0,0,0,0,0,0,0,0,0,0,0,0,0,0,0,1,0,0,0,0,0,0,0,0,0,0,0,0,0,0,0,0,0,0
0.0196078431372549,0.06571696784792302,0.07152186081223963,0.08033060277513875,0.05815831987075929,0.0,0.7272207115340934,0.39356908121298,0.04054054054054054,0.2422680412371134,0.4221867481340006,0.5064105377553999,0.3333333333333333,0.0,0.4830999405578445,0.6085422365484312,0.0,0.2608695652173913,0.04884420986385695,0.0,0.5687674810110055,0,0,0,1,0,0,0,0,0,0,1,0,0,1,0,1,0,0,0,0,0,0,1,0,0,0,0,0,0,0,0,0,0,0,0,0,0,0,0,0,0,0,0,0,0,0,0,0,0,0,0,0
0.35294117647058826,0.3083830086834076,0.054418807139747546,0.28216628813980893,0.025848142164781908,0.3333333333333333,0.8868842973574286,0.6838262786075529,0.02702702702702703,0.3917525773195876,0.1256238812009889,0.34089235563620646,0.0,0.0,0.39024657920698963,0.6984933884248548,0.0,0.30434782608695654,0.014394247373001335,0.15000000000000002,0.9560062530107314,0,0,0,0,0,0,0,1,0,0,1,0,0,1,0,1,0,0,0,0,0,0,0,0,0,0,0,0,0,0,0,0,0,1,0,0,0,0,0,0,0,0,0,0,0,0,0,0,0,0,0,0
0.0,0.06665571462098098,0.013993407550220797,0.05097268490391398,0.025848142164781908,0.6666666666666666,0.5696891060085378,0.078713816242596,0.06756756756756757,0.4948453608247423,0.10172135745063686,0.0357154775147817,0.0,0.0,0.4553773757909728,0.7010088333673373,0.0,0.34782608695652173,0.07021643255043292,0.30000000000000004,0.380846771473405,0,0,0,0,1,0,0,0,0,1,0,0,1,0,0,1,0,0,0,0,0,0,0,0,0,0,0,0,0,0,0,0,0,0,0,0,0,0,0,0,0,0,1,0,0,0,0,0,0,0,0,0
0.0196078431372549,0.04177892513494485,0.15936936376640354,0.10561103205313783,0.23424878836833601,0.0,0.7822752451108674,0.0728102800244013,0.10810810810810811,0.7474226804123711,0.23555626613492592,0.21686081045049296,0.3333333333333333,0.0,0.2337378054574872,0.9143102298835062,0.0,0.391304347826087,0.06122811459813462,0.0,0.4554381426000973,1,0,0,1,0,0,0,0,0,0,0,1,0,0,1,1,0,0,0,0,0,0,0,0,0,0,0,0,0,0,0,1,0,0,0,0,0,0,0,0,0,0,0,0,0,0,0,0,0,0,0,0
0.0392156862745098,0.0028209340530391926,0.17491759437775997,0.07992285391581617,0.025848142164781908,0.0,0.6898190577859765,0.2745144341460536,0.05405405405405406,0.5154639175257731,0.5037704158481455,0.51906963105961,0.0,0.5,0.426162273013104,0.8140882333123312,0.0,0.43478260869565216,0.03199943621992012,0.0,0.3705496443958529,0,0,0,0,0,0,0,1,0,0,1,0,0,0,1,1,0,0,0,0,0,0,0,0,0,0,0,0,0,0,0,0,0,0,0,0,0,0,0,1,0,0,0,0,0,0,0,0,0,0,0,0
0.0,0.10842994602206055,0.6040487592511978,0.39674371760945004,0.1631663974151858,0.3333333333333333,0.6069609849616925,0.15644370978215957,0.08108108108108109,0.020618556701030927,0.09233892063934022,0.08104164798339543,0.0,0.0,0.4093506105958974,0.7604431633515373,0.0,0.4782608695652174,0.40897614915260905,0.028571428571428574,0.3596956515923554,0,0,0,0,0,1,0,0,0,0,1,0,1,0,0,1,0,0,0,0,0,0,1,0,0,0,0,0,0,0,0,0,0,0,0,0,0,0,0,0,0,0,0,0,0,0,0,0,0,0,0,0
0.09803921568627451,0.13800046937338653,0.25421357049567783,0.23894490905161694,0.04361873990306947,0.0,0.73362705813874,0.18989708168526287,0.013513513513513514,0.6855670103092784,0.16820503234801018,0.18848179903418594,0.0,0.0,0.3034851538099931,0.7022811798218054,0.0,0.5217391304347826,0.04132065483711837,0.0,0.7212415463788466,0,0,0,0,0,0,1,0,0,0,1,0,0,1,0,1,0,0,0,0,0,0,1,0,0,0,0,0,0,0,0,0,0,0,0,0,0,0,0,0,0,0,0,0,0,0,0,0,0,0,0,0
0.09803921568627451,0.0032903074395681763,0.03964798805895893,0.009382301253012244,0.0630048465266559,0.0,0.9513630577725384,0.1259421059881536,0.06756756756756757,0.42783505154639173,0.37694261179689936,0.5141391461729973,0.3333333333333333,0.0,0.10070631582924817,0.3954433620213819,0.0,0.5652173913043478,0.0038360399693854307,0.0,0.32309460536007956,0,0,0,0,0,0,1,0,0,0,1,0,0,0,1,1,0,0,0,0,0,0,0,0,0,0,0,0,0,0,0,0,0,0,0,0,0,0,0,0,1,0,0,0,0,0,0,0,0,0,0,0
0.0392156862745098,0.23609950715794414,0.023322345917034665,0.20306300943123112,0.10662358642972536,0.6666666666666666,0.45635020455486447,0.08953696597595295,0.22972972972972974,0.1134020618556701,0.14640690755593602,0.33365607573423917,0.0,0.0,0.199493317168352,0.8202776997022715,0.0,0.6086956521739131,0.07221383653983254,0.08571428571428572,0.3596956515923554,0,0,0,0,0,0,0,1,1,0,0,0,0,0,1,1,0,0,0,0,0,0,0,0,0,0,0,0,0,0,0,0,0,0,0,0,0,0,0,0,0,0,0,0,0,0,1,0,0,0,0,0
0.0196078431372549,0.15536728467495892,0.013993407550220797,0.12803721931587897,0.03715670436187399,0.3333333333333333,0.39201950001685687,0.572643013164886,0.17567567567567569,0.654639175257732,0.24079682689487883,0.15525615558603498,0.0,0.5,0.0,0.7524121304835594,0.0,0.6521739130434783,0.07221383653983254,0.1111111111111111,0.1700950162222878,0,0,0,0,1,0,0,0,0,0,1,0,0,1,0,1,0,0,0,0,0,0,0,0,0,0,0,0,0,0,0,0,0,0,0,0,0,0,0,0,0,0,0,0,0,0,0,1,0,0,0,0
0.0392156862745098,0.23563013377141515,0.4267989302817343,0.41427691856032034,0.10662358642972536,0.6666666666666666,0.3802869281558185,0.0511639805576874,0.0945945945945946,0.26804123711340205,0.10353867046805076,0.12506239700262764,0.0,0.0,0.4056942082637689,0.4754324016860677,0.0,0.6956521739130435,0.14119085430709954,0.08571428571428572,0.30924428879084803,0,0,0,1,0,0,0,0,1,0,0,0,0,0,1,1,0,0,0,0,0,0,0,0,0,0,0,0,0,1,0,0,0,0,0,0,0,0,0,0,0,0,0,0,0,0,0,0,0,0,0,0
0.0392156862745098,0.12579676132363293,0.031096461222712885,0.11131951608365376,0.006462035541195477,0.0,0.782407303719875,0.2784501249581834,0.12162162162162163,0.4587628865979381,0.6071553641680139,0.5676363297589514,0.0,0.0,0.5479150650364074,0.33043299735614,0.5,0.7391304347826086,0.042252776698838194,0.0,0.13914927256856027,0,0,0,0,0,1,0,0,0,1,0,0,0,1,0,1,0,0,0,0,0,0,0,0,0,0,0,0,0,0,0,0,1,0,0,0,0,0,0,0,0,0,0,0,0,0,0,0,0,0,0,0
0.0392156862745098,0.13659234921379956,0.43068598793457347,0.33028065353987174,0.09531502423263329,0.0,0.8093718903572675,0.24499675305508006,0.05405405405405406,0.9690721649484536,0.5199729900400155,0.039632786780750474,0.0,0.0,0.0,0.6786628761278116,0.0,0.782608695652174,0.11375983951934472,0.0,0.5565970902742413,0,0,0,0,1,0,0,0,0,1,0,0,0,1,0,1,0,0,0,0,0,0,0,0,0,0,0,0,0,0,0,0,0,0,0,0,0,0,0,0,0,0,0,0,0,0,0,0,0,1,0,0
0.0196078431372549,0.11734804036611124,0.14693077927731837,0.16473461665490993,0.0032310177705977385,0.0,0.4763792606429514,0.0255819902788437,0.36486486486486486,0.23711340206185566,0.2947848828370847,0.42943810488306183,0.3333333333333333,0.0,0.521575700131386,0.6180327194680675,0.0,0.8260869565217391,0.09019047244442915,0.0,0.9478350683233558,0,0,0,0,0,1,0,0,0,0,0,1,0,1,0,1,0,0,0,0,0,0,0,0,0,0,0,1,0,0,0,0,0,0,0,0,0,0,0,0,0,0,0,0,0,0,0,0,0,0,0,0
0.058823529411764705,0.17461159352264727,0.11816655264630896,0.19939326969732804,0.05331179321486268,0.6666666666666666,0.1568605542257022,0.06985851191530396,0.5,0.8865979381443299,0.109349286543895,0.19962926818738616,0.3333333333333333,0.0,0.44514563938921003,0.7982421048572286,0.0,0.8695652173913043,0.05293888804212618,0.16216216216216217,0.380846771473405,0,0,0,0,0,0,1,0,0,0,0,1,0,1,0,1,0,0,0,0,0,0,0,0,0,0,0,0,0,0,0,0,0,0,0,1,0,0,0,0,0,0,0,0,0,0,0,0,0,0,0,0
0.09803921568627451,0.0032903074395681763,0.05597363020088319,0.017945027298786134,0.13570274636510501,0.0,0.44885912432189695,0.08363342975775825,0.12162162162162163,0.4639175257731959,0.5184278822249243,0.3460962156126712,0.0,0.0,0.220810205893898,0.9188019716763042,0.0,0.9130434782608695,0.005234222761965167,0.0,0.44839356135940844,0,0,0,1,0,0,0,0,1,0,0,0,0,0,1,1,0,0,0,0,0,0,0,0,0,0,0,1,0,0,0,0,0,0,0,0,0,0,0,0,0,0,0,0,0,0,0,0,0,0,0,0
0.0,0.007045294531800047,0.17180794825548867,0.081961598212429,0.11147011308562198,0.0,0.6931698008821403,0.25286813467933966,0.7297297297297297,0.9329896907216495,0.023342579785187327,0.2899026838495593,0.0,0.0,0.3794522676145607,0.5045753639721018,0.0,0.9565217391304348,0.10057697318930721,0.0,0.44839356135940844,1,1,0,0,0,0,1,0,1,0,0,0,1,0,0,1,0,0,0,0,0,0,0,0,0,1,0,0,0,0,0,0,0,0,0,0,0,0,0,0,0,0,0,0,0,0,0,0,0,0,0,0
0.0,0.02488148321990143,0.07929597611791786,0.04893394060730115,0.017770597738287562,0.0,0.5703606570358961,0.11216718814569931,0.05405405405405406,0.8505154639175257,0.08620134878719767,0.2228567891335377,0.6666666666666666,0.0,0.6948018050615131,0.47179255154176153,0.0,1.0,0.0682190285610333,0.0,0.32309460536007956,0,0,0,0,0,1,0,0,0,0,1,0,0,0,1,1,0,0,0,0,0,0,0,0,0,0,0,0,0,0,0,0,0,0,0,0,0,0,0,0,0,0,0,0,1,0,0,0,0,0,0,0
0.0,0.05398263318469843,0.05208657254804408,0.05994315980901044,0.0210016155088853,0.3333333333333333,0.6197320918707063,0.1456205600488026,0.02702702702702703,0.8350515463917526,0.21156096324222223,0.19434012734699674,0.0,0.0,0.2639133850174359,0.49180357426989246,0.0,0.0,0.07900501010379127,0.17647058823529413,0.6782788319159428,0,0,1,0,1,0,0,0,1,0,0,0,0,0,1,0,0,1,0,0,0,0,0,0,0,0,0,1,0,0,0,0,0,0,0,0,0,0,0,0,0,0,0,0,0,0,0,0,0,0,0,0
0.09803921568627451,0.10045059845106782,0.1788046520305991,0.16677336095152276,0.033925686591276254,0.3333333333333333,0.4791153949021844,0.0314855264970384,0.05405405405405406,0.20618556701030927,0.1277944599614641,0.4655584496056157,0.0,0.0,0.4879846534234672,0.7382462044993725,0.0,0.043478260869565216,0.029535971299660593,0.12000000000000001,0.39998028677882225,0,0,1,0,1,0,0,0,0,0,1,0,0,1,0,0,0,1,0,0,0,0,0,0,0,0,0,0,0,0,0,0,0,0,0,0,0,0,0,1,0,0,0,0,0,0,0,0,0,0,0,0
0.058823529411764705,0.09340999765313307,0.06763480315940053,0.10234904117855731,0.07592891760904685,0.3333333333333333,0.5696891060085378,0.964244248971801,0.08108108108108109,0.7938144329896907,0.41786499023670565,0.46554263484365027,0.0,0.0,0.5449567681874506,0.5805015558117763,0.0,0.08695652173913043,0.02916978056827066,0.058823529411764705,0.33605071125044605,0,0,1,0,0,0,1,0,0,1,0,0,1,0,0,0,0,1,0,0,0,0,0,0,0,0,0,0,0,0,0,0,1,0,0,0,0,0,0,0,0,0,0,0,0,0,0,0,0,0,0,0
0.058823529411764705,0.2318751466791833,0.03031904969214506,0.20306300943123112,0.006462035541195477,0.0,0.6522727314754544,0.1672668595155165,0.5945945945945946,0.36597938144329895,0.04270387353793871,0.06567354527688046,0.0,0.0,0.2962528403543963,0.33722267936629335,0.0,0.13043478260869565,0.05383771983735601,0.0,0.41744781770568096,0,0,1,0,0,1,0,0,0,1,0,0,0,0,1,0,0,1,0,0,0,0,0,0,0,0,0,0,0,0,0,0,0,0,0,0,0,0,0,0,0,1,0,0,0,0,0,0,0,0,0,0
0.0,0.23985449425017602,0.16014677529697136,0.2780887995465833,0.06462035541195477,0.3333333333333333,0.7008849805340607,0.24007713953991783,0.08108108108108109,0.9123711340206185,0.09603020932492039,0.45588846227033475,0.0,0.5,0.6857513817238305,0.371408066934949,0.0,0.17391304347826086,0.29272723696955094,0.06818181818181819,0.5802420306161505,0,0,1,0,1,0,0,0,1,0,0,0,0,0,1,0,0,1,0,0,0,0,0,0,0,0,0,0,0,0,0,0,0,0,0,0,0,0,0,0,0,0,0,0,0,0,1,0,0,0,0,0
0.23529411764705882,0.02018774935461159,0.07463150693451093,0.04240995885814009,0.08562197092084006,0.0,0.6154793608401289,0.09544050219414765,0.04054054054054054,0.9948453608247423,0.2740605955128558,0.23173585567095703,0.0,0.0,0.5571376606552921,0.389488927438381,0.0,0.21739130434782608,0.003564597888774713,0.0,0.40890397658035194,0,1,1,0,0,0,1,0,0,1,0,0,1,0,0,0,0,1,0,0,0,0,1,0,0,0,0,0,0,0,0,0,0,0,0,0,0,0,0,0,0,0,0,0,0,0,0,0,0,0,0,0
0.0196078431372549,0.0840225299225534,0.14148889856334362,0.13293020562774976,0.050080775444264945,0.0,0.6884766610330224,0.0846173524607907,0.04054054054054054,0.6134020618556701,0.14231834921230951,0.26350516459244466,0.0,0.0,0.41760341962820224,0.5981572186414756,0.0,0.2608695652173913,0.07461072132711209,0.0,0.3596956515923554,0,0,1,0,1,0,0,0,0,0,1,0,0,1,0,0,0,1,0,0,0,0,0,0,0,0,0,0,0,0,1,0,0,0,0,0,0,0,0,0,0,0,0,0,0,0,0,0,0,0,0,0
0.0392156862745098,0.02112649612766956,0.04664469183406933,0.028546497641172848,0.10339256865912763,0.0,0.5696891060085378,0.7123600369954939,0.25675675675675674,0.9123711340206185,0.029733054893185906,0.27294793675649315,0.0,0.0,0.9740687178374395,0.933595817818537,0.5,0.30434782608695654,0.015221242708963285,0.0,0.40890397658035194,0,0,1,0,0,0,1,0,0,1,0,0,0,0,1,0,0,1,0,0,0,0,0,0,0,0,0,0,0,0,0,0,0,0,0,0,0,0,0,0,0,0,0,0,0,0,0,0,1,0,0,0
0.09803921568627451,0.05022764609246656,0.017880465203059907,0.038740219124237,0.0791599353796446,0.0,0.39823936969958534,0.0118070724363894,0.22972972972972974,0.5309278350515464,0.3517243684361818,0.20312894808224363,0.0,0.0,0.686667939058522,0.5114456922970713,0.0,0.34782608695652173,0.008629809543944527,0.0,0.22054637902379515,0,0,1,0,0,0,1,0,0,0,0,1,1,0,0,0,0,1,0,0,0,0,0,0,0,0,0,0,0,0,0,1,0,0,0,0,0,0,0,0,0,0,0,0,0,0,0,0,0,0,0,0
0.0,0.09294062426660409,0.5713974749673493,0.3661625531602576,0.03877221324717286,0.0,0.6582418225806617,0.19973630871558737,0.06756756756756757,0.030927835051546393,0.11444997310858472,0.19987830445886554,0.0,0.5,0.11241637710602859,0.6959551156676651,0.5,0.391304347826087,0.3790150893116147,0.0,0.5149134949631412,0,1,1,0,1,0,0,0,0,0,1,0,0,1,0,0,0,1,0,0,0,0,0,0,0,0,0,0,0,0,0,0,0,0,0,0,0,0,0,0,0,0,1,0,0,0,0,0,0,0,0,0
0.0196078431372549,0.0,0.46333727221842197,0.22467369897532713,0.008077544426494346,0.6666666666666666,0.741858448506318,0.04427652163646025,0.013513513513513514,0.8762886597938144,0.42856814814196453,0.03058249913062281,0.0,0.0,0.3883994143103879,0.3418673197758752,0.0,0.43478260869565216,0.11955231108860363,0.6666666666666666,0.13914927256856027,0,0,1,0,0,0,1,0,0,1,0,0,0,0,1,0,0,1,0,0,0,0,0,0,1,0,0,0,0,0,0,0,0,0,0,0,0,0,0,0,0,0,0,0,0,0,0,0,0,0,0,0
0.0392156862745098,0.9819338183524995,0.22078487468126148,0.9545441571627206,0.07269789983844911,0.0,0.814522200194859,0.1082314973335695,0.04054054054054054,0.5309278350515464,0.3919128194995404,0.41397633794931515,0.0,0.0,0.9960711533907747,0.6186902639387166,0.0,0.4782608695652174,0.3176282067040663,0.0,0.3705496443958529,0,0,1,0,0,1,0,0,0,0,1,0,0,0,1,0,0,1,0,0,0,0,0,0,0,0,0,0,0,0,1,0,0,0,0,0,0,0,0,0,0,0,0,0,0,0,0,0,0,0,0,0
0.6078431372549019,0.12344989439098802,0.05053174948690844,0.11947449327010508,0.025848142164781908,0.0,0.6668431867068023,0.0865851978668556,0.3918918918918919,0.041237113402061855,0.19078114152036935,0.13669700163911028,0.3333333333333333,0.5,0.2622127179284086,0.2626622878054267,0.0,0.5217391304347826,0.003041239631936831,0.0,0.5802420306161505,0,1,1,0,0,1,0,0,0,1,0,0,1,0,0,0,0,1,0,0,0,0,0,0,0,0,0,0,0,0,0,0,0,0,0,1,0,0,0,0,0,0,0,0,0,0,0,0,0,0,0,0
0.058823529411764705,0.030044590471720256,0.05675104173145101,0.04159446113949496,0.03877221324717286,0.3333333333333333,0.39081062286650387,0.05903536218194701,0.17567567567567569,0.061855670103092786,0.21214847164673584,0.3278680644362843,0.6666666666666666,0.5,0.4853211619156471,0.5185189047786357,0.0,0.5652173913043478,0.01428912084724346,0.10714285714285714,0.4988449241609157,0,0,1,0,1,0,0,0,0,1,0,0,1,0,0,0,0,1,0,0,0,0,0,0,0,0,0,0,0,0,0,0,0,0,0,0,0,0,0,0,0,0,0,0,0,0,0,1,0,0,0,0
0.21568627450980393,0.5740483454588124,0.38559611916163977,0.6866531565877945,0.09854604200323101,0.3333333333333333,0.4215706308484181,0.16234724600035427,0.10810810810810811,0.7268041237113402,0.23687824174765906,0.18404398493401453,0.0,0.5,0.7331433874520752,0.2326732574847985,0.0,0.6086956521739131,0.0565675052895355,0.046153846153846156,0.5523706191045827,0,0,1,1,0,0,0,0,1,0,0,0,0,0,1,0,0,1,0,0,0,0,0,0,0,0,0,0,0,0,0,0,0,0,0,0,0,0,0,0,0,1,0,0,0,0,0,0,0,0,0,0
0.13725490196078433,0.041309551748415864,0.052863984078611904,0.04934168946662372,0.21647819063004847,0.0,0.49673940467967603,0.0,0.43243243243243246,0.9278350515463918,0.3479669417486914,0.04560115373412275,0.0,1.0,0.6100106432742999,0.9045166540105715,0.0,0.6521739130434783,0.0074480121835497504,0.0,0.4335163885079065,0,0,1,1,0,0,0,0,1,0,0,0,0,1,0,0,0,1,0,0,0,0,0,0,0,0,0,0,0,0,0,0,0,0,0,0,0,0,0,0,0,0,0,0,0,0,0,0,0,1,0,0
0.058823529411764705,0.07416568880544473,0.037315753467255464,0.06972913243275203,0.0630048465266559,0.3333333333333333,0.6215537470860859,0.11807072436389401,0.4594594594594595,0.6958762886597938,0.3895471674976056,0.3826281673607335,0.3333333333333333,0.5,0.6406831407959643,0.24156800192165492,0.0,0.6956521739130435,0.02118016461067216,0.06976744186046512,0.6540627675317016,0,1,1,0,0,0,0,1,0,0,0,1,0,0,1,0,0,1,0,0,0,0,0,0,0,0,0,0,0,0,0,0,0,0,0,0,0,0,0,1,0,0,0,0,0,0,0,0,0,0,0,0
0.0,0.03426895095048111,0.6654642701660557,0.3645315577229673,0.1050080775444265,0.0,0.5592676680998855,0.1456205600488026,0.0945945945945946,0.44329896907216493,0.3253059824676198,0.3207863068156101,0.0,0.0,0.6281547835413431,0.7496911845520274,0.0,0.7391304347826086,0.377417166120095,0.0,0.611187774269878,0,0,1,0,1,0,0,0,0,0,0,1,0,1,0,0,0,1,0,0,0,0,0,0,0,0,0,0,0,0,0,0,0,0,1,0,0,0,0,0,0,0,0,0,0,0,0,0,0,0,0,0
0.11764705882352941,0.4224407416099507,0.07618632999564656,0.39266622901622433,0.01615508885298869,0.0,0.35914173018461387,0.03640514001220065,0.0945945945945946,0.30412371134020616,0.21684299578139943,0.15225065805562174,0.3333333333333333,0.0,0.47660951236879495,0.7025135491949885,0.0,0.782608695652174,0.05674822279333831,0.0,0.5249530851670432,0,0,1,0,0,1,0,0,0,0,0,1,1,0,0,0,0,1,0,0,0,0,0,0,0,0,0,0,0,0,0,0,0,0,0,0,0,0,0,0,0,0,0,0,0,0,0,1,0,0,0,0
0.0,0.05586012673081436,0.5931649978232483,0.34536736133480667,0.08077544426494346,0.3333333333333333,0.3579451723433349,0.5283664915284257,0.06756756756756757,0.4175257731958763,0.4923332402040222,0.2583292677821786,0.0,0.0,0.30261360748408356,0.17184466872339127,0.0,0.8260869565217391,0.35864156861973856,0.05555555555555555,0.611187774269878,0,0,1,0,0,0,1,0,0,0,1,0,0,0,1,0,0,1,0,0,0,0,0,0,0,0,0,0,0,0,0,0,0,0,0,0,1,0,0,0,0,0,0,0,0,0,0,0,0,0,0,0
0.19607843137254902,0.07557380896503167,0.013215996019652976,0.05831216437172017,0.061389337641357025,0.0,0.16435242319945956,0.0905208886789854,0.08108108108108109,0.31958762886597936,0.47119877878371697,0.6231062552523073,0.0,0.0,0.5637176675289188,0.5981572186414756,0.0,0.8695652173913043,0.005863707655594141,0.0,0.5802420306161505,0,0,1,0,0,1,0,0,0,0,1,0,1,0,0,0,0,1,0,0,0,0,0,0,0,0,0,0,0,0,0,0,0,0,0,0,0,0,0,0,0,0,0,0,0,0,0,0,1,0,0,0
0.0392156862745098,0.2553438160056325,0.14615336774675056,0.28420503243642176,0.18578352180936994,0.0,0.5696891060085378,0.12692602869118605,0.02702702702702703,0.27319587628865977,0.3699173431493305,0.07151098264450274,0.0,0.0,0.3855014464335811,0.5099895402703153,0.0,0.9130434782608695,0.09871272946586755,0.0,0.3705496443958529,1,0,1,0,1,0,0,0,1,0,0,0,0,0,1,0,0,1,0,0,0,0,0,0,0,0,0,0,0,0,0,1,0,0,0,0,0,0,0,0,0,0,0,0,0,0,0,0,0,0,0,0
0.0,0.12626613471016193,0.8287206915852984,0.5300775946079291,0.04038772213247173,0.0,0.5696891060085378,0.0905208886789854,0.02702702702702703,0.12886597938144329,0.02718761860689368,0.3072523235225812,0.0,0.0,0.3687819465791828,0.5324870527004302,0.0,0.9565217391304348,0.5396063700593444,0.0,0.22054637902379515,0,0,1,0,1,0,0,0,0,0,1,0,1,0,0,0,0,1,0,0,0,0,0,0,0,0,0,0,0,0,0,0,0,0,0,0,0,0,0,0,0,0,0,1,0,0,0,0,0,0,0,0
0.0196078431372549,0.059145740436517255,0.08318303377075696,0.0807383516344613,0.051696284329563816,0.0,1.0,0.14660448275183505,0.013513513513513514,0.5670103092783505,0.29011517403953174,0.09226869119873343,0.3333333333333333,0.0,0.7866542716764496,0.5981572186414756,0.0,1.0,0.04904395026279691,0.0,0.5199960440419653,0,1,1,0,0,1,0,0,0,0,0,1,1,0,0,0,0,1,0,0,0,0,0,0,0,0,0,0,0,0,0,0,0,0,0,0,0,0,0,0,0,0,0,1,0,0,0,0,0,0,0,0
0.0784313725490196,0.22999765313306736,0.05908327632315448,0.21651872178887582,0.16155088852988692,0.0,0.9427388107983883,0.45260444339492706,0.24324324324324326,0.21649484536082475,0.18157472083407347,0.020199033940150653,0.0,0.5,0.390136041505076,0.55827754586187,0.0,0.0,0.04544862308187759,0.0,0.5436409843838745,0,0,1,1,0,0,0,0,0,0,1,0,1,0,0,0,0,0,1,0,0,0,0,0,0,0,0,0,0,0,0,0,0,0,0,0,0,0,0,0,0,1,0,0,0,0,0,0,0,0,0,0
0.0196078431372549,1.0,0.018657876733627732,0.9773780932847842,0.05977382875605816,0.3333333333333333,0.3882166898328401,1.0,0.02702702702702703,0.14432989690721648,0.7451661122091909,0.12183817802969478,0.0,0.0,0.8342454749650536,0.4199213997297719,0.0,0.043478260869565216,0.4882730875317741,0.07317073170731708,0.6407632056713689,0,0,1,0,0,0,1,0,0,0,1,0,1,0,0,0,0,0,1,0,0,0,0,0,0,0,0,0,1,0,0,0,0,0,0,0,0,0,0,0,0,0,0,0,0,0,0,0,0,0,0,0
0.0784313725490196,0.0924712508800751,0.27598109335157683,0.2108102377583599,0.022617124394184167,0.0,0.613648468770385,0.29222504280063766,0.4594594594594595,0.27319587628865977,0.32324909583836925,0.10564665182539959,0.0,0.5,0.5258423739463605,0.5078488669526067,0.5,0.08695652173913043,0.0443300768478138,0.0,0.2782985451371206,0,0,1,0,0,1,0,0,0,1,0,0,0,1,0,0,0,0,1,0,0,0,0,0,0,0,0,0,0,0,1,0,0,0,0,0,0,0,0,0,0,0,0,0,0,0,0,0,0,0,0,0
0.0,0.07275756864585778,0.031873872753280706,0.06565164383952636,0.5492730210016155,0.3333333333333333,0.2910312065975167,0.3827459314796231,0.05405405405405406,0.7989690721649485,0.19790936658604763,0.4392931889599793,0.3333333333333333,0.0,0.43734204943653826,0.5167605855444833,0.0,0.13043478260869565,0.08459774127411021,0.00872093023255814,0.2782985451371206,0,0,1,0,1,0,0,0,1,0,0,0,0,1,0,0,0,0,1,0,0,0,0,1,0,0,0,0,0,0,0,0,0,0,0,0,0,0,0,0,0,0,0,0,0,0,0,0,0,0,0,0
0.0,0.0779206758976766,0.07229927234280746,0.09133982197684802,0.022617124394184167,0.0,0.3214988257160288,0.6159356120983137,0.3918918918918919,0.5721649484536082,0.3259694406322514,0.15245017035322392,0.3333333333333333,0.0,0.08445623440131637,0.5934691786229337,0.0,0.17391304347826086,0.10976503154054547,0.0,0.5297906678146433,0,0,1,0,1,0,0,0,0,0,1,0,1,0,0,0,0,0,1,0,0,0,0,0,0,0,0,0,0,0,0,0,0,0,0,0,0,0,0,0,0,0,1,0,0,0,0,0,0,0,0,0
0.0392156862745098,0.28819995306266133,0.017103053672492086,0.24506114194145542,0.061389337641357025,0.3333333333333333,0.34440638061310036,0.1948166952004251,0.06756756756756757,0.4896907216494845,0.36795656138204863,0.19411880672671017,0.0,0.0,0.9222800666695298,0.5196633589218214,0.0,0.21739130434782608,0.08592934393370996,0.07142857142857142,0.4335163885079065,0,0,1,0,1,0,0,0,0,0,1,0,1,0,0,0,0,0,1,0,0,0,0,0,0,0,0,0,1,0,0,0,0,0,0,0,0,0,0,0,0,0,0,0,0,0,0,0,0,0,0,0
0.0392156862745098,0.029575217085191268,0.46877915293239675,0.2572936077211324,0.08723747980613894,0.0,0.5386330155027015,0.5519806364012045,0.02702702702702703,0.5927835051546392,0.6745626972451498,0.19675694835462018,0.0,0.0,0.469936085550217,0.033973841266852246,0.0,0.2608695652173913,0.08992415191250921,0.0,0.10254822633628438,0,1,1,0,1,0,0,0,0,0,1,0,1,0,0,0,0,0,1,0,0,0,0,0,0,0,0,0,0,0,0,0,0,0,0,0,0,0,1,0,0,0,0,0,0,0,0,0,0,0,0,0
0.0196078431372549,0.04506453884064774,0.2993034392686115,0.1818600687464577,0.08239095315024232,0.0,0.5472333847543889,0.3030481925339946,0.28378378378378377,0.5670103092783505,0.5019203642613936,0.22802789231275725,0.0,0.0,0.0,0.6406369489309102,0.0,0.30434782608695654,0.09857956919990758,0.0,0.5149134949631412,0,0,1,0,1,0,0,0,0,0,1,0,0,0,1,0,0,0,1,0,0,0,0,0,1,0,0,0,0,0,0,0,0,0,0,0,0,0,0,0,0,0,0,0,0,0,0,0,0,0,0,0
0.13725490196078433,0.006575921145271063,0.07774115305678221,0.032216237375075944,0.05492730210016155,0.0,0.6341904196785673,0.17809000924887347,0.3108108108108108,0.5,0.22820373162063934,0.40103630842786375,0.0,0.0,0.6813796320351868,0.6209200489953811,0.0,0.34782608695652173,0.005350737994680146,0.0,0.13914927256856027,0,1,1,0,0,1,0,0,1,0,0,0,1,0,0,0,0,0,1,0,0,0,0,0,0,0,0,0,0,0,0,0,0,0,0,0,0,1,0,0,0,0,0,0,0,0,0,0,0,0,0,0
0.0,0.012677775170147851,0.018657876733627732,0.0065280592377542825,0.05492730210016155,0.0,0.7162222860427009,0.2125273038550092,0.04054054054054054,0.8402061855670103,0.032570222235204824,0.06830631127290535,0.3333333333333333,1.0,0.46052624747683324,0.5690328192639406,0.5,0.391304347826087,0.02667302558152113,0.0,0.2782985451371206,0,0,1,0,0,0,1,0,1,0,0,0,0,0,1,0,0,0,1,0,0,0,0,0,0,0,0,0,0,0,0,0,0,0,0,0,0,0,0,0,0,0,0,0,0,0,0,0,0,1,0,0
0.058823529411764705,0.032860830790894156,0.45789539150444725,0.25443936570587444,0.05331179321486268,0.6666666666666666,0.5163758364109237,0.014758840545486752,0.08108108108108109,0.7319587628865979,0.34061716735474107,0.35668720453194275,0.3333333333333333,0.5,0.27303412298508617,0.7685228960049989,0.0,0.43478260869565216,0.06642136497057363,0.16216216216216217,0.6872025217174725,0,0,1,0,0,1,0,0,0,0,1,0,0,1,0,0,0,0,1,0,0,0,0,0,0,0,0,0,0,0,0,0,0,0,0,0,0,1,0,0,0,0,0,0,0,0,0,0,0,0,0,0
0.0392156862745098,0.059145740436517255,0.05208657254804408,0.06442839726155866,0.022617124394184167,0.3333333333333333,0.5909278733169396,0.20170415412165227,0.04054054054054054,0.18556701030927836,0.11507563166374454,0.34653959897572734,0.3333333333333333,0.0,0.6693482897240431,0.5519669946323961,0.0,0.4782608695652174,0.026939346113441082,0.16666666666666666,0.772916998128378,0,0,1,0,0,1,0,0,0,0,0,1,0,1,0,0,0,0,1,0,0,0,0,0,0,0,0,0,0,0,0,0,0,1,0,0,0,0,0,0,0,0,0,0,0,0,0,0,0,0,0,0
0.0,0.4811124149260737,0.020212699794763374,0.41427691856032034,0.39579967689822293,0.3333333333333333,0.365120466004149,0.02656591298187615,0.0945945945945946,0.8195876288659794,0.4153276919988288,0.384162054057972,0.0,0.0,0.0,0.7637682520468899,0.0,0.5217391304347826,0.4261538234614458,0.012048192771084336,0.24169749890484477,0,0,1,0,0,1,0,0,0,0,1,0,1,0,0,0,0,0,1,0,0,0,0,0,0,0,0,0,0,0,0,0,0,0,0,0,0,0,0,0,0,0,0,0,0,0,1,0,0,0,0,0
0.0,0.11922553391222718,0.0069967037751103986,0.09297081741413829,0.05331179321486268,0.0,0.3150269299479904,0.0236141448727788,0.10810810810810811,0.17525773195876287,0.13823798360919987,0.3612419420750889,0.3333333333333333,0.0,0.31925748875166626,0.7208921267873148,0.0,0.5652173913043478,0.11136295473206517,0.0,0.39064139524608293,0,0,1,1,0,0,0,0,1,0,0,0,0,0,1,0,0,0,1,0,0,0,0,0,1,0,0,0,0,0,0,0,0,0,0,0,0,0,0,0,0,0,0,0,0,0,0,0,0,0,0,0
0.0392156862745098,0.019249002581553626,0.037315753467255464,0.022022515892011794,0.1098546042003231,0.0,0.5696891060085378,0.18596139087313307,0.08108108108108109,0.07731958762886598,0.3704150882840453,0.05145823831937018,0.3333333333333333,0.0,0.4074979449764311,0.7148491461754736,0.0,0.6086956521739131,0.013090678453603686,0.0,0.4554381426000973,0,0,1,1,0,0,0,0,1,0,0,0,1,0,0,0,0,0,1,0,0,0,0,0,0,0,0,0,1,0,0,0,0,0,0,0,0,0,0,0,0,0,0,0,0,0,0,0,0,0,0,0
0.29411764705882354,0.02488148321990143,0.012438584489085153,0.013867538705560472,0.048465266558966075,0.3333333333333333,0.7134309848395807,0.05018005785465495,0.013513513513513514,0.422680412371134,0.5599156992799801,0.3038458324808617,0.0,0.5,0.6525392298990625,0.7115430613956318,0.0,0.6521739130434783,0.000906514118265983,0.08823529411764706,0.7641873634076698,0,1,1,0,0,1,0,0,0,0,0,1,1,0,0,0,0,0,1,0,0,0,0,0,0,0,0,0,0,0,0,0,0,0,0,0,1,0,0,0,0,0,0,0,0,0,0,0,0,0,0,0
0.0784313725490196,0.3097911288429946,0.03809316499782328,0.27482680867200276,0.046849757673667204,0.3333333333333333,0.516170629126328,0.15644370978215957,0.06756756756756757,0.3917525773195876,0.22087183052459525,0.35819918049112714,0.3333333333333333,0.0,0.9478985046046066,0.9493829566029905,0.0,0.6956521739130435,0.056873773901243437,0.09090909090909091,0.3596956515923554,0,0,1,1,0,0,0,0,1,0,0,0,1,0,0,0,0,0,1,0,0,0,0,0,1,0,0,0,0,0,0,0,0,0,0,0,0,0,0,0,0,0,0,0,0,0,0,0,0,0,0,0
0.0,0.2342220136118282,0.18891100192798077,0.28828252102964746,0.04361873990306947,0.0,0.20979338602906658,0.177106086545841,0.17567567567567569,0.788659793814433,0.5380673595472525,0.2779876531365772,0.0,0.0,0.4191231575884412,0.819709659869359,0.0,0.7391304347826086,0.3027142569165491,0.0,0.3596956515923554,0,0,1,0,1,0,0,0,0,1,0,0,0,1,0,0,0,0,1,0,0,0,1,0,0,0,0,0,0,0,0,0,0,0,0,0,0,0,0,0,0,0,0,0,0,0,0,0,0,0,0,0
0.0,0.06571696784792302,0.05130916101747626,0.06972913243275203,0.012924071082390954,0.3333333333333333,0.5710868655954906,0.18399354546706817,0.08108108108108109,0.6958762886597938,0.047672199768173426,0.03255836464784629,0.0,0.0,0.569075597261213,0.5981572186414756,0.0,0.782608695652174,0.08859254925290946,0.25,0.7230748921389017,0,0,1,0,0,0,1,0,0,0,1,0,0,1,0,0,0,0,1,0,0,0,0,1,0,0,0,0,0,0,0,0,0,0,0,0,0,0,0,0,0,0,0,0,0,0,0,0,0,0,0,0
0.0784313725490196,0.03661581788312603,0.12127619876858024,0.08114610049378387,0.05654281098546042,0.0,0.33414551691544625,0.0649388984001417,0.08108108108108109,0.05670103092783505,0.711344574183895,0.0875646187126206,0.0,0.0,1.0,0.709364158036134,0.0,0.8260869565217391,0.01892309810265059,0.0,0.380846771473405,0,0,1,0,0,1,0,0,0,0,1,0,0,0,1,0,0,0,1,0,0,0,0,0,0,0,0,1,0,0,0,0,0,0,0,0,0,0,0,0,0,0,0,0,0,0,0,0,0,0,0,0
0.0392156862745098,0.2337526402252992,0.03342869581441635,0.20632500030581166,0.045234248788368334,0.6666666666666666,0.9154822666319409,0.3296141055158708,0.04054054054054054,0.5,0.433023418886145,0.13851663214995497,0.0,0.0,0.47221424028293996,0.7964120059594545,0.0,0.8695652173913043,0.07327911866751234,0.1875,0.5726656610764669,0,0,1,0,0,1,0,0,0,0,1,0,0,1,0,0,0,0,1,0,0,0,0,0,0,0,0,0,0,0,1,0,0,0,0,0,0,0,0,0,0,0,0,0,0,0,0,0,0,0,0,0
0.13725490196078433,0.016902135648908707,0.08707009142359608,0.04607969859204319,0.1777059773828756,0.0,0.4680295316000081,0.1456205600488026,0.05405405405405406,0.7989690721649485,0.24211115995649565,0.5907148283665805,0.0,0.0,0.5708321088701744,0.3338848460685671,0.0,0.9130434782608695,0.007048531385669826,0.0,0.19690143868188575,0,1,1,0,0,1,0,0,0,0,1,0,1,0,0,0,0,0,1,0,0,0,0,0,0,0,0,0,0,0,0,0,0,0,1,0,0,0,0,0,0,0,0,0,0,0,0,0,0,0,0,0
0.0,0.10091997183759681,0.7020026121027434,0.4415960921349323,0.0210016155088853,0.0,0.719877041235895,0.22827006710352843,0.3108108108108108,0.7319587628865979,0.2978984756846477,0.4395129958742492,0.0,0.0,0.20791633517839914,0.22769976603643294,0.0,0.9565217391304348,0.4529190369194008,0.0,0.41744781770568096,0,0,1,0,1,0,0,0,1,0,0,0,0,1,0,0,0,0,1,0,0,0,0,0,0,0,0,0,0,0,0,0,0,0,0,0,0,0,0,0,0,0,0,0,0,0,0,0,0,0,1,0
0.058823529411764705,0.8420605491668622,0.052863984078611904,0.7449612434709214,0.03877221324717286,0.3333333333333333,0.8012979610482345,0.0452604443394927,0.04054054054054054,0.5,0.4454019798955524,0.34140119282268394,0.0,0.0,0.8880879313263443,0.5463606691666759,0.0,1.0,0.186565214932961,0.10714285714285714,0.1700950162222878,0,0,1,0,0,0,1,0,0,0,1,0,0,0,1,0,0,0,1,0,0,0,0,0,0,0,0,0,0,0,0,0,1,0,0,0,0,0,0,0,0,0,0,0,0,0,0,0,0,0,0,0
0.09803921568627451,0.08120628960337949,0.12516325642141937,0.12192098642604048,0.027463651050080775,0.0,0.3928732504236602,0.1338134876124132,0.17567567567567569,0.6185567010309279,0.25990061668164643,0.22328871640385067,0.0,0.5,0.31949556326052514,0.5785391676983455,0.0,0.0,0.02221215667186197,0.0,0.26083101421026195,0,1,0,0,0,1,0,0,0,0,1,0,1,0,0,0,1,0,0,0,0,0,0,0,0,0,0,0,0,0,0,0,1,0,0,0,0,0,0,0,0,0,0,0,0,0,0,0,0,0,0,0
0.0196078431372549,0.02347336306031448,0.010106349897381687,0.011421045549625076,0.22132471728594508,0.0,0.5988900096382149,0.384713776885688,0.10810810810810811,0.5618556701030928,0.3753345814125603,0.3937980197188506,0.0,1.0,0.5283542924683788,0.5495562333889639,0.0,0.043478260869565216,0.015088082443003309,0.0,0.5945874151686574,0,0,0,0,0,0,1,0,0,0,1,0,0,1,0,0,1,0,0,0,0,0,0,0,0,0,0,0,0,0,0,0,0,0,0,0,0,0,1,0,0,0,0,0,0,0,0,0,0,0,0,0
0.0196078431372549,0.10326683877024172,0.450121276198769,0.3115242060110337,0.029079159935379646,0.0,0.6942915744457847,0.3492925595765198,0.12162162162162163,0.23195876288659795,0.8149300461881057,0.37751613618035035,0.0,0.0,0.5223249180770063,0.7200847590947883,0.0,0.08695652173913043,0.1620970160628156,0.0,0.4335163885079065,0,0,0,0,0,1,0,0,0,0,0,1,0,0,1,0,1,0,0,0,0,0,0,0,0,0,0,0,0,1,0,0,0,0,0,0,0,0,0,0,0,0,0,0,0,0,0,0,0,0,0,0
0.0392156862745098,0.03520769772353908,0.045867280303501505,0.040371214561527265,0.10662358642972536,0.0,0.606782987424745,0.0728102800244013,0.05405405405405406,0.5670103092783505,0.16079787920379457,0.30738781748905875,0.3333333333333333,0.0,0.4893650428771511,0.5599328834920986,0.0,0.13043478260869565,0.019082890421802556,0.0,0.39064139524608293,1,1,0,0,0,1,0,0,1,0,0,0,0,1,0,0,1,0,0,0,0,0,0,0,0,0,0,0,0,0,0,0,0,0,0,0,0,0,0,1,0,0,0,0,0,0,0,0,0,0,0,0
0.0784313725490196,0.008922788077915982,0.26665215498476297,0.13333795448707234,0.15024232633279483,0.6666666666666666,0.6558514248057238,0.0944565794911152,0.08108108108108109,0.6752577319587629,0.17940728623622848,0.5446362743034311,0.0,0.5,0.37879083139410624,0.9109673406790596,0.0,0.17391304347826086,0.029149806528376662,0.061855670103092786,0.30924428879084803,1,0,0,0,0,0,0,1,0,0,1,0,1,0,0,0,1,0,0,0,0,0,0,0,0,0,0,0,0,0,0,0,0,0,0,0,0,0,0,0,0,0,0,0,0,0,0,0,0,1,0,0
0.0392156862745098,0.14410232339826332,0.069967037751104,0.14760916456336215,0.05654281098546042,0.3333333333333333,0.31799788404467627,0.05903536218194701,0.0945945945945946,0.05154639175257732,0.36951271183697404,0.3864387507250602,0.3333333333333333,0.0,0.5225569512857859,0.5981572186414756,0.0,0.21739130434782608,0.054104040369275956,0.07692307692307693,0.44839356135940844,0,1,0,0,1,0,0,0,1,0,0,0,1,0,0,0,1,0,0,0,0,0,0,0,0,0,0,0,0,0,0,0,0,0,0,0,1,0,0,0,0,0,0,0,0,0,0,0,0,0,0,0
0.11764705882352941,0.2318751466791833,0.1624790098886748,0.27238031551606734,0.01615508885298869,0.0,0.6944051397941762,0.0846173524607907,0.06756756756756757,0.6958762886597938,0.39304389910892307,0.4150545242366671,0.3333333333333333,0.0,0.8451437057822601,0.5953756624945212,0.0,0.2608695652173913,0.03991296059697006,0.0,0.4988449241609157,0,0,0,0,0,0,0,1,0,0,0,1,0,0,1,0,1,0,0,0,0,0,0,0,0,0,0,0,0,0,0,0,0,1,0,0,0,0,0,0,0,0,0,0,0,0,0,0,0,0,0,0
0.0196078431372549,0.0431870452945318,0.17414018284719215,0.1145815069582343,0.017770597738287562,0.6666666666666666,0.48654500768701286,0.03443729460613575,0.13513513513513514,0.24742268041237114,0.3802452062708641,0.21116620874332073,0.0,0.0,0.9565551204740923,0.7844343395092765,0.0,0.30434782608695654,0.06562240337481379,0.4,0.6205266658026173,0,0,0,1,0,0,0,0,0,0,0,1,1,0,0,0,1,0,0,0,0,0,0,0,0,0,0,0,0,0,0,0,0,0,0,0,0,0,0,0,0,0,0,0,0,0,1,0,0,0,0,0
0.0,0.03990143158882892,0.04664469183406933,0.04485645201407549,0.13570274636510501,0.3333333333333333,0.6535235329255086,0.13873310112757545,0.14864864864864866,0.005154639175257732,0.0060955559100883145,0.6663327634542516,0.0,0.0,0.43393852118248827,0.9126607722729981,0.0,0.34782608695652173,0.06422422058223405,0.034090909090909095,0.44839356135940844,0,0,0,0,1,0,0,0,0,0,1,0,0,1,0,0,1,0,0,0,0,0,0,0,0,0,0,0,0,0,0,0,0,0,0,0,0,0,0,0,1,0,0,0,0,0,0,0,0,0,0,0
0.29411764705882354,0.017840882421966672,0.27909073947384816,0.14760916456336215,0.01938610662358643,0.3333333333333333,0.7675323565649973,0.2676269752248264,0.5405405405405406,0.7577319587628866,0.1518949182743643,0.662184479109798,0.0,0.0,0.37556721962548545,0.5738128000253382,0.0,0.391304347826087,0.00909587047480444,0.1875,0.29436711593934617,0,0,0,0,1,0,0,0,0,1,0,0,0,1,0,0,1,0,0,0,0,0,0,0,0,0,0,0,1,0,0,0,0,0,0,0,0,0,0,0,0,0,0,0,0,0,0,0,0,0,0,0
0.0196078431372549,0.05257451302511148,0.031873872753280706,0.04811844288865602,0.09208400646203554,0.0,0.7173397421906283,0.07379420272743376,0.12162162162162163,0.3917525773195876,0.32884994743546697,0.15546237158503673,0.6666666666666666,0.0,0.2991132849315913,0.5651769640813219,0.0,0.43478260869565216,0.03306471834759993,0.0,0.47519998381900647,1,1,0,0,0,0,1,0,0,0,0,1,0,1,0,0,1,0,0,0,0,0,0,0,0,0,0,0,0,0,0,0,1,0,0,0,0,0,0,0,0,0,0,0,0,0,0,0,0,0,0,0
0.0196078431372549,0.030983337244778225,0.19590770570309118,0.11539700467687942,0.07108239095315025,0.0,0.6533773599128799,0.1456205600488026,0.013513513513513514,0.41237113402061853,0.09986590598663132,0.029519897281837775,0.0,0.5,1.0,0.5050536526529605,0.0,0.4782608695652174,0.06602188417269371,0.0,0.42564283169636397,0,0,0,0,0,0,0,1,0,0,1,0,0,1,0,0,1,0,0,0,0,0,0,0,0,0,0,0,0,0,0,0,1,0,0,0,0,0,0,0,0,0,0,0,0,0,0,0,0,0,0,0
0.0392156862745098,0.016432762262379722,0.05053174948690844,0.026507753344560018,0.09046849757673667,0.0,0.5696891060085378,0.12889387409725095,0.25675675675675674,0.6237113402061856,0.5959230944307119,0.3976359882388262,0.3333333333333333,0.0,0.49862046694039625,0.861118351640516,0.0,0.5217391304347826,0.01455544137916341,0.0,0.5149134949631412,0,1,0,0,0,0,0,1,0,0,1,0,1,0,0,0,1,0,0,0,0,0,0,0,0,0,0,0,0,0,0,0,0,0,0,1,0,0,0,0,0,0,0,0,0,0,0,0,0,0,0,0
0.0392156862745098,0.5519877962919503,0.12049878723801243,0.5284465991706389,0.09854604200323101,0.0,0.7212568602996133,0.3729067044492986,0.08108108108108109,0.5618556701030928,0.214635713692664,0.33598351717859853,0.0,0.5,0.7084707814330006,0.6144833268746641,0.0,0.5652173913043478,0.17847572877589252,0.0,0.49318962158236734,1,0,0,0,0,0,1,0,1,0,0,0,0,0,1,0,1,0,0,0,0,0,0,0,0,0,0,0,0,0,0,0,0,0,0,0,0,0,0,0,0,0,0,0,0,0,0,0,0,0,1,0
0.0196078431372549,0.1098380661816475,0.04664469183406933,0.10561103205313783,0.027463651050080775,0.3333333333333333,0.8825352583146631,0.0885530432729205,0.47297297297297297,0.6237113402061856,0.24076013887059772,0.09176082768830204,0.0,0.5,0.6194453339665734,0.4419801401532072,0.0,0.6086956521739131,0.06122811459813462,0.14285714285714285,0.39064139524608293,0,1,0,0,0,0,0,1,0,0,1,0,0,1,0,0,1,0,0,0,0,0,0,0,0,0,0,0,0,0,0,0,0,0,0,0,0,0,0,0,0,0,0,0,0,0,0,0,1,0,0,0
0.0392156862745098,0.124388641164046,0.08551526836246043,0.1386386896582657,0.025848142164781908,0.0,0.576889492733552,0.09150481138201785,0.32432432432432434,0.9484536082474226,0.027973494958309163,0.06078614738716705,0.0,0.0,0.9411213313939689,0.6026249303421803,0.0,0.6521739130434783,0.051174514518156515,0.0,0.44839356135940844,0,0,0,0,0,0,1,0,1,0,0,0,1,0,0,0,1,0,0,0,0,0,0,0,0,0,0,0,0,0,0,0,0,1,0,0,0,0,0,0,0,0,0,0,0,0,0,0,0,0,0,0
0.0392156862745098,0.17789720722835015,0.0209901113253312,0.15127890429726523,0.12116316639741519,0.0,0.6164567767453838,0.0688745892122715,0.06756756756756757,0.6494845360824743,0.10697932055900235,0.22951516829965068,0.3333333333333333,0.0,0.41849938546608084,0.9179678361963439,0.0,0.6956521739130435,0.05530248276291573,0.0,0.39998028677882225,0,1,0,0,1,0,0,0,0,0,0,1,0,0,1,0,1,0,0,0,0,0,0,0,0,0,0,0,0,0,0,0,0,0,0,0,0,0,0,0,1,0,0,0,0,0,0,0,0,0,0,0
0.0392156862745098,0.15630603144801689,0.10728279121835944,0.17778258015323203,0.03715670436187399,0.3333333333333333,0.7699458598087143,0.0491961351516225,0.17567567567567569,0.04639175257731959,0.2612241961495284,0.1600452670058556,0.3333333333333333,0.0,0.23563865865228184,0.7303280891757542,0.0,0.7391304347826086,0.06395790005031411,0.1111111111111111,0.6514724094563449,0,0,0,0,0,1,0,0,1,0,0,0,0,1,0,0,1,0,0,0,0,0,0,0,0,0,0,0,0,0,0,0,0,0,0,0,0,0,0,0,0,0,0,0,0,0,0,0,0,1,0,0
0.0,0.03802393804271298,0.08473785683189261,0.06320515068359096,0.0,0.0,0.48570105520350315,0.24598067575811253,0.05405405405405406,0.22164948453608246,0.09703536802379426,0.23821582700197824,0.3333333333333333,0.5,0.8668699761752026,0.45991231223272366,0.0,0.782608695652174,0.08220085648683066,0.0,0.32309460536007956,0,0,0,0,0,0,0,1,0,0,0,1,1,0,0,0,1,0,0,0,0,0,0,0,0,0,0,0,0,0,0,1,0,0,0,0,0,0,0,0,0,0,0,0,0,0,0,0,0,0,0,0
0.2549019607843137,0.08777751701478526,0.0419802226506624,0.08400034250904183,0.1147011308562197,0.0,0.31687124358690943,0.1397170238306079,0.10810810810810811,0.4484536082474227,0.2655074248115452,0.41199510105865056,0.0,0.0,0.6634164853652947,0.6452139234532304,0.0,0.8260869565217391,0.0061282988334107145,0.0,0.4335163885079065,0,0,0,0,1,0,0,0,1,0,0,0,0,0,1,0,1,0,0,0,0,0,0,0,0,0,0,1,0,0,0,0,0,0,0,0,0,0,0,0,0,0,0,0,0,0,0,0,0,0,0,0
0.0196078431372549,0.045533912227176725,0.07540891846507874,0.06483614612088123,0.024232633279483037,0.3333333333333333,0.6822544499797316,0.1652990141094516,0.17567567567567569,0.4742268041237113,0.12156090306018537,0.03261051087520523,0.0,0.0,0.5682965712702467,0.431620873540646,0.0,0.8695652173913043,0.04125407470413838,0.15789473684210525,0.47519998381900647,0,0,0,0,0,1,0,0,0,1,0,0,0,0,1,0,1,0,0,0,0,0,0,0,0,0,0,0,0,0,0,0,0,0,0,0,0,0,0,0,0,0,0,0,0,0,0,1,0,0,0,0
0.0784313725490196,0.10655245247594461,0.09406679519870648,0.1276294704565564,0.09693053311793215,0.3333333333333333,0.5696891060085378,0.4407973709585376,0.24324324324324326,0.36082474226804123,0.2396389835886108,0.016600130171208084,0.3333333333333333,0.0,0.7978724603398432,0.693164388325321,0.0,0.9130434782608695,0.028031260294312875,0.046875,0.7248916463071065,1,0,0,0,0,0,1,0,0,0,1,0,0,0,1,0,1,0,0,0,0,0,0,0,0,0,1,0,0,0,0,0,0,0,0,0,0,0,0,0,0,0,0,0,0,0,0,0,0,0,0,0
0.0,0.095287491199249,0.03809316499782328,0.08848557996159007,0.21324717285945072,0.0,0.3423971572364651,0.4614597477222191,0.20270270270270271,0.18041237113402062,0.37738122246063427,0.2003862133897811,0.0,0.0,0.580435405371697,0.8920515526970352,0.0,0.9565217391304348,0.106968665955386,0.0,0.44839356135940844,0,0,0,0,1,0,0,0,0,1,0,0,0,1,0,0,1,0,0,0,0,0,0,0,0,0,0,0,0,0,0,0,0,0,0,0,0,0,0,0,0,0,0,0,1,0,0,0,0,0,0,0
0.0196078431372549,0.03943205820229993,0.06918962622053616,0.05627342007510734,0.06623586429725363,0.6666666666666666,0.6837155360336913,0.02263022216974635,0.10810810810810811,0.10309278350515463,0.487517307827463,0.14388479095691065,0.0,0.0,0.8052578198390259,0.6834735103612578,0.0,1.0,0.037059526326399174,0.13333333333333336,0.6174617212994257,0,0,0,0,1,0,0,0,0,0,1,0,0,1,0,0,1,0,0,0,0,0,0,0,0,0,0,0,0,0,0,0,0,0,0,0,0,0,0,0,0,0,0,0,0,0,0,0,1,0,0,0
0.0,0.00986153485097395,0.023322345917034665,0.0065280592377542825,0.15347334410339256,0.3333333333333333,0.8696727644854431,0.2705787433339238,0.6756756756756757,0.14432989690721648,0.34089294501215994,0.3392614031125478,0.0,0.5,0.5236774033428142,0.5429696428627899,0.0,0.0,0.02667302558152113,0.030303030303030307,0.6665357204440179,0,0,0,0,1,0,0,0,0,0,1,0,0,1,0,0,0,0,0,0,1,0,0,0,0,0,0,0,0,0,0,0,0,0,0,0,0,0,0,0,0,0,0,0,0,0,0,1,0,0,0,0
0.17647058823529413,0.07557380896503167,1.0,0.6405775354843445,0.07431340872374798,0.3333333333333333,0.25802717191967245,0.1908810043882953,0.06756756756756757,0.9536082474226805,0.3642331989143395,0.08405010282152894,0.0,0.5,0.6631276040479201,0.8554061285983762,0.0,0.043478260869565216,0.06362499938541416,0.060000000000000005,0.4335163885079065,0,0,0,1,0,0,0,0,0,1,0,0,0,1,0,0,0,0,0,0,1,0,0,0,0,0,0,0,0,0,0,0,0,0,0,0,0,0,0,1,0,0,0,0,0,0,0,0,0,0,0,0
0.0196078431372549,0.049288899319408594,0.2689843895764665,0.1696276029667807,0.25040387722132473,0.0,0.7879818827377633,0.10331188381840725,0.013513513513513514,0.39690721649484534,0.31368314316701934,0.2900489611721125,0.0,0.0,0.5832145577141442,0.7030117651967642,0.0,0.08695652173913043,0.0925873572317087,0.0,0.40890397658035194,0,0,0,0,1,0,0,0,0,1,0,0,0,1,0,0,0,0,0,0,1,0,0,0,0,0,0,0,0,0,0,1,0,0,0,0,0,0,0,0,0,0,0,0,0,0,0,0,0,0,0,0
0.09803921568627451,0.002351560666510209,0.11039243734063074,0.045671949732720624,0.024232633279483037,0.3333333333333333,0.07671914175787954,0.20760769033984697,0.02702702702702703,0.9639175257731959,0.06394410394904572,0.28620329377804116,0.3333333333333333,0.0,0.40199078051993337,0.5948292624806272,0.0,0.13043478260869565,0.009761671804604315,0.15789473684210525,0.39064139524608293,1,0,0,0,0,0,1,0,0,0,1,0,1,0,0,0,0,0,0,0,1,0,0,0,0,0,0,0,0,0,0,0,0,0,0,0,0,0,0,0,0,0,1,0,0,0,0,0,0,0,0,0
0.0,0.1154705468199953,0.30552273151315407,0.24628438851942314,0.06462035541195477,0.3333333333333333,0.5037056639970249,0.01869453135761655,0.32432432432432434,0.33505154639175255,0.5532947399237114,0.40051699191740503,0.0,0.0,0.42750228859285255,0.6776186699995005,0.5,0.17391304347826086,0.26156773473491685,0.06818181818181819,0.39998028677882225,0,0,0,0,0,0,0,1,0,1,0,0,1,0,0,0,0,0,0,0,1,0,0,0,0,0,0,1,0,0,0,0,0,0,0,0,0,0,0,0,0,0,0,0,0,0,0,0,0,0,0,0
0.0196078431372549,0.19526402252992256,0.004664469183406933,0.15780288604642628,0.11631663974151858,0.0,0.9514785222616569,0.5086880374677767,0.0945945945945946,0.30927835051546393,0.1679250770219875,0.4365202454787626,0.3333333333333333,0.0,0.3876110857023434,0.02609761925971326,0.0,0.21739130434782608,0.0867948856624498,0.0,0.5980191220754025,0,0,0,0,0,1,0,0,0,0,1,0,1,0,0,0,0,0,0,0,1,0,0,0,0,0,0,0,0,0,0,0,0,0,0,0,0,0,0,0,0,0,0,0,0,0,0,0,0,1,0,0
0.0196078431372549,1.0,0.0,0.9569906503186559,0.05492730210016155,1.0,0.5180857310809429,0.24302890764901516,0.12162162162162163,0.4896907216494845,0.5257289544279369,0.11394834504993705,0.0,0.5,0.5276980206402311,0.8368980545469165,0.0,0.2608695652173913,0.478286067584776,0.23684210526315788,0.4873703745557706,0,0,0,0,0,0,1,0,0,0,1,0,0,0,1,0,0,0,0,0,1,0,0,0,0,0,0,0,0,0,0,0,1,0,0,0,0,0,0,0,0,0,0,0,0,0,0,0,0,0,0,0
0.1568627450980392,0.03896268481577095,0.049754337956340614,0.045671949732720624,0.17447495961227788,0.3333333333333333,0.6016658621537668,0.06789066650923906,0.06756756756756757,0.9484536082474226,0.1040714833816369,0.24485464435303267,0.3333333333333333,0.0,0.3742183497920148,0.428205208439331,0.0,0.30434782608695654,0.006077571113045009,0.026785714285714284,0.4873703745557706,1,1,0,0,0,0,1,0,1,0,0,0,0,1,0,0,0,0,0,0,1,0,0,0,0,0,0,0,0,0,0,0,0,0,0,0,0,0,0,0,0,0,1,0,0,0,0,0,0,0,0,0
0.0,0.03239145740436517,0.013993407550220797,0.021207018173366662,0.04361873990306947,0.0,0.7361350092225614,0.0905208886789854,0.06756756756756757,0.5618556701030928,0.6132659813713295,0.10279193628160134,0.0,0.0,0.5639592577104472,0.8269522241733556,0.0,0.34782608695652173,0.04105433430519842,0.0,0.24169749890484477,0,0,0,0,0,0,0,1,0,1,0,0,0,0,1,0,0,0,0,0,1,0,0,0,0,0,0,0,0,1,0,0,0,0,0,0,0,0,0,0,0,0,0,0,0,0,0,0,0,0,0,0
0.0,0.014085895329734803,0.06063809938429012,0.029769744219140547,0.3715670436187399,0.3333333333333333,0.24069598248915727,0.019678454060649,0.05405405405405406,0.030927835051546393,0.19008661090724077,0.21059327078753698,0.0,0.0,0.556724989857064,0.8732667840175011,0.0,0.391304347826087,0.049443431060676835,0.012820512820512822,0.2782985451371206,0,1,0,0,1,0,0,0,0,0,0,1,1,0,0,0,0,0,0,0,1,0,1,0,0,0,0,0,0,0,0,0,0,0,0,0,0,0,0,0,0,0,0,0,0,0,0,0,0,0,0,0
0.0,0.08120628960337949,0.1018409105043847,0.1096885206463635,0.3877221324717286,0.0,0.5981002300308129,0.11807072436389401,0.14864864864864866,0.26804123711340205,0.31672836139238086,0.16158562877375596,0.0,0.0,0.5148600643305293,0.6450277576006186,0.0,0.43478260869565216,0.1277416674451421,0.0,0.8295984952212674,0,0,0,0,1,0,0,0,1,0,0,0,0,0,1,0,0,0,0,0,1,0,0,1,0,0,0,0,0,0,0,0,0,0,0,0,0,0,0,0,0,0,0,0,0,0,0,0,0,0,0,0
0.0,0.0807369162168505,0.23011381304807535,0.17655933357526435,0.0840064620355412,0.3333333333333333,0.5965252477639009,0.1003601157093099,0.0945945945945946,0.9845360824742269,0.1895921636593903,0.3360797818286205,0.0,0.0,0.518554979185906,0.6123585193041751,0.0,0.4782608695652174,0.19325651829744975,0.05357142857142857,0.41744781770568096,0,1,0,0,0,0,1,0,0,0,1,0,0,0,1,0,0,0,0,0,1,0,0,0,0,0,0,0,0,0,0,0,0,0,0,0,0,0,0,0,0,0,1,0,0,0,0,0,0,0,0,0
0.0,0.022065242900727526,0.019435288264195553,0.01509078528352817,0.1050080775444265,0.3333333333333333,0.9558357622712119,0.03837298541826555,0.14864864864864866,0.15463917525773196,0.1069671438950921,0.794933740245986,0.0,0.0,0.3507362320310954,0.46333890258909366,0.0,0.5217391304347826,0.03506212233699955,0.04347826086956522,0.30924428879084803,0,0,0,0,1,0,0,0,0,0,1,0,0,1,0,0,0,0,0,0,1,0,0,0,0,0,0,0,0,1,0,0,0,0,0,0,0,0,0,0,0,0,0,0,0,0,0,0,0,0,0,0
0.0,0.051166392865524525,0.12749549101312282,0.09704830600736394,0.17932148626817448,0.0,0.3367593541967785,0.30009642442489726,0.13513513513513514,0.8402061855670103,0.30792678004992513,0.03775530823960719,0.0,0.5,0.4112059437037654,0.5350690108998404,0.0,0.5652173913043478,0.11535776271086441,0.0,0.7019237722578521,0,0,0,0,1,0,0,0,0,0,0,1,1,0,0,0,0,0,0,0,1,0,0,0,0,0,0,0,0,0,0,0,0,0,0,0,0,0,0,0,0,0,0,1,0,0,0,0,0,0,0,0
0.0,0.0014128138934522412,0.08162821070962133,0.029769744219140547,0.0210016155088853,0.0,0.5074518835301427,0.4417812936615701,0.06756756756756757,0.9329896907216495,0.12117639772187329,0.4292416424767734,0.0,0.0,0.1157256239400104,0.4582931551682486,0.0,0.6086956521739131,0.049443431060676835,0.0,0.49318962158236734,0,0,0,1,0,0,0,0,0,0,1,0,0,0,1,0,0,0,0,0,1,0,0,0,0,0,0,0,0,1,0,0,0,0,0,0,0,0,0,0,0,0,0,0,0,0,0,0,0,0,0,0
0.0,0.18681530157240084,0.12049878723801243,0.21121798661768246,0.017770597738287562,0.0,0.39818318580208206,0.1534919416730622,0.02702702702702703,0.211340206185567,0.18241292137577828,0.24240649127394492,0.0,0.5,0.4456999052119346,0.5570826067196686,0.0,0.6521739130434783,0.22721238611724331,0.0,0.5480532491489123,0,0,0,0,0,1,0,0,1,0,0,0,1,0,0,0,0,0,0,0,1,0,1,0,0,0,0,0,0,0,0,0,0,0,0,0,0,0,0,0,0,0,0,0,0,0,0,0,0,0,0,0
0.0,0.02347336306031448,0.04353504571179804,0.028954246500495415,0.19063004846526657,0.6666666666666666,0.3769903305107918,0.11905464706692646,0.02702702702702703,0.5567010309278351,0.2782178144787949,0.3301223189312291,0.0,0.0,0.2614403603464396,0.598564072366544,0.0,0.6956521739130435,0.04864446946491699,0.049180327868852465,0.41744781770568096,0,0,0,0,0,0,0,1,0,0,1,0,0,1,0,0,0,0,0,0,1,0,0,0,0,0,0,0,0,0,0,0,0,0,0,0,0,0,0,0,0,1,0,0,0,0,0,0,0,0,0,0
0.13725490196078433,0.060553860596104195,0.3863735306922076,0.24098365334822977,0.08239095315024232,0.0,0.8089792510639735,0.22728614440049597,1.0,0.5979381443298969,0.5870086136741162,0.11673564419149143,0.0,0.0,0.49245342920617924,0.6188498180995087,0.0,0.7391304347826086,0.03091750905899533,0.0,0.39064139524608293,0,0,0,0,0,0,1,0,0,0,1,0,0,0,1,0,0,0,0,0,1,0,0,0,0,0,0,0,0,0,0,0,0,0,0,0,0,1,0,0,0,0,0,0,0,0,0,0,0,0,0,0
0.058823529411764705,0.007984041304858013,0.07152186081223963,0.03017749307846311,0.05331179321486268,0.3333333333333333,0.5890194317789184,0.15447586437609467,0.32432432432432434,0.7938144329896907,0.15174069773972187,0.030797821957124497,0.0,0.0,0.3191736667176207,0.39218102730461496,0.0,0.782608695652174,0.011492755262083989,0.08108108108108109,0.41744781770568096,0,0,0,0,0,0,0,1,0,0,1,0,0,1,0,0,0,0,0,0,1,0,0,0,0,0,0,0,0,0,0,0,0,0,0,0,1,0,0,0,0,0,0,0,0,0,0,0,0,0,0,0
0.0392156862745098,0.03051396385824924,0.5970520554760874,0.32538766722800094,0.06623586429725363,0.0,0.4726764136886692,0.05214790326071985,0.2972972972972973,0.7989690721649485,0.5990321814689744,0.130704018355036,0.0,0.0,0.034853667184688415,0.3804824545250944,0.0,0.8260869565217391,0.11216191632782502,0.0,0.19690143868188575,0,0,0,0,1,0,0,0,0,0,1,0,0,0,1,0,0,0,0,0,1,0,0,0,0,0,0,0,0,0,0,0,0,0,0,0,0,0,0,0,0,0,0,0,0,1,0,0,0,0,0,0
0.0,0.04506453884064774,0.031096461222712885,0.0411867122801724,0.0032310177705977385,0.0,0.48021414710648375,0.0846173524607907,0.05405405405405406,0.05670103092783505,0.5701002567827762,0.11651318820293742,0.0,0.0,0.9504926605112776,0.3436887933276067,0.0,0.8695652173913043,0.06062889340131473,0.0,0.4335163885079065,0,0,0,1,0,0,0,0,0,0,1,0,0,1,0,0,0,0,0,0,1,0,0,0,0,0,0,0,0,0,0,0,0,0,0,0,0,0,0,0,0,0,0,0,0,0,0,0,1,0,0,0
0.0,0.06243135414222013,0.18813359039741295,0.1386386896582657,0.05492730210016155,0.3333333333333333,0.47114576271475866,0.12003856976995891,0.10810810810810811,0.31958762886597936,0.4686144282341402,0.5315610089058965,0.0,0.0,0.421961591830464,0.791163618895252,0.0,0.9130434782608695,0.15610480409461674,0.07894736842105263,0.4988449241609157,0,0,0,0,1,0,0,0,0,0,1,0,0,1,0,0,0,0,0,0,1,0,0,0,0,0,0,0,0,0,0,0,0,0,0,0,0,0,0,0,0,0,1,0,0,0,0,0,0,0,0,0
0.0,0.11171555972776342,0.07463150693451093,0.12192098642604048,0.03231017770597738,0.0,0.48901507263166444,0.1948166952004251,0.05405405405405406,0.9432989690721649,0.5256004458640604,0.3115475925153912,0.3333333333333333,0.0,0.7791186941351195,0.7262376401789307,0.0,0.9565217391304348,0.13972609138153982,0.0,0.7771434692980363,0,1,0,0,0,0,1,0,0,0,1,0,0,0,1,0,0,0,0,0,1,0,0,0,0,0,0,0,0,0,0,0,0,0,0,0,0,0,0,0,0,0,0,0,0,0,0,0,0,1,0,0
0.0392156862745098,0.3327904247829148,0.054418807139747546,0.3033692288245824,0.14378029079159935,0.0,0.3310234173088725,0.15841155518822447,0.02702702702702703,0.35051546391752575,0.06872318122619286,0.2073816433477992,0.0,0.0,0.35907075351495993,0.5316471809721327,0.0,1.0,0.10497126196598637,0.0,0.4622438779286399,0,0,0,0,1,0,0,0,0,1,0,0,0,0,1,0,0,0,0,0,1,0,0,0,0,0,0,0,0,0,0,0,0,0,0,0,0,0,0,0,0,0,0,0,0,1,0,0,0,0,0,0
0.09803921568627451,0.14973480403661113,0.16636606754151392,0.20306300943123112,0.15347334410339256,0.0,0.5319925926886551,0.1889131589822304,0.05405405405405406,0.2422680412371134,0.0029383325109297908,0.2369252328705745,0.0,0.0,0.8325402196995882,0.7652582780253643,0.0,0.0,0.03546160313487947,0.0,0.05775216611332546,1,0,0,1,0,0,0,0,0,1,0,0,0,1,0,0,0,0,0,0,0,1,0,0,0,0,0,0,0,0,0,0,0,0,0,0,0,0,0,0,0,0,0,0,0,0,0,0,1,0,0,0
0.09803921568627451,0.1943252757568646,0.05675104173145101,0.18430656190239308,0.10662358642972536,0.0,0.5696891060085378,0.0275498356849086,0.28378378378378377,0.6288659793814433,0.5722703381795701,0.5716973289041496,0.3333333333333333,0.0,0.22614215370953777,0.8124656872928993,0.0,0.043478260869565216,0.032398917017800045,0.0,0.42564283169636397,0,1,0,0,0,1,0,0,0,1,0,0,0,0,1,0,0,0,0,0,0,1,0,0,0,0,0,0,0,0,1,0,0,0,0,0,0,0,0,0,0,0,0,0,0,0,0,0,0,0,0,0
0.0784313725490196,0.3356066651020887,0.0,0.2768655529686156,0.09208400646203554,0.0,0.43226549662061836,0.2745144341460536,0.20270270270270271,0.1958762886597938,0.08170168139012302,0.27869517447076425,0.3333333333333333,0.5,0.5086632174859427,0.6596804161819076,0.0,0.08695652173913043,0.05727325469912336,0.0,0.9374438617476462,0,0,0,0,0,0,0,1,0,0,1,0,0,1,0,0,0,0,0,0,0,1,0,0,0,0,0,0,0,0,0,0,0,0,0,0,0,0,1,0,0,0,0,0,0,0,0,0,0,0,0,0
0.0,0.12391926777751701,0.0,0.09215531969549316,0.014539579967689823,0.0,0.6146761708411491,0.157427632485192,0.04054054054054054,0.14432989690721648,0.4318844809868648,0.3685836609744766,0.0,1.0,0.23878338635448246,0.6988963637823054,0.0,0.13043478260869565,0.11056399313630531,0.0,0.6013931504972001,0,0,0,0,0,0,0,1,0,1,0,0,0,0,1,0,0,0,0,0,0,1,0,0,0,0,0,0,0,0,0,0,0,0,0,0,0,0,0,0,0,0,0,0,1,0,0,0,0,0,0,0
0.0392156862745098,0.060553860596104195,0.3412836619192739,0.21733421950752094,0.10823909531502424,0.3333333333333333,0.6316301380524308,1.0,0.08108108108108109,0.7989690721649485,0.08454614897436631,0.533210422339445,0.0,0.0,1.0,0.8906940699690487,0.0,0.17391304347826086,0.07687444584843167,0.04225352112676057,0.30924428879084803,0,1,0,0,0,0,0,1,0,0,0,1,0,1,0,0,0,0,0,0,0,1,0,0,0,0,0,0,0,0,0,0,0,0,0,0,0,0,0,0,0,0,0,0,1,0,0,0,0,0,0,0
0.0196078431372549,0.20512086364703122,0.3257354313079175,0.33476589099242,0.11147011308562198,0.0,0.47246059695456794,0.1101993427396344,0.1891891891891892,0.11855670103092783,0.07001910069185906,0.41063788712688504,0.0,0.0,0.4181671860533217,0.7342236364204194,0.0,0.21739130434782608,0.17348221880239345,0.0,0.5523706191045827,0,0,0,0,0,0,1,0,1,0,0,0,0,1,0,0,0,0,0,0,0,1,0,0,0,0,0,0,0,0,0,0,0,0,0,0,0,0,0,0,1,0,0,0,0,0,0,0,0,0,0,0
0.0196078431372549,0.22061018540248767,0.6763480315940053,0.5321163389045419,0.1890145395799677,0.0,0.5548918464864748,0.20760769033984697,0.06756756756756757,0.8917525773195877,0.09452420470270914,0.21801151718725909,0.0,0.0,0.647488691282177,0.4364163927630983,0.0,0.2608695652173913,0.27015657188933523,0.0,0.44839356135940844,0,1,0,1,0,0,0,0,0,1,0,0,0,0,1,0,0,0,0,0,0,1,0,0,0,0,0,0,0,0,0,0,0,1,0,0,0,0,0,0,0,0,0,0,0,0,0,0,0,0,0,0
0.29411764705882354,0.1356536024407416,0.07851856458735003,0.14475492254810418,0.3861066235864297,0.0,1.0,1.0,0.10810810810810811,0.24742268041237114,0.06397601400847387,0.04512041896160374,0.0,0.0,0.5670824883358154,0.3767538503884034,0.0,0.30434782608695654,0.008921097625731973,0.0,0.22054637902379515,0,0,0,0,0,0,1,0,0,0,0,1,1,0,0,0,0,0,0,0,0,1,0,0,0,0,0,0,0,0,0,0,1,0,0,0,0,0,0,0,0,0,0,0,0,0,0,0,0,0,0,0
0.0,0.00751466791832903,0.015548230611356443,0.0004118263479157909,0.011308562197092083,0.0,1.0,0.18596139087313307,0.13513513513513514,0.10309278350515463,0.49299047391877693,0.11186729471493127,0.0,0.0,0.4657769724371016,0.8222539592616988,0.0,0.34782608695652173,0.020680813613322257,0.0,0.380846771473405,1,0,0,0,0,1,0,0,1,0,0,0,1,0,0,0,0,0,0,0,0,1,0,0,0,0,0,0,0,0,0,0,0,0,0,0,0,0,0,0,0,0,0,1,0,0,0,0,0,0,0,0
0.0196078431372549,0.02112649612766956,0.048976926425772796,0.029769744219140547,0.045234248788368334,1.0,0.37305805750827786,0.14857232815789997,0.13513513513513514,0.7422680412371134,0.38597478381548717,0.07662333058455614,0.0,0.0,0.5813693999021606,0.8045003703647623,0.0,0.391304347826087,0.024076400395301616,0.28125,0.44839356135940844,0,1,0,0,0,0,0,1,1,0,0,0,1,0,0,0,0,0,0,0,0,1,0,0,0,0,0,0,0,0,0,0,1,0,0,0,0,0,0,0,0,0,0,0,0,0,0,0,0,0,0,0
0.13725490196078433,0.04506453884064774,0.08162821070962133,0.06769038813613919,0.03231017770597738,0.0,0.40096242457980125,0.05903536218194701,0.12162162162162163,0.17525773195876287,0.3338823008149539,0.2447426315428507,0.3333333333333333,0.5,0.7604180905282135,0.16306772180240844,0.0,0.43478260869565216,0.009695091671624327,0.0,0.13914927256856027,0,1,0,0,0,0,0,1,0,0,1,0,0,1,0,0,0,0,0,0,0,1,0,0,0,0,0,0,1,0,0,0,0,0,0,0,0,0,0,0,0,0,0,0,0,0,0,0,0,0,0,0
0.0,0.15771415160760385,0.023322345917034665,0.1349689499243626,0.07592891760904685,0.0,0.5696891060085378,0.5342700277466204,0.05405405405405406,0.36597938144329895,0.07381566161160365,0.4445793012972185,0.0,0.0,0.6133905951381858,0.6262173397679692,0.0,0.4782608695652174,0.15250947691369743,0.0,0.24169749890484477,0,0,0,0,1,0,0,0,0,0,0,1,0,1,0,0,0,0,0,0,0,1,0,0,0,0,1,0,0,0,0,0,0,0,0,0,0,0,0,0,0,0,0,0,0,0,0,0,0,0,0,0
0.0,0.061492607369162164,0.5193109024193052,0.3115242060110337,0.06623586429725363,0.0,0.5696891060085378,0.0472282897455576,0.06756756756756757,0.35051546391752575,0.1664089749265709,0.16499915796617182,0.3333333333333333,0.0,0.5057742972428081,0.7675540035443837,0.0,0.5217391304347826,0.3254846623957048,0.0,0.44839356135940844,0,1,0,1,0,0,0,0,0,0,1,0,1,0,0,0,0,0,0,0,0,1,0,0,0,0,0,0,0,0,0,0,0,0,1,0,0,0,0,0,0,0,0,0,0,0,0,0,0,0,0,0
0.0196078431372549,0.2370382539310021,0.9989738167796514,0.7156033255996967,0.05331179321486268,0.6666666666666666,0.5040568261067538,0.22630222169746353,0.04054054054054054,0.5051546391752577,0.235908564494709,0.10215472710247152,0.3333333333333333,0.0,0.5817105100617781,0.4826916351820368,0.0,0.5652173913043478,0.3600397514123183,0.16216216216216217,0.3705496443958529,0,0,0,0,0,1,0,0,0,0,1,0,0,0,1,0,0,0,0,0,0,1,0,0,0,0,0,0,0,0,0,1,0,0,0,0,0,0,0,0,0,0,0,0,0,0,0,0,0,0,0,0
0.0196078431372549,0.2896080732222483,0.139934075502208,0.31070870829238856,0.1567043618739903,0.3333333333333333,0.6315871279831495,0.10134403841234235,0.02702702702702703,0.4742268041237113,0.07706865084934816,0.28008205380937556,0.0,0.0,0.8786980483845185,0.7994215092274516,0.0,0.6086956521739131,0.1616975352649357,0.029702970297029705,0.5149134949631412,0,0,0,0,0,0,0,1,1,0,0,0,0,0,1,0,0,0,0,0,0,1,0,0,0,0,0,0,0,1,0,0,0,0,0,0,0,0,0,0,0,0,0,0,0,0,0,0,0,0,0,0
0.0,0.2544050692325745,0.07929597611791786,0.24832313281603596,0.022617124394184167,0.3333333333333333,0.9827417409752968,0.13282956490938075,0.0945945945945946,0.1958762886597938,0.21720270578545778,0.26274436080660396,0.0,0.0,0.3825152741550471,0.6622886838402455,0.0,0.6521739130434783,0.2635651387243165,0.16666666666666666,0.24169749890484477,0,0,0,1,0,0,0,0,0,0,0,1,1,0,0,0,0,0,0,0,0,1,0,0,0,0,0,0,0,0,0,0,0,0,0,0,0,0,0,0,0,0,0,0,0,0,0,1,0,0,0,0
0.0784313725490196,0.25581318939216147,0.015548230611356443,0.21611097292955325,0.024232633279483037,0.6666666666666666,0.5816025934931497,0.03246944920007085,0.1891891891891892,0.23195876288659795,0.21419548985941111,0.14467661211870705,0.3333333333333333,0.0,0.07672677657598488,0.8604205980368884,0.0,0.6956521739130435,0.04536872692230161,0.3157894736842105,0.5726656610764669,1,0,0,0,0,0,0,1,0,1,0,0,0,1,0,0,0,0,0,0,0,1,0,0,0,0,0,0,0,0,0,0,0,0,1,0,0,0,0,0,0,0,0,0,0,0,0,0,0,0,0,0
0.0784313725490196,0.015963388875850738,0.46333727221842197,0.24261464878552005,0.024232633279483037,0.3333333333333333,0.5696891060085378,0.46441151583131646,0.02702702702702703,0.19072164948453607,0.17796701474802099,0.5298987631029308,0.0,0.0,0.2378872309836424,0.7756553388072076,0.0,0.7391304347826086,0.05056197729474063,0.15789473684210525,0.24169749890484477,0,0,0,0,0,0,0,1,0,0,1,0,0,0,1,0,0,0,0,0,0,1,0,0,0,0,0,0,0,0,0,0,0,0,0,0,0,1,0,0,0,0,0,0,0,0,0,0,0,0,0,0
0.058823529411764705,0.11218493311429241,0.0878475029541639,0.12926046589384668,0.046849757673667204,1.0,0.6876878610584236,0.12200641517602381,0.12162162162162163,0.05154639175257732,0.2141358929798276,0.49913268893670965,0.0,0.5,0.253713648106225,0.6216647831856288,0.0,0.782608695652174,0.035761213733289415,0.27272727272727276,0.7388624972332932,0,0,0,0,0,0,0,1,0,0,1,0,0,0,1,0,0,0,0,0,0,1,0,0,0,0,0,0,0,0,0,0,0,0,0,0,1,0,0,0,0,0,0,0,0,0,0,0,0,0,0,0
0.0,0.029575217085191268,0.05675104173145101,0.0411867122801724,0.01938610662358643,0.0,0.46615203098605035,0.04427652163646025,0.1891891891891892,0.6494845360824743,0.03055053963995766,0.22152872811166965,0.0,0.5,0.28368312772834825,0.8858358672772754,0.0,0.8260869565217391,0.06062889340131473,0.0,0.13914927256856027,0,0,0,0,0,0,1,0,0,0,1,0,1,0,0,0,0,0,0,0,0,1,0,0,0,0,0,0,0,0,0,0,0,0,0,0,0,0,0,0,0,0,0,0,1,0,0,0,0,0,0,0
0.0392156862745098,0.005167800985684112,0.139934075502208,0.06361289954291353,0.061389337641357025,0.3333333333333333,0.7953428574291191,0.4339099120373105,0.013513513513513514,0.4690721649484536,0.3264297239034266,0.2494114753921703,0.0,0.5,0.2909971171058976,0.10090264491306435,0.0,0.8695652173913043,0.02667302558152113,0.07142857142857142,0.26083101421026195,0,1,0,1,0,0,0,0,0,0,1,0,0,0,1,0,0,0,0,0,0,1,0,0,0,0,0,0,0,0,0,0,0,0,0,0,1,0,0,0,0,0,0,0,0,0,0,0,0,0,0,0
0.0,0.044595165454118756,0.03964798805895893,0.04526420087339806,0.05654281098546042,0.3333333333333333,0.4139005751374905,0.098392270303245,0.08108108108108109,0.10824742268041238,0.45171070565143456,0.20335874890509975,0.0,0.0,0.4661846797082685,0.5981572186414756,0.0,0.9130434782608695,0.06462370138011397,0.07692307692307693,0.5199960440419653,0,1,0,0,0,0,1,0,0,0,1,0,0,0,1,0,0,0,0,0,0,1,0,0,0,0,0,0,0,0,0,0,0,0,0,0,1,0,0,0,0,0,0,0,0,0,0,0,0,0,0,0
0.0196078431372549,0.2928936869279512,0.09562161825984213,0.2903212653262603,0.030694668820678513,0.6666666666666666,0.8514379052259519,0.20957553574591187,0.36486486486486486,0.32989690721649484,0.2350276790953406,0.2306787928491965,0.3333333333333333,0.0,0.523853170953054,0.6762349798474357,0.0,0.9565217391304348,0.15171051531793756,0.2608695652173913,0.7438606798618409,0,0,0,0,0,0,0,1,0,0,1,0,1,0,0,0,0,0,0,0,0,1,0,0,0,0,0,0,0,0,0,0,0,0,0,0,0,0,0,0,0,0,0,0,0,0,0,0,1,0,0,0
0.3333333333333333,0.10936869279511852,0.012438584489085153,0.08726233338362237,0.13731825525040386,0.0,0.4663051757015021,0.31583918767341645,0.16216216216216217,0.6701030927835051,0.07912450797087463,0.22820611727351353,0.0,0.0,0.5215665388003055,0.8250726266371416,0.5,1.0,0.0046571949428052765,0.0,0.5043452672833115,0,0,0,0,0,1,0,0,0,1,0,0,0,1,0,0,0,0,0,0,0,1,0,0,0,0,0,0,0,0,0,0,0,0,0,0,0,0,0,0,1,0,0,0,0,0,0,0,0,0,0,0
0.0392156862745098,0.6345975123210514,0.27753591641271247,0.6825756679945688,0.061389337641357025,0.3333333333333333,0.48818288445592567,0.23515752602475556,0.013513513513513514,0.28350515463917525,0.3720495502169232,0.07586726006272444,0.3333333333333333,0.0,0.31581404695723647,0.6516967994035582,0.0,0.0,0.228810309308763,0.07142857142857142,0.5436409843838745,0,0,0,0,1,0,0,0,0,0,1,0,0,1,0,0,0,0,0,1,0,0,0,0,0,0,0,0,0,1,0,0,0,0,0,0,0,0,0,0,0,0,0,0,0,0,0,0,0,0,0,0
0.0,0.07839004928420558,0.07152186081223963,0.09133982197684802,0.16155088852988692,0.0,0.36618448146714494,0.00295176810909735,0.17567567567567569,0.4020618556701031,0.012212410420184366,0.20687812279206044,0.0,0.0,0.6826934600467024,0.7146655688456017,0.0,0.043478260869565216,0.10976503154054547,0.0,0.44839356135940844,0,0,0,0,1,0,0,0,0,0,0,1,0,0,1,0,0,0,0,1,0,0,0,0,0,0,0,0,1,0,0,0,0,0,0,0,0,0,0,0,0,0,0,0,0,0,0,0,0,0,0,0
0.0392156862745098,1.0,0.30085826232974716,1.0,0.05492730210016155,0.3333333333333333,0.3990017531454921,0.28041797036424826,0.05405405405405406,0.7474226804123711,0.20612234849037583,0.36619013591164995,0.3333333333333333,0.0,0.584930562508285,0.4409255699166033,0.0,0.08695652173913043,0.33247291315328426,0.07894736842105263,0.26083101421026195,0,1,0,0,0,0,0,1,1,0,0,0,0,0,1,0,0,0,0,1,0,0,0,0,0,0,0,0,0,0,0,0,0,0,0,0,1,0,0,0,0,0,0,0,0,0,0,0,0,0,0,0
0.0,0.07839004928420558,0.06374774550656141,0.08726233338362237,0.0630048465266559,0.0,0.4984147061065109,0.1436527146427377,0.17567567567567569,0.6701030927835051,0.07516888864463685,0.08473147677304198,0.0,0.0,0.8076852611347638,0.5981572186414756,0.0,0.13043478260869565,0.10577022356174623,0.0,0.44839356135940844,0,0,0,0,0,0,0,1,0,0,1,0,0,0,1,0,0,0,0,1,0,0,0,0,0,0,0,0,0,1,0,0,0,0,0,0,0,0,0,0,0,0,0,0,0,0,0,0,0,0,0,0
0.0,0.06524759446139404,0.06841221468996835,0.0782918584785259,0.03877221324717286,0.0,0.09784464435185519,0.11708680166086156,0.05405405405405406,0.7010309278350515,0.04343630496173809,0.03635224796149439,0.0,0.0,0.651384464930842,0.5405510015668041,0.0,0.17391304347826086,0.09698164600838788,0.0,0.24169749890484477,0,0,0,0,0,0,1,0,0,1,0,0,1,0,0,0,0,0,0,1,0,0,0,0,0,0,0,0,0,0,1,0,0,0,0,0,0,0,0,0,0,0,0,0,0,0,0,0,0,0,0,0
0.0,0.010800281624031917,0.017103053672492086,0.004081566081818886,0.06462035541195477,0.3333333333333333,0.5370676393484302,0.14266879193970525,0.0945945945945946,0.38144329896907214,0.1920940090575039,0.2395212653850803,0.3333333333333333,0.0,0.3968311619955583,0.23650341101427655,0.0,0.21739130434782608,0.024276140794241577,0.06818181818181819,0.22054637902379515,0,0,0,0,0,0,0,1,0,0,0,1,0,1,0,0,0,0,0,1,0,0,0,1,0,0,0,0,0,0,0,0,0,0,0,0,0,0,0,0,0,0,0,0,0,0,0,0,0,0,0,0
0.0196078431372549,0.22999765313306736,0.19202064805025207,0.28624377673303464,0.12116316639741519,0.0,0.4821867721268058,0.0236141448727788,0.06756756756756757,0.4845360824742268,0.5064660161194594,0.03108879968891593,0.3333333333333333,0.0,0.7489947991939503,0.8631259083872395,0.0,0.2608695652173913,0.14971311132853793,0.0,0.5149134949631412,0,0,0,0,0,1,0,0,0,1,0,0,0,1,0,0,0,0,0,1,0,0,0,0,0,0,0,0,0,0,0,0,0,0,0,0,0,0,0,0,0,0,1,0,0,0,0,0,0,0,0,0
0.11764705882352941,0.033799577563952125,0.027209403569873773,0.02936199535981798,0.045234248788368334,0.0,0.7415592928273086,0.18596139087313307,0.10810810810810811,0.845360824742268,0.23411799245461082,0.304787402307581,0.0,0.0,0.5294213653851546,0.8559403460763938,0.0,0.30434782608695654,0.005900024091765042,0.0,0.24169749890484477,0,0,0,0,0,0,0,1,0,0,0,1,1,0,0,0,0,0,0,1,0,0,0,0,0,0,0,0,0,0,0,0,0,0,0,0,0,0,0,0,0,0,0,0,0,1,0,0,0,0,0,0
0.0784313725490196,0.027697723539075333,0.04508986877293368,0.03343948395304364,0.10177705977382875,0.0,0.6682167156167828,0.03640514001220065,0.06756756756756757,0.8762886597938144,0.16063793415085653,0.22406704741281977,0.3333333333333333,0.0,0.6410042916615046,0.6681494167245591,0.0,0.34782608695652173,0.00957524743226035,0.0,0.5043452672833115,1,0,0,0,1,0,0,0,0,0,0,1,1,0,0,0,0,0,0,1,0,0,0,0,0,0,0,0,0,0,0,0,0,0,0,0,0,0,0,0,0,0,0,0,0,0,1,0,0,0,0,0
0.0784313725490196,0.2788124853320817,0.0808507991790535,0.2703415712194545,0.030694668820678513,0.3333333333333333,0.44228867431974667,0.12200641517602381,0.08108108108108109,0.05154639175257732,0.05824345993695261,0.2261458406695928,0.0,0.0,0.624503043285105,0.2388942590410325,0.0,0.391304347826087,0.055994916145907604,0.13043478260869565,0.22054637902379515,0,1,0,0,1,0,0,0,0,0,1,0,0,0,1,0,0,0,0,1,0,0,0,0,0,0,0,0,0,0,0,0,0,0,0,0,1,0,0,0,0,0,0,0,0,0,0,0,0,0,0,0
0.0,0.24267073456934993,0.09251197213757083,0.24506114194145542,0.1260096930533118,0.3333333333333333,0.49206291761838217,0.18005785465493837,0.02702702702702703,0.8402061855670103,0.5518355074213721,0.21458088577720796,0.0,0.0,0.4447529078207018,0.5237158834378919,0.0,0.43478260869565216,0.2603692923412771,0.03658536585365854,0.4988449241609157,0,0,0,0,0,1,0,0,0,1,0,0,0,1,0,0,0,0,0,1,0,0,1,0,0,0,0,0,0,0,0,0,0,0,0,0,0,0,0,0,0,0,0,0,0,0,0,0,0,0,0,0
0.0196078431372549,0.23563013377141515,0.007774115305678221,0.19450028338545725,0.03877221324717286,0.3333333333333333,0.5368107223000652,0.3778263179644608,0.14864864864864866,0.8969072164948454,0.029435782646440724,0.007950088819110518,0.0,0.0,0.4931807180210347,0.5912381820375028,0.0,0.4782608695652174,0.10477152156704642,0.10714285714285714,0.3596956515923554,0,0,0,0,1,0,0,0,0,0,1,0,0,0,1,0,0,0,0,1,0,0,0,0,0,1,0,0,0,0,0,0,0,0,0,0,0,0,0,0,0,0,0,0,0,0,0,0,0,0,0,0
0.058823529411764705,0.0403708049753579,0.061415510914857946,0.05301142920052681,0.13570274636510501,0.0,0.8806279881133277,0.0708424346183364,0.12162162162162163,0.9432989690721649,0.55728564931626,0.22485253839295108,0.0,0.0,0.4432517516396816,0.24464572322157147,0.0,0.5217391304347826,0.017085486432402933,0.0,0.697826691982443,0,0,0,0,0,1,0,0,0,0,1,0,0,0,1,0,0,0,0,1,0,0,0,0,0,0,0,0,0,0,0,0,0,0,0,0,0,0,0,0,0,0,0,0,0,1,0,0,0,0,0,0
0.0196078431372549,0.05961511382304623,0.19979476335593027,0.14230842939216878,0.06785137318255251,0.3333333333333333,0.41937506144136816,0.5047523466556468,0.013513513513513514,0.26804123711340205,0.1405870409287448,0.08035124803858751,0.0,0.5,0.28971204251908944,0.5525301806929389,0.0,0.5652173913043478,0.07920475050273124,0.06521739130434782,0.5043452672833115,0,0,0,1,0,0,0,0,0,0,0,1,0,0,1,0,0,0,0,1,0,0,0,0,0,0,0,0,0,0,0,0,0,0,0,0,0,0,0,0,0,0,0,0,0,0,0,0,1,0,0,0
0.0196078431372549,0.05867636704998827,0.05130916101747626,0.06361289954291353,0.2358642972536349,0.3333333333333333,0.43986612482229726,0.3424051006552926,0.22972972972972974,0.5,0.32037103377491555,0.25760168720629656,0.0,0.0,0.0148471892962763,0.5981572186414756,0.0,0.6086956521739131,0.0406548535073185,0.020000000000000004,0.6665357204440179,0,0,0,0,1,0,0,0,0,0,0,1,0,1,0,0,0,0,0,1,0,0,0,0,0,1,0,0,0,0,0,0,0,0,0,0,0,0,0,0,0,0,0,0,0,0,0,0,0,0,0,0
0.058823529411764705,0.15818352499413282,0.061415510914857946,0.15535639289049089,0.0210016155088853,0.0,0.35817215237957767,0.1062636519275046,0.08108108108108109,0.041237113402061855,0.15887547061171353,0.2421772378973974,0.3333333333333333,0.0,0.3235748225000846,0.9133508388225275,0.0,0.6521739130434783,0.04215290649936821,0.0,0.30924428879084803,0,0,0,1,0,0,0,0,1,0,0,0,0,0,1,0,0,0,0,1,0,0,0,0,0,0,0,0,0,0,0,0,0,0,0,0,0,0,0,0,0,0,0,0,0,0,0,0,0,1,0,0
0.0196078431372549,0.37831964327622625,0.09717644132097776,0.36534705544161244,0.014539579967689823,0.0,0.2875422332278537,0.0511639805576874,0.12162162162162163,0.10824742268041238,0.207453884302694,0.1792714171569077,0.0,0.0,0.5135858055301126,0.7875885763231485,0.0,0.6956521739130435,0.18846274872289065,0.0,0.4554381426000973,0,1,0,0,0,0,1,0,0,0,1,0,0,1,0,0,0,0,0,1,0,0,0,0,0,0,0,0,0,0,0,0,0,0,0,0,1,0,0,0,0,0,0,0,0,0,0,0,0,0,0,0
0.0392156862745098,0.0981037315184229,0.06918962622053616,0.1072420274904281,0.03715670436187399,0.0,0.645041356265238,0.0314855264970384,0.1891891891891892,0.5618556701030928,0.3698870079416311,0.17311142174034777,0.3333333333333333,0.5,0.7022026233527482,0.13163292454296366,0.0,0.7391304347826086,0.040921174039238443,0.0,0.2782985451371206,0,0,0,0,0,0,0,1,0,0,1,0,0,0,1,0,0,0,0,1,0,0,0,0,0,0,0,1,0,0,0,0,0,0,0,0,0,0,0,0,0,0,0,0,0,0,0,0,0,0,0,0
0.19607843137254902,0.6050269889697254,0.02254493438646684,0.5231458639994455,0.01615508885298869,0.0,0.624239306704952,0.1987523860125549,0.13513513513513514,0.20618556701030927,0.2942711725681578,0.3163498116082894,0.0,0.0,0.6405811407027645,1.0,0.0,0.782608695652174,0.047264444890422704,0.0,0.3705496443958529,0,1,0,0,0,0,1,0,0,0,1,0,0,0,1,0,0,0,0,1,0,0,0,0,0,0,0,0,0,0,0,1,0,0,0,0,0,0,0,0,0,0,0,0,0,0,0,0,0,0,0,0
0.0196078431372549,0.18071344754752405,0.0769637415262144,0.1830833153244254,0.01615508885298869,0.0,0.8400241996869868,0.07772989353956355,0.25675675675675674,0.22164948453608246,0.22944495595731063,0.4846848782667053,0.0,0.0,0.41170881299428236,0.7312748651554113,0.0,0.8260869565217391,0.09917879039672746,0.0,0.39998028677882225,0,0,0,0,0,0,1,0,1,0,0,0,0,0,1,0,0,0,0,1,0,0,0,0,0,0,0,0,0,0,0,0,0,0,0,0,0,0,0,0,0,0,0,1,0,0,0,0,0,0,0,0
0.13725490196078433,0.047411405773292656,0.25032651284283874,0.15821063490574885,0.11147011308562198,0.0,0.7917953837790987,0.41619930338272637,0.08108108108108109,0.29381443298969073,0.0561394941290757,0.34332627056925247,0.3333333333333333,0.0,0.3264748536096279,0.49664865617900245,0.0,0.8695652173913043,0.020780683812792237,0.0,0.32309460536007956,0,0,0,0,0,0,0,1,0,0,0,1,1,0,0,0,0,0,0,1,0,0,0,0,0,0,0,0,0,1,0,0,0,0,0,0,0,0,0,0,0,0,0,0,0,0,0,0,0,0,0,0
0.0784313725490196,0.16710161933818352,0.02176752285589902,0.14230842939216878,0.06462035541195477,0.0,1.0,0.0826495070547258,0.22972972972972974,0.4587628865979381,0.6575747590670652,0.29087764441881725,0.0,0.0,0.43293176726372734,0.5981572186414756,0.0,0.9130434782608695,0.03090752203904833,0.0,0.44839356135940844,0,0,0,0,0,0,1,0,0,0,1,0,0,1,0,0,0,0,0,1,0,0,0,0,0,0,0,0,0,0,0,0,0,0,0,0,0,1,0,0,0,0,0,0,0,0,0,0,0,0,0,0
0.0,0.4487256512555738,0.05130916101747626,0.4024522016399659,0.0420032310177706,0.0,0.5689319681824817,0.0649388984001417,0.10810810810810811,0.14948453608247422,0.3194363905396054,0.04609480013948955,0.0,0.0,0.26373945385691205,0.4558367097414519,0.0,0.9565217391304348,0.414568880322928,0.0,0.19690143868188575,0,0,0,0,0,1,0,0,0,1,0,0,0,1,0,0,0,0,0,1,0,0,0,0,0,0,0,0,0,0,0,0,0,0,0,0,0,0,0,0,0,0,0,0,1,0,0,0,0,0,0,0
0.0,0.6209856841117108,0.013993407550220797,0.5325240877638645,0.045234248788368334,0.0,0.5316328998392026,0.19186492709132777,0.14864864864864866,0.8041237113402062,0.6357683022818034,0.1774045710827277,0.6666666666666666,0.0,0.02110842340393236,0.17811048826772205,0.0,1.0,0.542003254846624,0.0,0.05775216611332546,0,0,0,0,0,0,0,1,1,0,0,0,1,0,0,0,0,0,0,1,0,0,0,0,0,0,0,0,0,0,0,0,0,0,0,0,0,0,0,0,0,0,0,0,0,0,0,0,0,1,0,0
0.0,0.2506500821403426,0.2355556937620501,0.3270186626652912,0.03715670436187399,0.3333333333333333,0.32387340711556156,0.08166558435169335,0.13513513513513514,0.6701030927835051,0.04744230144004939,0.3624051626725352,0.0,0.5,0.1424225386084976,0.3323394533295495,0.0,0.0,0.3406649327151419,0.1111111111111111,0.26083101421026195,0,0,0,0,1,0,0,0,0,0,0,1,0,1,0,1,0,0,0,0,0,0,0,0,0,0,0,0,0,0,0,0,0,0,0,0,0,0,0,0,0,0,0,1,0,0,0,0,0,0,0,0
0.0,0.06524759446139404,0.07229927234280746,0.08033060277513875,0.2633279483037157,0.0,0.7228888701378868,0.15841155518822447,0.2702702702702703,0.7938144329896907,0.1007322530883695,0.09625580347495417,0.0,0.0,0.7637308184886615,0.3867971414280354,0.0,0.043478260869565216,0.0989790499977875,0.0,0.5565970902742413,0,0,0,0,0,0,0,1,0,0,1,0,1,0,0,1,0,0,0,0,0,0,0,0,0,0,0,0,0,0,0,0,0,0,0,0,0,0,0,0,1,0,0,0,0,0,0,0,0,0,0,0
0.0392156862745098,0.048350152546350625,0.02876422663100942,0.04281770771746266,0.03231017770597738,0.0,0.6073800843075421,0.3532282503886496,0.17567567567567569,0.9278350515463918,0.05061416784826539,0.1637118036750827,0.0,0.5,0.866408903543177,0.6714561927902842,0.0,0.08695652173913043,0.019881852017562405,0.0,0.1700950162222878,1,0,0,0,0,1,0,0,0,0,0,1,0,0,1,1,0,0,0,0,0,0,0,0,0,0,0,0,0,0,0,0,0,0,1,0,0,0,0,0,0,0,0,0,0,0,0,0,0,0,0,0
0.0784313725490196,0.12485801455057498,0.08940232601529954,0.1410851828142011,0.017770597738287562,0.3333333333333333,0.7138343364226648,0.17415431843674367,0.06756756756756757,0.6030927835051546,0.3162424785031294,0.48554765955938745,0.0,0.0,0.6316337362386707,0.5981572186414756,0.0,0.13043478260869565,0.030667833560320375,0.2,0.19690143868188575,1,1,0,1,0,0,0,0,1,0,0,0,0,0,1,1,0,0,0,0,0,0,0,0,0,1,0,0,0,0,0,0,0,0,0,0,0,0,0,0,0,0,0,0,0,0,0,0,0,0,0,0
0.1568627450980392,0.43276695611358834,0.017880465203059907,0.3710555394721284,0.12924071082390953,0.0,0.35606596224648207,0.1751382411397761,0.05405405405405406,0.36082474226804123,0.6557179643650596,0.21680910592445626,0.0,0.0,0.4588323049077077,0.700109274106411,0.0,0.17391304347826086,0.04149820185839834,0.0,0.7656689196928912,0,0,0,0,0,1,0,0,0,0,0,1,0,0,1,1,0,0,0,0,0,0,0,0,0,0,0,0,0,0,0,0,0,0,0,0,0,0,0,0,0,0,0,0,0,0,0,0,1,0,0,0
0.058823529411764705,0.10608307908941562,0.02254493438646684,0.08970882653955776,0.05331179321486268,0.0,0.6539537536192287,0.18792923627919797,0.0945945945945946,0.979381443298969,0.393941700288867,0.5715292121124379,0.0,0.0,0.17480082680780906,0.7672000019669647,0.0,0.21739130434782608,0.026073804384701242,0.0,0.33605071125044605,0,0,0,0,0,0,0,1,0,1,0,0,1,0,0,1,0,0,0,0,0,0,0,0,0,0,0,0,0,0,0,0,0,0,0,0,0,0,0,0,1,0,0,0,0,0,0,0,0,0,0,0
0.0196078431372549,0.10842994602206055,0.012438584489085153,0.08644683566497723,0.36187399030694667,0.0,0.6246981668323011,0.02066237676368145,0.05405405405405406,0.5670103092783505,0.4474056637868773,0.6388926827359045,0.0,0.0,0.43691982119521916,0.6646394587378551,0.0,0.2608695652173913,0.051840315847956384,0.0,0.5043452672833115,0,0,0,0,0,0,1,0,0,1,0,0,0,0,1,1,0,0,0,0,0,0,0,0,0,0,0,0,0,0,0,0,0,0,0,0,0,0,1,0,0,0,0,0,0,0,0,0,0,0,0,0
0.0,0.06759446139403895,0.02176752285589902,0.05586567121578478,0.04038772213247173,0.0,0.6114766974377405,0.21941476277623637,0.04054054054054054,0.4639175257731959,0.1264308303027478,0.385271464110062,0.0,0.5,0.601396603823544,0.5205534360272749,0.0,0.30434782608695654,0.07501020212499201,0.0,0.5607364114683707,0,0,0,1,0,0,0,0,0,0,1,0,1,0,0,1,0,0,0,0,0,0,0,0,0,0,0,0,0,0,0,0,0,0,0,0,0,0,0,0,0,0,0,0,0,0,0,0,0,0,1,0
0.0392156862745098,0.04224829852147383,0.3754897692642581,0.21937296380413376,0.13408723747980614,0.3333333333333333,0.44715876272178745,0.1810417773579708,0.013513513513513514,0.4175257731958763,0.3228947609345938,0.08451937677044655,0.0,0.5,0.6477927015359498,0.4622921187701962,0.0,0.34782608695652173,0.07754024717823155,0.034482758620689655,0.5647921042649243,0,0,0,0,0,1,0,0,0,0,1,0,0,1,0,1,0,0,0,0,0,0,0,0,0,0,0,0,0,0,0,1,0,0,0,0,0,0,0,0,0,0,0,0,0,0,0,0,0,0,0,0
0.0392156862745098,0.052105139638582494,0.03342869581441635,0.048526191747978585,0.16478190630048464,0.0,0.5696891060085378,0.32863018281283835,0.02702702702702703,0.03608247422680412,0.19776083429071287,0.5093392839910685,0.0,0.0,0.6177750473037954,0.5068849595679642,0.0,0.391304347826087,0.021746095741002055,0.0,0.1700950162222878,1,0,0,0,1,0,0,0,0,1,0,0,0,1,0,1,0,0,0,0,0,0,0,0,0,0,0,0,0,0,0,0,1,0,0,0,0,0,0,0,0,0,0,0,0,0,0,0,0,0,0,0
0.0392156862745098,0.07463506219197372,0.1376018409105045,0.12273648414468562,0.04038772213247173,0.0,0.9934005624573996,0.2617234390066317,0.47297297297297297,0.9587628865979382,0.2436392301445843,0.06128291034656455,0.3333333333333333,0.0,0.7285844005884768,0.766857119914309,0.0,0.43478260869565216,0.04598126414571749,0.0,0.40890397658035194,0,0,0,1,0,0,0,0,0,0,1,0,0,1,0,1,0,0,0,0,0,0,0,0,0,0,0,0,1,0,0,0,0,0,0,0,0,0,0,0,0,0,0,0,0,0,0,0,0,0,0,0
0.3137254901960784,0.4548275052804506,0.02876422663100942,0.3959282198908049,0.03231017770597738,0.0,0.3618170219719684,0.13086171950331585,0.05405405405405406,0.8195876288659794,0.11792959986791166,0.29640038440724653,0.0,0.0,0.8846376424831095,0.6942856966377662,0.0,0.4782608695652174,0.022795711955039506,0.0,0.1700950162222878,1,0,0,0,0,0,0,1,0,0,0,1,0,1,0,1,0,0,0,0,0,0,0,0,0,0,0,0,0,0,0,0,0,0,0,0,0,0,0,0,0,0,1,0,0,0,0,0,0,0,0,0
0.13725490196078433,0.047411405773292656,0.19202064805025207,0.1276294704565564,0.12277867528271405,0.6666666666666666,0.7276579038675214,0.3660192455280714,0.44594594594594594,0.7010309278350515,0.09949672282872354,0.19944002387907636,0.0,0.0,0.3850235896521478,0.7453291936794944,0.0,0.5217391304347826,0.01703555133266794,0.07500000000000001,0.8846487367593986,0,0,0,0,0,0,0,1,0,0,1,0,1,0,0,1,0,0,0,0,0,0,0,0,0,0,0,0,0,0,0,0,0,0,0,0,0,0,0,0,0,0,0,0,0,0,1,0,0,0,0,0
0.09803921568627451,0.06759446139403895,0.02254493438646684,0.05627342007510734,0.10662358642972536,0.0,0.008621568724013913,0.12102249247299136,0.13513513513513514,0.22164948453608246,0.16697046258079987,0.19879248258465376,0.3333333333333333,0.0,1.0,0.987305547650026,0.5,0.5652173913043478,0.011492755262083989,0.0,0.1700950162222878,0,0,0,0,0,0,0,1,1,0,0,0,0,1,0,1,0,0,0,0,0,0,0,0,0,0,0,0,0,0,0,0,0,0,0,0,0,0,0,0,0,0,0,0,0,0,0,0,0,0,1,0
0.0,0.020657122741140576,0.0839604453013248,0.04771069402933345,0.01615508885298869,0.0,0.7173000649332417,0.1948166952004251,0.0945945945945946,0.9329896907216495,0.3176211499828569,0.313964342981672,0.3333333333333333,0.5,0.04139367096226006,0.5197991620086472,0.0,0.6086956521739131,0.06702058616739352,0.0,0.26083101421026195,0,0,0,0,1,0,0,0,0,0,1,0,0,1,0,1,0,0,0,0,0,0,0,0,0,0,0,0,0,0,0,0,0,0,0,0,0,0,0,0,0,0,0,0,1,0,0,0,0,0,0,0
0.0196078431372549,0.14691856371743722,0.08551526836246043,0.15821063490574885,0.022617124394184167,0.0,0.20998634823250376,0.11905464706692646,0.02702702702702703,0.17525773195876287,0.519427972711345,0.0860154164998484,0.0,0.0,0.30559322623529905,0.4042289875441217,0.0,0.6521739130434783,0.08699462606138976,0.0,0.26083101421026195,0,0,0,1,0,0,0,0,0,0,1,0,0,0,1,1,0,0,0,0,0,0,0,0,0,0,0,0,0,0,0,0,0,0,0,1,0,0,0,0,0,0,0,0,0,0,0,0,0,0,0,0
0.0392156862745098,0.3069748885238207,1.0,0.8301807550693378,0.0016155088852988692,0.3333333333333333,0.4787910897380342,0.23220575791565823,0.10810810810810811,0.2422680412371134,0.01574587508859468,0.41466441978191154,0.0,0.0,0.5137633953392275,0.7506156194943904,0.0,0.6956521739130435,0.2770143255862739,0.6000000000000001,0.19690143868188575,0,0,0,0,1,0,0,0,0,0,0,1,0,1,0,1,0,0,0,0,0,0,0,0,0,0,0,0,0,0,0,0,0,0,1,0,0,0,0,0,0,0,0,0,0,0,0,0,0,0,0,0
0.0,0.40976766017366817,0.1655886560109461,0.4285481286366102,0.10823909531502424,0.3333333333333333,0.32131595785092765,0.11118326544266686,0.43243243243243246,0.06701030927835051,0.1238056845592548,0.12633982103227961,0.0,0.0,0.5880308631168669,0.5391781783356417,0.0,0.7391304347826086,0.4401356513872432,0.04225352112676057,0.6872025217174725,0,0,0,0,0,0,0,1,0,0,1,0,0,1,0,1,0,0,0,0,0,0,0,0,0,0,0,0,0,0,0,0,0,0,0,0,0,0,0,0,0,0,0,0,0,1,0,0,0,0,0,0
0.058823529411764705,0.0807369162168505,0.03964798805895893,0.07666086304123565,0.051696284329563816,0.3333333333333333,0.5406087429554397,0.5844500856012753,0.33783783783783783,0.28865979381443296,0.5108334560997593,0.252770198213084,0.0,0.0,0.4325569542740831,0.4029228952249164,0.0,0.782608695652174,0.02287795800166184,0.08333333333333333,0.8796916956343207,0,0,0,1,0,0,0,0,0,0,0,1,0,0,1,1,0,0,0,0,0,0,0,0,0,0,0,0,0,0,1,0,0,0,0,0,0,0,0,0,0,0,0,0,0,0,0,0,0,0,0,0
0.058823529411764705,0.12485801455057498,0.1764724174388956,0.18675305505832848,0.05654281098546042,0.0,0.7513073735764012,0.769427553771376,0.12162162162162163,0.3247422680412371,0.08583274540430354,0.04939194521227127,0.0,0.0,0.36571470468194267,0.552690790145912,0.0,0.8260869565217391,0.049842911858556764,0.0,0.3596956515923554,0,0,0,0,0,0,0,1,0,0,1,0,0,0,1,1,0,0,0,0,0,0,0,0,0,0,0,0,0,0,0,0,0,0,0,0,0,0,0,0,0,0,0,0,0,0,0,1,0,0,0,0
0.0,0.05257451302511148,0.8932458486224276,0.4999041790180592,0.011308562197092083,0.0,0.2125523972908098,0.32371056929767605,0.04054054054054054,0.7989690721649485,0.43650231415739577,0.13722750625162936,0.0,0.0,0.9398837125796407,0.671922640870488,0.0,0.8695652173913043,0.51004479101623,0.0,0.22054637902379515,0,0,0,0,0,0,0,1,1,0,0,0,1,0,0,1,0,0,0,0,0,0,0,0,0,0,0,1,0,0,0,0,0,0,0,0,0,0,0,0,0,0,0,0,0,0,0,0,0,0,0,0
0.13725490196078433,0.11828678713916921,0.009328938366813866,0.09337856627346086,0.022617124394184167,0.3333333333333333,0.511859992686436,0.5401735639648151,0.04054054054054054,0.3247422680412371,0.4952556250891018,0.08651904403005663,0.3333333333333333,0.0,0.35555280324,0.7407779035521244,0.0,0.9130434782608695,0.012841002954928732,0.16666666666666666,0.05775216611332546,1,0,0,0,0,0,1,0,1,0,0,0,0,0,1,1,0,0,0,0,0,0,0,0,0,0,0,0,0,0,0,0,0,0,0,0,0,0,0,0,0,0,0,0,1,0,0,0,0,0,0,0
0.0392156862745098,0.09200187749354612,0.02876422663100942,0.0807383516344613,0.0420032310177706,0.0,0.4811087990451093,0.0275498356849086,0.04054054054054054,0.9587628865979382,0.14285014228523896,0.1258268860917528,0.0,0.0,0.2542987111137598,0.23664734146103514,0.0,0.9565217391304348,0.032265756751840076,0.0,0.39998028677882225,1,0,0,0,0,0,0,1,0,1,0,0,1,0,0,1,0,0,0,0,0,0,0,0,0,0,0,0,0,0,0,0,0,0,0,1,0,0,0,0,0,0,0,0,0,0,0,0,0,0,0,0
0.0,0.06806383478056793,0.06063809938429012,0.07666086304123565,0.035541195476575124,0.6666666666666666,0.8996299634199364,0.0334533719031033,0.28378378378378377,0.30412371134020616,0.5272108536739595,0.17827241366183888,0.0,0.0,0.830988852050344,0.6569336334950692,0.0,1.0,0.09538372281686817,0.23076923076923078,0.39064139524608293,0,1,0,0,0,0,1,0,0,1,0,0,0,1,0,1,0,0,0,0,0,0,0,0,0,0,0,0,0,0,0,0,0,0,0,1,0,0,0,0,0,0,0,0,0,0,0,0,0,0,0,0
0.0392156862745098,0.07463506219197372,0.048976926425772796,0.07625311418191308,0.07269789983844911,0.0,0.6699712505626271,0.11708680166086156,0.36486486486486486,0.5257731958762887,0.19303761869655794,0.13251711607104866,0.3333333333333333,0.0,0.6518933726070587,0.8169907085903919,0.0,0.0,0.03080099382628035,0.0,0.33605071125044605,0,0,1,0,0,0,0,1,0,0,1,0,0,1,0,0,0,1,0,0,0,0,0,0,0,0,0,0,0,0,0,0,0,0,0,0,0,0,0,0,1,0,0,0,0,0,0,0,0,0,0,0
0.058823529411764705,0.10796057263553156,0.054418807139747546,0.10805752520907323,0.10823909531502424,0.0,0.34845397336361433,0.1633311687033867,0.12162162162162163,0.5927835051546392,0.27307512614990664,0.23706633114212947,0.0,0.0,0.7041458499231075,0.46878733794246574,0.0,0.043478260869565216,0.030567963360850395,0.0,0.4873703745557706,0,0,1,0,0,0,1,0,1,0,0,0,0,0,1,0,0,1,0,0,0,0,0,0,1,0,0,0,0,0,0,0,0,0,0,0,0,0,0,0,0,0,0,0,0,0,0,0,0,0,0,0
0.11764705882352941,0.04412579206758977,0.015548230611356443,0.032216237375075944,0.43618739903069464,0.0,0.4895163982946546,0.1318456422063483,0.08108108108108109,0.8298969072164949,0.27892232568630426,0.021642176761385027,0.0,0.5,0.512884802221729,0.6222332370322928,0.0,0.08695652173913043,0.006299504889644967,0.0,0.5149134949631412,0,0,1,0,0,0,1,0,0,1,0,0,0,1,0,0,0,1,0,0,0,0,0,1,0,0,0,0,0,0,0,0,0,0,0,0,0,0,0,0,0,0,0,0,0,0,0,0,0,0,0,0
0.0196078431372549,0.04694203238676367,0.39570246905902146,0.23405192273974615,0.0630048465266559,0.0,0.5696891060085378,0.02263022216974635,0.33783783783783783,0.7525773195876289,0.3695073433644406,0.27211968359802746,0.0,0.0,0.1784168293787041,0.6374152318710118,0.0,0.13043478260869565,0.12414634026422276,0.0,0.5043452672833115,0,1,1,1,0,0,0,0,1,0,0,0,0,1,0,0,0,1,0,0,0,0,0,0,0,0,0,0,0,0,0,0,0,0,0,0,0,0,0,0,0,0,0,0,1,0,0,0,0,0,0,0
0.09803921568627451,0.4491950246421028,0.012438584489085153,0.3824725075331602,0.16962843295638125,0.3333333333333333,0.7264432228890197,0.4014404628372396,0.04054054054054054,0.8711340206185567,0.29748753376227394,0.11511206724002866,0.0,0.0,0.48921213396390023,0.4630116017080562,0.0,0.17391304347826086,0.06475686164607396,0.027522935779816515,0.39064139524608293,0,1,1,1,0,0,0,0,0,1,0,0,0,0,1,0,0,1,0,0,0,0,0,0,0,0,1,0,0,0,0,0,0,0,0,0,0,0,0,0,0,0,0,0,0,0,0,0,0,0,0,0
0.0392156862745098,1.0,0.06374774550656141,1.0,0.030694668820678513,0.0,0.40020590036184195,0.8510931381230693,0.10810810810810811,0.9381443298969072,0.3392816845793759,0.43146244887995244,0.0,0.0,0.14911612646640507,0.5981572186414756,0.0,0.21739130434782608,0.33247291315328426,0.0,0.26083101421026195,1,0,1,0,0,0,1,0,0,0,1,0,0,0,1,0,0,1,0,0,0,0,0,0,0,0,0,0,1,0,0,0,0,0,0,0,0,0,0,0,0,0,0,0,0,0,0,0,0,0,0,0
0.0,0.012208401783618868,0.26509733192362733,0.13537669878368516,0.011308562197092083,0.0,0.5303258364852685,0.44374913906763497,0.14864864864864866,0.1134020618556701,0.4350151487493765,0.15768999757003735,0.0,0.5,0.5227656553091617,0.5494135160736331,0.0,0.2608695652173913,0.15290895771157734,0.0,0.5647921042649243,0,0,1,1,0,0,0,0,1,0,0,0,0,1,0,0,0,1,0,0,0,0,0,0,0,0,0,0,0,0,0,0,0,0,0,0,0,1,0,0,0,0,0,0,0,0,0,0,0,0,0,0
0.0,0.011269655010560901,0.07774115305678221,0.036293725968301604,0.046849757673667204,0.3333333333333333,0.5367125852827364,0.3817620087765906,0.04054054054054054,0.09278350515463918,0.4369405964284975,0.2791444278080761,0.3333333333333333,0.0,0.6102407376251984,0.47372863559774814,0.0,0.30434782608695654,0.05583512382675564,0.09090909090909091,0.44839356135940844,0,0,1,0,0,0,0,1,0,0,1,0,0,1,0,0,0,1,0,0,0,0,0,0,0,0,0,0,0,0,0,0,0,0,0,0,0,1,0,0,0,0,0,0,0,0,0,0,0,0,0,0
0.13725490196078433,0.017840882421966672,0.024099757447602486,0.013867538705560472,0.012924071082390954,0.3333333333333333,0.4761904253588732,0.1908810043882953,0.05405405405405406,0.4484536082474227,0.5258317237158505,0.08089184083702014,0.0,0.0,0.7000396218624504,0.3903266688485097,0.0,0.34782608695652173,0.003103658506605569,0.25,0.6047114072932805,0,0,1,0,1,0,0,0,0,0,1,0,0,1,0,0,0,1,0,0,0,0,0,0,0,0,0,0,0,0,0,0,0,0,0,0,0,0,0,0,0,0,0,0,0,0,0,1,0,0,0,0
0.13725490196078433,0.05586012673081436,0.013993407550220797,0.04159446113949496,0.06623586429725363,0.3333333333333333,0.24194717084614645,0.06985851191530396,0.05405405405405406,0.14948453608247422,0.1982013614896128,0.33759857102031343,0.3333333333333333,0.5,0.4515475054577015,0.8427412328905677,0.0,0.391304347826087,0.006499245288584929,0.06666666666666668,0.5875428339279688,0,0,1,0,0,0,0,1,0,0,0,1,0,1,0,0,0,1,0,0,0,0,0,0,0,0,0,0,0,0,0,0,0,0,0,0,0,0,0,0,0,0,0,0,0,0,0,0,0,0,0,1
0.058823529411764705,0.18024407416099505,0.061415510914857946,0.1745205892786515,0.030694668820678513,0.6666666666666666,0.4482866248582556,0.1672668595155165,0.3108108108108108,0.4948453608247423,0.12897306775722578,0.14229886493628724,0.0,0.0,0.6303886603980691,0.5981572186414756,0.0,0.43478260869565216,0.046846805874457324,0.2608695652173913,0.19690143868188575,0,0,1,0,0,0,0,1,0,0,1,0,1,0,0,0,0,1,0,0,0,0,0,0,0,0,0,0,0,1,0,0,0,0,0,0,0,0,0,0,0,0,0,0,0,0,0,0,0,0,0,0
0.17647058823529413,0.1272048814832199,0.031873872753280706,0.11295051152094403,0.008077544426494346,0.3333333333333333,0.8612932770230479,0.8205915343290634,0.44594594594594594,0.5927835051546392,0.08361388840451515,0.21340301401032274,0.0,0.5,0.2788814392185017,0.6856004299161984,0.0,0.4782608695652174,0.011932184139751906,0.3333333333333333,0.19690143868188575,0,0,1,0,0,0,1,0,0,0,0,1,0,1,0,0,0,1,0,0,0,0,0,0,1,0,0,0,0,0,0,0,0,0,0,0,0,0,0,0,0,0,0,0,0,0,0,0,0,0,0,0
0.11764705882352941,0.0779206758976766,0.1018409105043847,0.10683427863110553,0.2827140549273021,0.0,0.5075307811039664,0.11413503355176421,0.10810810810810811,0.27319587628865977,0.27656487941788743,0.278269025166545,0.0,0.0,0.6768911056140686,0.6564544948186326,0.5,0.5217391304347826,0.016743074319934426,0.0,0.30924428879084803,0,0,1,0,0,0,0,1,1,0,0,0,1,0,0,0,0,1,0,0,0,0,1,0,0,0,0,0,0,0,0,0,0,0,0,0,0,0,0,0,0,0,0,0,0,0,0,0,0,0,0,0
0.0784313725490196,0.11828678713916921,0.013215996019652976,0.09541731057007369,0.04038772213247173,0.3333333333333333,0.5630608783747834,0.10331188381840725,0.08108108108108109,0.0979381443298969,0.16031156747269823,0.48652796748560206,0.0,0.0,0.6147464629621291,0.3782240315113542,0.0,0.5652173913043478,0.02171946368781006,0.10344827586206896,0.26083101421026195,0,0,1,1,0,0,0,0,0,0,1,0,1,0,0,0,0,1,0,0,0,0,0,0,0,0,0,0,0,0,0,0,0,0,0,0,0,0,0,0,1,0,0,0,0,0,0,0,0,0,0,0
0.0,0.026289603379488383,0.2036818210087694,0.11539700467687942,0.012924071082390954,0.6666666666666666,0.6117745609604478,0.38766554499478534,0.05405405405405406,0.9690721649484536,0.24061260113663366,0.14566779323643764,0.0,0.0,0.30092341177646353,0.46841658216948684,0.0,0.6086956521739131,0.13333439861546104,0.5,0.5802420306161505,0,0,1,0,0,1,0,0,0,0,1,0,0,1,0,0,0,1,0,0,0,0,0,0,0,0,0,0,0,0,0,0,0,0,0,0,1,0,0,0,0,0,0,0,0,0,0,0,0,0,0,0
0.23529411764705882,0.04694203238676367,0.09173456060700301,0.07462211874462281,0.14054927302100162,0.0,0.5696891060085378,0.40832792175846677,0.10810810810810811,0.3711340206185567,0.28601302002934337,0.10616102877331926,0.0,0.0,0.5840595951066407,0.17705095526028305,0.0,0.6521739130434783,0.005992211968198871,0.0,0.5096989169644132,0,0,1,0,0,0,0,1,1,0,0,0,0,1,0,0,0,1,0,0,0,0,0,0,0,0,0,0,0,1,0,0,0,0,0,0,0,0,0,0,0,0,0,0,0,0,0,0,0,0,0,0
